{
 "type": "FeatureCollection",
 "crs": {
  "type": "name",
  "properties": {
   "name": "EPSG:5186"
  }
 },
 "wg_crs_wkt": "PROJCRS[\"KGD2002 / Central Belt 2010\",BASEGEOGCRS[\"KGD2002\",DATUM[\"Korean Geodetic Datum 2002\",ELLIPSOID[\"GRS 1980\",6378137,298.257222101,LENGTHUNIT[\"metre\",1]]],PRIMEM[\"Greenwich\",0,ANGLEUNIT[\"degree\",0.0174532925199433]],ID[\"EPSG\",4737]],CONVERSION[\"Korea Central Belt 2010\",METHOD[\"Transverse Mercator\",ID[\"EPSG\",9807]],PARAMETER[\"Latitude of natural origin\",38,ANGLEUNIT[\"degree\",0.0174532925199433],ID[\"EPSG\",8801]],PARAMETER[\"Longitude of natural origin\",127,ANGLEUNIT[\"degree\",0.0174532925199433],ID[\"EPSG\",8802]],PARAMETER[\"Scale factor at natural origin\",1,SCALEUNIT[\"unity\",1],ID[\"EPSG\",8805]],PARAMETER[\"False easting\",200000,LENGTHUNIT[\"metre\",1],ID[\"EPSG\",8806]],PARAMETER[\"False northing\",600000,LENGTHUNIT[\"metre\",1],ID[\"EPSG\",8807]]],CS[Cartesian,2],AXIS[\"northing (X)\",north,ORDER[1],LENGTHUNIT[\"metre\",1]],AXIS[\"easting (Y)\",east,ORDER[2],LENGTHUNIT[\"metre\",1]],USAGE[SCOPE[\"Cadastre, topographic mapping.\"],AREA[\"Republic of Korea (South Korea) - onshore between 126°E and 128°E.\"],BBOX[33.14,126,38.33,128]],ID[\"EPSG\",5186]]",
 "wg_layer_name": "roads",
 "wg_feature_kind": "road segment",
 "features": [
  {
   "type": "Feature",
   "geometry": {
    "type": "LineString",
    "coordinates": [
     [
      177777.92116688858,
      271625.74752849265
     ],
     [
      177790.06614278082,
      271648.36122404283
     ],
     [
      177894.8116094004,
      271835.3436973866
     ],
     [
      177915.69536598682,
      271879.86965316004
     ],
     [
      177964.05598612112,
      271982.7735478401
     ],
     [
      177976.15907944314,
      272003.5459548085
     ],
     [
      177983.67466322947,
      272013.7899458488
     ],
     [
      177992.2135590172,
      272024.63055813196
     ],
     [
      178003.32350436205,
      272034.68836941256
     ],
     [
      178022.5464408328,
      272049.27524256066
     ],
     [
      178046.85439990278,
      272068.9088648551
     ],
     [
      178132.45961084883,
      272127.713084488
     ],
     [
      178146.25090590864,
      272137.44289641856
     ],
     [
      178153.24197778237,
      272145.9575853494
     ],
     [
      178159.12171600515,
      272155.2182597712
     ],
     [
      178167.71155674622,
      272168.42198688304
     ],
     [
      178195.9671850399,
      272221.3736311319
     ],
     [
      178206.30417578886,
      272240.32002618536
     ],
     [
      178212.61163157222,
      272249.1692248252
     ],
     [
      178222.18981806363,
      272259.87443482294
     ],
     [
      178229.28368295258,
      272265.6597538196
     ],
     [
      178238.00781412105,
      272270.2430031063
     ],
     [
      178249.3045761068,
      272274.7202653214
     ],
     [
      178262.86497901066,
      272279.60262282286
     ],
     [
      178302.10437668144,
      272290.3480806033
     ],
     [
      178335.33912760273,
      272300.6087548162
     ],
     [
      178353.2543545529,
      272306.71234395384
     ],
     [
      178364.15052262836,
      272311.59009337984
     ],
     [
      178380.52198830893,
      272320.7705093112
     ],
     [
      178426.6104617762,
      272349.7169778371
     ],
     [
      178453.28465009388,
      272367.5599021071
     ],
     [
      178655.9572138654,
      272492.1033982045
     ],
     [
      178873.771340275,
      272621.57535918406
     ],
     [
      179011.10882029374,
      272702.11244518554
     ],
     [
      179019.91644466767,
      272707.65035311173
     ],
     [
      179040.35973562975,
      272718.66421044234
     ],
     [
      179057.68356009078,
      272726.0352857774
     ],
     [
      179064.90661497164,
      272728.8809829706
     ],
     [
      179072.32143147616,
      272731.8039046344
     ],
     [
      179102.3447414656,
      272739.15696811676
     ],
     [
      179124.43400878197,
      272743.94336645765
     ],
     [
      179274.53967915906,
      272768.31828951824
     ],
     [
      179294.60907738536,
      272771.5786947437
     ],
     [
      179483.3758463152,
      272799.0754227781
     ],
     [
      179495.3676647104,
      272800.82347698795
     ],
     [
      179536.83462509618,
      272805.7891243583
     ],
     [
      179554.74609666227,
      272806.9692376166
     ],
     [
      179574.8435817875,
      272806.56909857824
     ],
     [
      179594.7003845163,
      272804.61635046336
     ],
     [
      179642.8220747825,
      272795.0563028402
     ],
     [
      179698.8502487446,
      272779.8651888628
     ],
     [
      179776.33917239076,
      272761.797681582
     ],
     [
      179827.77584915812,
      272741.1702995564
     ],
     [
      179853.36172989986,
      272730.74052211794
     ],
     [
      179865.90325132723,
      272725.2765965005
     ],
     [
      179872.4538050337,
      272733.5495002214
     ],
     [
      179875.0194172097,
      272738.56951446726
     ]
    ]
   },
   "properties": {
    "osm_id": "57722923",
    "osm_type": "way",
    "osm_version": "17",
    "osm_timestamp": "2026-02-16T08:28:03Z",
    "highway": "tertiary",
    "lanes": "2",
    "surface": "asphalt"
   }
  },
  {
   "type": "Feature",
   "geometry": {
    "type": "LineString",
    "coordinates": [
     [
      175424.6861151804,
      271102.6768264271
     ],
     [
      175377.1299873779,
      271120.678115228
     ],
     [
      175364.21273446296,
      271128.76747340476
     ],
     [
      175355.00400127305,
      271138.2557826641
     ],
     [
      175348.0336927457,
      271148.7809010514
     ],
     [
      175345.51555315967,
      271155.64396308933
     ],
     [
      175341.95893849025,
      271166.52595547074
     ],
     [
      175341.46462918658,
      271176.05725293304
     ],
     [
      175342.99437190493,
      271184.97288635024
     ],
     [
      175346.0018154793,
      271193.6959172142
     ],
     [
      175350.0974135006,
      271203.2702607339
     ],
     [
      175353.45179233555,
      271208.6973632904
     ],
     [
      175358.47848987818,
      271215.0407643795
     ],
     [
      175364.61482871737,
      271220.06095072156
     ],
     [
      175374.5231920242,
      271226.3689672303
     ],
     [
      175383.90306432042,
      271229.58312770777
     ],
     [
      175393.27963236056,
      271231.5769394046
     ],
     [
      175405.45254745844,
      271231.7326569609
     ],
     [
      175416.3981643428,
      271230.19428393093
     ],
     [
      175427.4715853253,
      271225.29402207007
     ],
     [
      175439.12161162143,
      271217.65193943563
     ],
     [
      175448.64065239587,
      271208.18506606255
     ],
     [
      175454.90196369367,
      271195.2655778731
     ],
     [
      175459.1103943528,
      271182.4181918531
     ],
     [
      175461.36484362365,
      271169.0990204966
     ],
     [
      175472.05265869625,
      271139.57062626566
     ]
    ]
   },
   "properties": {
    "osm_id": "130622793",
    "osm_type": "way",
    "osm_version": "8",
    "osm_timestamp": "2026-08-30T01:27:43Z",
    "highway": "secondary_link",
    "oneway": "yes",
    "review": "no"
   }
  },
  {
   "type": "Feature",
   "geometry": {
    "type": "LineString",
    "coordinates": [
     [
      175461.31899004732,
      270999.6900177472
     ],
     [
      175470.8553541432,
      270976.2332849015
     ],
     [
      175489.3431651782,
      270932.3168724823
     ]
    ]
   },
   "properties": {
    "osm_id": "130622821",
    "osm_type": "way",
    "osm_version": "6",
    "osm_timestamp": "2026-08-30T01:27:43Z",
    "highway": "secondary_link",
    "oneway": "yes",
    "review": "no"
   }
  },
  {
   "type": "Feature",
   "geometry": {
    "type": "LineString",
    "coordinates": [
     [
      175501.7023820507,
      270859.1059993439
     ],
     [
      175501.7978480661,
      270925.12757523725
     ],
     [
      175498.07545636405,
      270962.6805061246
     ]
    ]
   },
   "properties": {
    "osm_id": "130622824",
    "osm_type": "way",
    "osm_version": "7",
    "osm_timestamp": "2026-08-30T01:27:43Z",
    "highway": "secondary_link",
    "oneway": "yes",
    "review": "no",
    "surface": "asphalt"
   }
  },
  {
   "type": "Feature",
   "geometry": {
    "type": "LineString",
    "coordinates": [
     [
      176616.56345383218,
      273381.90371204796
     ],
     [
      176597.0021720566,
      273412.91811333754
     ],
     [
      176587.28125804482,
      273435.6641902854
     ],
     [
      176584.86042930785,
      273445.0007030963
     ],
     [
      176586.94401458726,
      273471.23329909355
     ],
     [
      176601.53923289303,
      273520.56527759106
     ],
     [
      176603.02566059495,
      273527.4510000146
     ],
     [
      176632.7591458033,
      273642.4000426806
     ],
     [
      176662.3445730065,
      273756.81705078686
     ],
     [
      176665.2653331674,
      273768.1257232059
     ],
     [
      176682.33823974288,
      273834.21494735917
     ],
     [
      176709.47006479552,
      273881.49583750486
     ],
     [
      176716.1774079379,
      273893.1942292904
     ],
     [
      176723.7655997759,
      273903.3371733982
     ],
     [
      176732.40632824754,
      273914.85312277096
     ],
     [
      176741.44548322586,
      273925.2253510043
     ],
     [
      176742.95464597864,
      273926.79688087624
     ],
     [
      176753.2538068301,
      273937.6318598241
     ],
     [
      176776.4529296311,
      273959.7278904854
     ],
     [
      176803.94970670188,
      273985.906811431
     ],
     [
      176844.59051179106,
      274019.0084664619
     ],
     [
      176854.42570222024,
      274026.83819053037
     ],
     [
      176936.54165091304,
      274098.72028750327
     ],
     [
      177032.31966530555,
      274177.3694160195
     ],
     [
      177133.27839553883,
      274267.389258879
     ]
    ]
   },
   "properties": {
    "osm_id": "130732108",
    "osm_type": "way",
    "osm_version": "9",
    "osm_timestamp": "2026-04-20T09:01:41Z",
    "highway": "tertiary",
    "name": "학산길",
    "surface": "asphalt"
   }
  },
  {
   "type": "Feature",
   "geometry": {
    "type": "LineString",
    "coordinates": [
     [
      174802.63582714618,
      271302.73088117427
     ],
     [
      174887.06049478333,
      271373.13478833553
     ],
     [
      174971.99510472544,
      271443.6379213533
     ],
     [
      175069.88283089208,
      271519.9308540885
     ],
     [
      175188.31354003286,
      271614.9846913517
     ],
     [
      175199.90936514013,
      271624.5496324004
     ],
     [
      175221.97116234904,
      271640.9312574992
     ],
     [
      175265.4264703486,
      271666.2522362847
     ],
     [
      175302.75222768055,
      271685.6768067624
     ],
     [
      175334.72192775554,
      271701.7655718654
     ],
     [
      175382.05809849294,
      271725.0574374202
     ],
     [
      175406.94498760442,
      271740.3779159627
     ],
     [
      175426.9979939884,
      271756.46591653756
     ],
     [
      175441.88034845053,
      271770.23811236804
     ],
     [
      175464.29093331288,
      271794.4519263464
     ],
     [
      175478.4862061155,
      271814.01723568357
     ],
     [
      175485.73265881024,
      271824.85899956425
     ],
     [
      175491.03565336845,
      271835.7060007079
     ],
     [
      175539.11379794547,
      271928.4134531405
     ],
     [
      175653.95956107957,
      272157.23535352666
     ],
     [
      175775.20972963126,
      272391.4889717726
     ],
     [
      175782.13374462622,
      272404.8946073876
     ],
     [
      175788.46736987552,
      272415.87217481795
     ]
    ]
   },
   "properties": {
    "osm_id": "256804279",
    "osm_type": "way",
    "osm_version": "10",
    "osm_timestamp": "2025-09-26T15:22:32Z",
    "highway": "residential",
    "name": "청동길",
    "name:en": "Cheongdong-gil",
    "name:ko": "청동길",
    "review": "no"
   }
  },
  {
   "type": "Feature",
   "geometry": {
    "type": "LineString",
    "coordinates": [
     [
      173635.3711813465,
      267682.01402745023
     ],
     [
      173695.03707221686,
      267730.4343142373
     ],
     [
      173739.97801467715,
      267769.2121467845
     ],
     [
      173785.68160484935,
      267809.86292804655
     ],
     [
      173843.19538461976,
      267862.7835223306
     ],
     [
      173908.71376879938,
      267918.85450901376
     ],
     [
      173949.40735298675,
      267950.91134089296
     ],
     [
      173987.8391645017,
      267980.56736346293
     ],
     [
      174001.1542362025,
      267992.3890899507
     ],
     [
      174012.19273710635,
      268002.9303970909
     ],
     [
      174027.0042714929,
      268020.99393512966
     ],
     [
      174046.6984412347,
      268048.3960138578
     ],
     [
      174087.95938073724,
      268110.2287054124
     ],
     [
      174113.0279583334,
      268133.8658094135
     ],
     [
      174139.54263288132,
      268152.48429643974
     ],
     [
      174386.51089605677,
      268293.47116391215
     ],
     [
      174401.28158981507,
      268303.9247940413
     ],
     [
      174481.6373538461,
      268347.79896739766
     ],
     [
      174514.16519829846,
      268362.9403125127
     ],
     [
      174541.06696936116,
      268373.626518709
     ],
     [
      174563.02197719773,
      268381.2202285208
     ],
     [
      174586.46929567866,
      268387.1678871698
     ],
     [
      174613.2740529369,
      268392.5737323171
     ],
     [
      174640.56793261075,
      268396.6358959253
     ],
     [
      174661.68771790538,
      268399.3396200371
     ],
     [
      174683.3085211481,
      268401.6869867314
     ],
     [
      174704.13296598988,
      268403.2267373951
     ],
     [
      174727.89411482148,
      268403.90413882106
     ],
     [
      174749.7989193413,
      268403.3441930466
     ],
     [
      174778.7612276916,
      268400.14653607865
     ],
     [
      174809.3066964102,
      268395.11405167036
     ],
     [
      174835.8846666703,
      268391.168760298
     ],
     [
      174966.62165184255,
      268371.78220752865
     ],
     [
      175140.0906657674,
      268347.44381883804
     ],
     [
      175159.91962938523,
      268345.4149926674
     ],
     [
      175182.80022226914,
      268344.4762268685
     ],
     [
      175221.08001572822,
      268343.8173759948
     ],
     [
      175263.8169845789,
      268347.5731758845
     ],
     [
      175281.51340442643,
      268350.13230720995
     ],
     [
      175300.28078260188,
      268353.80908512254
     ],
     [
      175321.0419616901,
      268358.9560320343
     ],
     [
      175341.47626355206,
      268364.7473740387
     ],
     [
      175369.04990332387,
      268374.4800968364
     ],
     [
      175384.44621426426,
      268380.4737513131
     ],
     [
      175400.82263016686,
      268387.7517139425
     ],
     [
      175424.44799121827,
      268399.0151653877
     ],
     [
      175440.95679050978,
      268408.0235382594
     ],
     [
      175456.16941350105,
      268417.02433679317
     ],
     [
      175476.86152815534,
      268430.5146624763
     ],
     [
      175498.2085550247,
      268446.5771291188
     ],
     [
      175525.36839884362,
      268468.9255418408
     ],
     [
      175541.38068627735,
      268483.47143545107
     ],
     [
      175556.4154195437,
      268497.69824675994
     ],
     [
      175575.84074200338,
      268518.8471925779
     ],
     [
      175586.6850641649,
      268532.78574006236
     ],
     [
      175596.2406924987,
      268546.0953812612
     ],
     [
      175614.09163105144,
      268572.473993274
     ],
     [
      175632.2657000056,
      268603.6777546582
     ],
     [
      175645.90187126125,
      268630.92195250967
     ],
     [
      175653.8533310091,
      268648.5626803356
     ],
     [
      175660.51783917155,
      268666.2179462229
     ],
     [
      175671.5763444991,
      268698.9606985132
     ],
     [
      175682.31906714296,
      268736.53028659016
     ],
     [
      175694.72498448988,
      268788.58448475105
     ],
     [
      175698.29723066796,
      268803.58541837614
     ],
     [
      175704.0952665156,
      268831.815807004
     ],
     [
      175707.94150193594,
      268846.89367414074
     ],
     [
      175711.54819082443,
      268867.9852412784
     ],
     [
      175720.44886247526,
      268920.00444760395
     ],
     [
      175723.93008097835,
      268941.983892331
     ],
     [
      175729.68575136573,
      268978.3575630792
     ],
     [
      175729.96187089395,
      268986.0783964379
     ],
     [
      175735.36133328447,
      269022.3753619383
     ],
     [
      175741.2811051844,
      269062.14343463286
     ],
     [
      175747.82444427346,
      269123.6101281555
     ],
     [
      175753.7697647521,
      269183.31444288534
     ],
     [
      175759.4104646478,
      269255.47837663564
     ],
     [
      175764.78100407173,
      269349.63177053875
     ],
     [
      175765.42662085747,
      269386.48503217445
     ],
     [
      175766.90845503853,
      269432.34457440465
     ],
     [
      175766.78814766355,
      269500.352435748
     ],
     [
      175765.4495882857,
      269563.2602042849
     ],
     [
      175764.3486359389,
      269598.831193886
     ],
     [
      175762.97147629774,
      269636.92130788823
     ],
     [
      175759.03565639065,
      269694.35545566626
     ],
     [
      175755.37543417295,
      269738.73097980383
     ],
     [
      175752.1249618753,
      269772.4549660814
     ],
     [
      175738.49439858014,
      269876.7991260393
     ],
     [
      175717.44578124964,
      269978.13437104394
     ],
     [
      175708.78500197484,
      270032.84089499497
     ],
     [
      175695.41060745018,
      270085.77383639925
     ],
     [
      175681.84896398327,
      270140.29377726134
     ],
     [
      175668.12357888703,
      270198.36433456454
     ],
     [
      175654.40040549566,
      270250.3663694464
     ],
     [
      175638.25874144165,
      270312.48174218484
     ],
     [
      175616.2308921321,
      270391.50942142133
     ],
     [
      175568.23666183904,
      270584.52238294994
     ],
     [
      175548.3025317226,
      270657.7645550881
     ],
     [
      175522.16465409164,
      270758.5926362941
     ],
     [
      175501.7023820507,
      270859.1059993439
     ],
     [
      175489.3431651782,
      270932.3168724823
     ],
     [
      175480.42710354007,
      270999.79387135134
     ],
     [
      175474.75107633363,
      271070.8566960738
     ],
     [
      175472.05265869625,
      271139.57062626566
     ]
    ]
   },
   "properties": {
    "osm_id": "257710420",
    "osm_type": "way",
    "osm_version": "16",
    "osm_timestamp": "2026-09-09T08:48:05Z",
    "highway": "tertiary",
    "lanes": "4",
    "name": "영산강변로",
    "name:en": "Yeongsangangbyeon-ro",
    "name:ko": "영산강변로",
    "oneway": "no",
    "review": "no",
    "surface": "asphalt"
   }
  },
  {
   "type": "Feature",
   "geometry": {
    "type": "LineString",
    "coordinates": [
     [
      176893.7190646789,
      271818.80268235126
     ],
     [
      176923.1987558191,
      271879.7573502636
     ],
     [
      176927.4544545223,
      271902.87806429935
     ],
     [
      176929.64399816177,
      271917.1840915828
     ],
     [
      176932.385350629,
      271929.61379407713
     ],
     [
      176961.26569972775,
      271966.695292513
     ],
     [
      176979.66530891406,
      271986.9179360935
     ],
     [
      176994.19103389757,
      271997.85342732904
     ],
     [
      177018.07797341418,
      272001.56514035125
     ],
     [
      177066.1196571074,
      272010.28610608715
     ],
     [
      177088.4048783852,
      272015.65508075105
     ],
     [
      177098.36714221875,
      272018.8251572905
     ],
     [
      177106.94910768385,
      272046.3727722654
     ],
     [
      177122.5295110854,
      272077.71922722855
     ],
     [
      177145.32368304694,
      272089.6437605233
     ],
     [
      177182.5493268404,
      272096.92805658904
     ],
     [
      177230.83637543154,
      272120.11616873165
     ],
     [
      177261.2817059809,
      272141.5850977679
     ],
     [
      177300.8310294835,
      272180.76002810727
     ],
     [
      177353.16894297078,
      272222.5437369562
     ],
     [
      177392.14494673046,
      272247.9192470593
     ],
     [
      177417.2197436073,
      272256.35520138475
     ],
     [
      177489.46868701238,
      272273.9492395027
     ],
     [
      177517.4145939582,
      272284.98551736824
     ],
     [
      177526.28850299527,
      272287.2712084754
     ],
     [
      177532.39314361993,
      272287.6222496623
     ],
     [
      177537.23589732498,
      272286.83370136237
     ],
     [
      177545.45025160056,
      272284.3505131174
     ],
     [
      177552.1789417706,
      272278.7757013265
     ],
     [
      177555.3293347055,
      272276.1718798936
     ],
     [
      177564.72288392254,
      272267.1845743475
     ],
     [
      177598.37855113865,
      272225.6535946414
     ],
     [
      177619.61202107486,
      272189.5228885431
     ],
     [
      177638.66765594418,
      272132.1632048976
     ],
     [
      177662.0598971933,
      272109.28492169955
     ],
     [
      177696.07540257458,
      272050.34657473105
     ],
     [
      177703.14272573363,
      272041.36511716637
     ],
     [
      177730.31155205204,
      272006.8288157034
     ],
     [
      177745.59805327514,
      271982.2509797013
     ],
     [
      177759.27491047885,
      271956.07953267853
     ],
     [
      177775.810440587,
      271945.9877735386
     ],
     [
      177848.45837540732,
      271916.8547658192
     ],
     [
      177875.41213345734,
      271868.52929902106
     ],
     [
      177894.8116094004,
      271835.3436973866
     ],
     [
      177903.1435193559,
      271832.2170862654
     ],
     [
      177918.46435709426,
      271829.00696435454
     ],
     [
      178094.42475630436,
      271814.059553908
     ],
     [
      178283.8434450014,
      271798.9170249677
     ],
     [
      178297.59683153196,
      271796.43240631535
     ],
     [
      178328.85681505853,
      271788.9470012916
     ],
     [
      178388.0503330864,
      271771.7100929475
     ],
     [
      178473.6584467333,
      271746.6118391897
     ],
     [
      178496.50201551113,
      271741.2326299625
     ],
     [
      178507.5941018386,
      271739.95279211365
     ],
     [
      178520.77862064762,
      271739.9327732677
     ],
     [
      178530.910372419,
      271741.5508228248
     ],
     [
      178540.6625904321,
      271744.7340642368
     ],
     [
      178548.59032586118,
      271748.07693362824
     ],
     [
      178552.17292169953,
      271750.57578899217
     ],
     [
      178560.64448780095,
      271756.2582697932
     ],
     [
      178570.83697962452,
      271764.31087259715
     ],
     [
      178626.66494431935,
      271828.99212417926
     ],
     [
      178669.7011729331,
      271886.33711097843
     ],
     [
      178677.85508988754,
      271920.09993845306
     ],
     [
      178679.43691078672,
      271933.22070731915
     ],
     [
      178681.14903530324,
      271947.43950029893
     ],
     [
      178687.0582380887,
      272055.20611452195
     ],
     [
      178694.4259993795,
      272096.21533778927
     ],
     [
      178721.4632561074,
      272120.96989959525
     ],
     [
      178738.90519078006,
      272131.4353862212
     ],
     [
      178759.50887955585,
      272132.28592359106
     ],
     [
      178779.325242033,
      272124.16310923704
     ],
     [
      178812.4258022798,
      272112.0265825842
     ],
     [
      178846.28073086802,
      272078.9647052875
     ],
     [
      178889.8383756309,
      272047.5002109534
     ],
     [
      178966.67450308125,
      272033.1328490829
     ],
     [
      179036.32672432496,
      271997.4041004619
     ],
     [
      179079.0562146149,
      271950.5325489987
     ],
     [
      179161.53888756252,
      271843.4505269647
     ],
     [
      179175.60610377765,
      271822.5279178252
     ],
     [
      179284.4892607855,
      271676.0576909578
     ],
     [
      179314.23697572676,
      271636.96059437987
     ],
     [
      179326.3658532444,
      271626.0496184123
     ],
     [
      179344.5081194438,
      271595.19979922654
     ],
     [
      179358.71840588335,
      271568.6080164784
     ],
     [
      179375.34635019558,
      271529.75167124067
     ],
     [
      179384.62054656557,
      271507.2205036768
     ],
     [
      179385.3907959189,
      271492.7740902073
     ],
     [
      179383.23260027647,
      271474.52899110166
     ],
     [
      179377.4581735569,
      271463.05955380754
     ],
     [
      179318.61758775642,
      271400.34427367983
     ],
     [
      179305.90679871108,
      271384.18669146043
     ],
     [
      179299.62811137232,
      271363.69885332545
     ],
     [
      179299.4286059419,
      271344.1734891479
     ],
     [
      179307.69930041797,
      271321.7332844667
     ],
     [
      179326.96013881572,
      271292.99990110466
     ],
     [
      179366.33548093794,
      271229.5515481894
     ],
     [
      179398.4288985149,
      271177.8242384078
     ],
     [
      179401.68422561212,
      271172.802291258
     ],
     [
      179418.1882329984,
      271147.33704528824
     ],
     [
      179426.42981744336,
      271136.03561073967
     ],
     [
      179437.10554718284,
      271123.7523969286
     ],
     [
      179445.70033076842,
      271115.29030062276
     ],
     [
      179455.3041339489,
      271105.1174280464
     ],
     [
      179463.05883980988,
      271096.37988859846
     ],
     [
      179467.69395715615,
      271088.13753405394
     ],
     [
      179470.79432859854,
      271079.11095279705
     ],
     [
      179472.1931017405,
      271068.1467216839
     ],
     [
      179472.3324453364,
      271061.1459621042
     ],
     [
      179470.99995451397,
      271052.93925161683
     ],
     [
      179468.97126712455,
      271043.5359364373
     ],
     [
      179463.99109896063,
      271032.30873252434
     ],
     [
      179458.91590780037,
      271027.5052920934
     ],
     [
      179453.3596680407,
      271023.84564319346
     ],
     [
      179435.98202595185,
      271018.17134886846
     ]
    ]
   },
   "properties": {
    "osm_id": "325118718",
    "osm_type": "way",
    "osm_version": "12",
    "osm_timestamp": "2026-03-09T14:43:51Z",
    "highway": "residential",
    "lanes": "2",
    "name": "촌곡길",
    "name:en": "Chongok-gil",
    "surface": "asphalt"
   }
  },
  {
   "type": "Feature",
   "geometry": {
    "type": "LineString",
    "coordinates": [
     [
      176161.32567042706,
      271085.98560101935
     ],
     [
      176203.70487657556,
      271087.11731983826
     ],
     [
      176227.2745343053,
      271087.08904530294
     ],
     [
      176248.9266933587,
      271086.57768603065
     ],
     [
      176252.95056406938,
      271086.4895328254
     ],
     [
      176296.1645352178,
      271082.305365481
     ],
     [
      176335.6732046763,
      271077.8869578344
     ],
     [
      176435.79252396786,
      271063.91487182246
     ],
     [
      176506.82975054567,
      271056.5977467439
     ],
     [
      176528.1872789899,
      271055.03385991184
     ],
     [
      176601.30352542092,
      271050.6409925325
     ],
     [
      176659.13457430646,
      271049.4497317851
     ],
     [
      176725.0721923424,
      271049.65817835793
     ],
     [
      176776.78964737387,
      271048.5165743244
     ],
     [
      176934.6577414592,
      271047.2833040442
     ],
     [
      177105.15351751618,
      271045.53286994185
     ],
     [
      177152.93098189414,
      271045.1688101713
     ],
     [
      177311.75741714743,
      271044.00623869896
     ],
     [
      177330.75888491847,
      271048.984604866
     ],
     [
      177311.79650672432,
      271052.37118849397
     ],
     [
      177305.41929958414,
      271052.8308473831
     ],
     [
      176934.46894228877,
      271055.6044551571
     ],
     [
      176760.34204555152,
      271057.52267101273
     ],
     [
      176726.6170905505,
      271057.8861507164
     ],
     [
      176696.76155273145,
      271058.4173609985
     ],
     [
      176600.2420042808,
      271060.1181956424
     ],
     [
      176528.6355645746,
      271062.56568978
     ],
     [
      176465.09387402586,
      271067.8663089642
     ],
     [
      176326.6576622027,
      271088.3833488813
     ],
     [
      176294.11138064504,
      271092.80585820944
     ],
     [
      176258.2028674572,
      271095.58420753514
     ],
     [
      176232.14422649014,
      271096.4176829792
     ],
     [
      176202.45333977247,
      271097.0499333967
     ],
     [
      176161.77622683052,
      271097.7554087751
     ]
    ]
   },
   "properties": {
    "osm_id": "361715479",
    "osm_type": "way",
    "osm_version": "29",
    "osm_timestamp": "2026-08-30T01:27:43Z",
    "highway": "secondary",
    "lanes": "3",
    "maxspeed": "70",
    "name": "영산로",
    "name:en": "Yeongsan-ro",
    "name:ko": "영산로",
    "oneway": "yes",
    "surface": "asphalt"
   }
  },
  {
   "type": "Feature",
   "geometry": {
    "type": "LineString",
    "coordinates": [
     [
      179713.03241385322,
      273162.59586900746
     ],
     [
      179585.50523783788,
      273195.5203082831
     ],
     [
      179502.3204725061,
      273214.40109266894
     ],
     [
      179238.04710791353,
      273260.3534581626
     ],
     [
      178833.1744353416,
      273324.6454370184
     ],
     [
      178708.35188884387,
      273337.6395511745
     ],
     [
      178515.66469949437,
      273357.69597684214
     ],
     [
      178428.5808318925,
      273361.92920728226
     ],
     [
      178315.54322576104,
      273366.20289210347
     ],
     [
      178124.97074900242,
      273358.3937863708
     ],
     [
      178090.37691710278,
      273354.29447573674
     ],
     [
      178065.84749374056,
      273362.4412817965
     ],
     [
      178055.1242497642,
      273375.857905295
     ],
     [
      178050.72476579054,
      273386.21945953334
     ],
     [
      178049.68151619437,
      273403.77309395507
     ],
     [
      178051.8650275771,
      273424.01485070825
     ],
     [
      178065.74534936924,
      273448.74377027556
     ],
     [
      178090.10385415234,
      273472.00522226514
     ],
     [
      178128.78003050396,
      273508.55652128276
     ],
     [
      178154.6828333994,
      273533.0348028069
     ],
     [
      178176.0139216503,
      273553.1973600032
     ],
     [
      178345.1505460735,
      273713.02767665323
     ],
     [
      178689.53162186831,
      274034.74695259205
     ],
     [
      178745.03201359525,
      274074.8005443642
     ],
     [
      178794.58021972646,
      274101.30006006855
     ],
     [
      178853.97038047074,
      274115.91719474236
     ]
    ]
   },
   "properties": {
    "osm_id": "365634058",
    "osm_type": "way",
    "osm_version": "6",
    "osm_timestamp": "2025-03-05T02:52:45Z",
    "highway": "tertiary",
    "surface": "asphalt"
   }
  },
  {
   "type": "Feature",
   "geometry": {
    "type": "LineString",
    "coordinates": [
     [
      178567.0759095605,
      274649.2910739005
     ],
     [
      178572.32460298415,
      274654.82584560034
     ],
     [
      178574.79349337314,
      274657.42718462483
     ],
     [
      178578.40361192435,
      274664.3526040192
     ],
     [
      178581.15209279628,
      274669.4827811496
     ],
     [
      178582.1004360329,
      274677.1134096993
     ],
     [
      178582.26105752902,
      274683.348014452
     ],
     [
      178581.02436834612,
      274696.58639767324
     ],
     [
      178582.78005863866,
      274725.57160735497
     ],
     [
      178583.43271931124,
      274739.3380678504
     ],
     [
      178583.22715849086,
      274791.49274867633
     ],
     [
      178583.14065415505,
      274812.86053129897
     ],
     [
      178581.3715745064,
      274840.1566213331
     ],
     [
      178578.6218232805,
      274861.5750547547
     ],
     [
      178576.07970188084,
      274878.20027213724
     ],
     [
      178572.3897225958,
      274895.41619168996
     ],
     [
      178570.3296226515,
      274903.69737781247
     ],
     [
      178562.91118325767,
      274925.6482508591
     ],
     [
      178557.2604608698,
      274939.09674445185
     ],
     [
      178548.98294575175,
      274956.4344351234
     ],
     [
      178540.85562408695,
      274971.6971490925
     ],
     [
      178527.39958134777,
      274993.80652733496
     ],
     [
      178491.9947109659,
      275049.01767283975
     ],
     [
      178429.3275845199,
      275150.2350155936
     ],
     [
      178419.71419063353,
      275173.2895580083
     ],
     [
      178413.70014593584,
      275194.9044047595
     ],
     [
      178400.98648316454,
      275237.4589896465
     ],
     [
      178384.7425539766,
      275275.89491118194
     ],
     [
      178372.49228439224,
      275290.7570988288
     ],
     [
      178360.93716403082,
      275302.60000314075
     ],
     [
      178332.815670064,
      275320.73955690913
     ],
     [
      178269.72133515083,
      275348.5148838962
     ],
     [
      178206.48044278246,
      275379.674762414
     ],
     [
      178154.88324868403,
      275397.8933517985
     ],
     [
      178118.36478567653,
      275401.8641524261
     ],
     [
      178088.78268136882,
      275400.20467245555
     ]
    ]
   },
   "properties": {
    "osm_id": "365635015",
    "osm_type": "way",
    "osm_version": "9",
    "osm_timestamp": "2026-03-18T05:56:00Z",
    "highway": "tertiary",
    "surface": "asphalt"
   }
  },
  {
   "type": "Feature",
   "geometry": {
    "type": "LineString",
    "coordinates": [
     [
      178582.26105752902,
      274683.348014452
     ],
     [
      178586.42747082128,
      274678.61204348254
     ],
     [
      178595.09951104724,
      274673.7434335279
     ],
     [
      178606.193370444,
      274670.8550107548
     ],
     [
      178645.8883783855,
      274697.62097447575
     ],
     [
      178675.89993387245,
      274718.13044751424
     ],
     [
      178693.5111593312,
      274728.9726612529
     ],
     [
      178745.13980431313,
      274757.2643088801
     ],
     [
      178776.78223875936,
      274773.2660267834
     ],
     [
      178810.83590696647,
      274790.7044926348
     ],
     [
      178843.63063546916,
      274804.18535736506
     ],
     [
      178864.52108883296,
      274821.14431415807
     ],
     [
      178849.5756912616,
      274822.95413966186
     ],
     [
      178837.13791115413,
      274824.4586093829
     ],
     [
      178814.60563868517,
      274831.01230998675
     ],
     [
      178754.6762305869,
      274860.8181933128
     ],
     [
      178722.2945112406,
      274875.6936558294
     ],
     [
      178716.25232904032,
      274877.88227143977
     ],
     [
      178705.98150685767,
      274881.58961204515
     ],
     [
      178684.3783396111,
      274891.4031801174
     ],
     [
      178670.69627181895,
      274895.1185560609
     ],
     [
      178656.7259433266,
      274896.48264204443
     ],
     [
      178643.1545744611,
      274896.83623333
     ],
     [
      178638.17072725523,
      274899.1333588561
     ],
     [
      178634.4897848843,
      274900.8283353486
     ],
     [
      178629.13915055458,
      274910.0602519116
     ],
     [
      178627.2191774211,
      274915.88926001586
     ],
     [
      178616.5612084891,
      274944.99241815077
     ],
     [
      178612.35327349737,
      274955.2978041451
     ],
     [
      178609.80934777122,
      274963.41370546183
     ],
     [
      178605.42109757924,
      274982.3619636166
     ],
     [
      178602.19534721074,
      274995.30548352463
     ],
     [
      178599.286552077,
      275003.4000582931
     ],
     [
      178594.0280595872,
      275012.98679778946
     ],
     [
      178583.30101688215,
      275028.1557455685
     ]
    ]
   },
   "properties": {
    "osm_id": "365635022",
    "osm_type": "way",
    "osm_version": "7",
    "osm_timestamp": "2025-08-26T12:16:37Z",
    "highway": "unclassified",
    "surface": "asphalt"
   }
  },
  {
   "type": "Feature",
   "geometry": {
    "type": "LineString",
    "coordinates": [
     [
      175441.08108419843,
      271091.5827295262
     ],
     [
      175561.44186227597,
      271089.195411928
     ],
     [
      175605.5547012892,
      271086.8471973242
     ],
     [
      176161.32567042706,
      271085.98560101935
     ]
    ]
   },
   "properties": {
    "osm_id": "403113032",
    "osm_type": "way",
    "osm_version": "8",
    "osm_timestamp": "2026-08-30T01:27:43Z",
    "bridge": "yes",
    "bridge:name": "나주대교",
    "bridge:name:ko": "나주대교",
    "highway": "secondary",
    "lanes": "3",
    "layer": "1",
    "name:en": "Naju-daegyo Bridge",
    "oneway": "yes",
    "surface": "asphalt"
   }
  },
  {
   "type": "Feature",
   "geometry": {
    "type": "LineString",
    "coordinates": [
     [
      178531.01121702374,
      274622.7165806927
     ],
     [
      178515.24558869848,
      274609.4850518577
     ],
     [
      178503.15805118775,
      274601.04867827345
     ],
     [
      178466.8973261264,
      274576.59390827414
     ],
     [
      178449.52616045473,
      274563.3662938568
     ],
     [
      178336.2004784042,
      274455.73256652954
     ],
     [
      178247.404643199,
      274372.8261667604
     ],
     [
      178101.1746111972,
      274235.92975002114
     ],
     [
      178035.9097970943,
      274176.07816768595
     ],
     [
      177947.3131868792,
      274094.8272573154
     ],
     [
      177829.30797495932,
      273984.5707413131
     ],
     [
      177732.17343118496,
      273893.8016586191
     ],
     [
      177714.92151501492,
      273878.0900346894
     ],
     [
      177694.8351465822,
      273855.9950922132
     ],
     [
      177635.50998037733,
      273798.7833476258
     ]
    ]
   },
   "properties": {
    "osm_id": "470115989",
    "osm_type": "way",
    "osm_version": "11",
    "osm_timestamp": "2025-09-22T11:50:45Z",
    "highway": "tertiary",
    "lanes": "2",
    "name": "승촌보길",
    "name:en": "Seungchonbo-gil",
    "name:ko": "승촌보길",
    "oneway": "no",
    "surface": "asphalt"
   }
  },
  {
   "type": "Feature",
   "geometry": {
    "type": "LineString",
    "coordinates": [
     [
      177732.17343118496,
      273893.8016586191
     ],
     [
      177631.59330154507,
      274086.8668419524
     ],
     [
      177534.26007037994,
      274196.75140531827
     ],
     [
      177513.8359904287,
      274218.75743995485
     ],
     [
      177504.6209102674,
      274221.6092626689
     ],
     [
      177494.9084320256,
      274222.5097323263
     ],
     [
      177480.29494911252,
      274222.35729242826
     ],
     [
      177460.49933148443,
      274221.8183197668
     ],
     [
      177447.69128972292,
      274221.39519657113
     ],
     [
      177445.48363750736,
      274221.32300967566
     ],
     [
      177432.8149246042,
      274221.9091413174
     ],
     [
      177420.3315942189,
      274223.6819182922
     ],
     [
      177405.15308599203,
      274227.41399907216
     ],
     [
      177384.54513010167,
      274234.01083074906
     ],
     [
      177362.7136676657,
      274243.7837177492
     ],
     [
      177332.95021347265,
      274258.77963516087
     ]
    ]
   },
   "properties": {
    "osm_id": "470115990",
    "osm_type": "way",
    "osm_version": "5",
    "osm_timestamp": "2025-09-08T12:45:42Z",
    "highway": "unclassified",
    "surface": "asphalt"
   }
  },
  {
   "type": "Feature",
   "geometry": {
    "type": "LineString",
    "coordinates": [
     [
      178236.87747417466,
      274399.1780575996
     ],
     [
      178276.07501999137,
      274434.3974401509
     ],
     [
      178414.75015785277,
      274565.0685142345
     ]
    ]
   },
   "properties": {
    "osm_id": "470115992",
    "osm_type": "way",
    "osm_version": "3",
    "osm_timestamp": "2024-05-07T02:45:09Z",
    "highway": "service"
   }
  },
  {
   "type": "Feature",
   "geometry": {
    "type": "LineString",
    "coordinates": [
     [
      178515.24558869848,
      274609.4850518577
     ],
     [
      178517.46548369026,
      274607.06125683896
     ],
     [
      178522.50291152718,
      274600.3595134225
     ]
    ]
   },
   "properties": {
    "osm_id": "470115993",
    "osm_type": "way",
    "osm_version": "4",
    "osm_timestamp": "2025-03-05T02:52:45Z",
    "highway": "tertiary",
    "surface": "asphalt"
   }
  },
  {
   "type": "Feature",
   "geometry": {
    "type": "LineString",
    "coordinates": [
     [
      176203.70487657556,
      271087.11731983826
     ],
     [
      176209.46440725692,
      271080.77855628723
     ],
     [
      176210.59388975383,
      271076.51541837415
     ],
     [
      176210.56621724594,
      271069.4151784625
     ],
     [
      176208.09428696005,
      271062.7872819178
     ],
     [
      176201.93296005938,
      271055.0485083847
     ]
    ]
   },
   "properties": {
    "osm_id": "470887669",
    "osm_type": "way",
    "osm_version": "4",
    "osm_timestamp": "2026-08-30T01:27:43Z",
    "highway": "secondary_link",
    "oneway": "yes"
   }
  },
  {
   "type": "Feature",
   "geometry": {
    "type": "LineString",
    "coordinates": [
     [
      176377.2570545965,
      269378.7099547721
     ],
     [
      176375.01948957023,
      269578.7554540082
     ],
     [
      176365.97349610852,
      269750.5062372487
     ],
     [
      176358.28918288066,
      269838.4367354868
     ],
     [
      176349.647760668,
      269916.1963400961
     ],
     [
      176335.6557192752,
      270020.93990648177
     ],
     [
      176333.3039170763,
      270036.0341541411
     ],
     [
      176321.9580111823,
      270108.88609771046
     ],
     [
      176310.1932060915,
      270167.9712245995
     ],
     [
      176309.14820220656,
      270173.19932074443
     ],
     [
      176290.06682563157,
      270261.1595866756
     ],
     [
      176265.9695847469,
      270357.23175914324
     ],
     [
      176251.23524982,
      270421.6277676159
     ],
     [
      176242.77594132567,
      270453.1685256227
     ],
     [
      176209.55968581297,
      270579.27456255845
     ],
     [
      176186.97123625551,
      270658.4243593168
     ],
     [
      176156.56647065684,
      270770.3448593479
     ],
     [
      176136.943269401,
      270890.7576024754
     ],
     [
      176128.9403680667,
      270977.73519910395
     ],
     [
      176129.71759632035,
      270999.23379360896
     ],
     [
      176132.71158168052,
      271048.3512314482
     ],
     [
      176131.2178796186,
      271101.6407742689
     ],
     [
      176137.0406511167,
      271133.38832174643
     ]
    ]
   },
   "properties": {
    "osm_id": "470931487",
    "osm_type": "way",
    "osm_version": "5",
    "osm_timestamp": "2026-08-30T01:27:43Z",
    "highway": "unclassified",
    "surface": "concrete"
   }
  },
  {
   "type": "Feature",
   "geometry": {
    "type": "LineString",
    "coordinates": [
     [
      176201.93296005938,
      271055.0485083847
     ],
     [
      176220.31039324016,
      271061.9344018748
     ],
     [
      176252.95056406938,
      271086.4895328254
     ]
    ]
   },
   "properties": {
    "osm_id": "470931488",
    "osm_type": "way",
    "osm_version": "3",
    "osm_timestamp": "2026-08-30T01:27:43Z",
    "highway": "secondary_link",
    "oneway": "yes"
   }
  },
  {
   "type": "Feature",
   "geometry": {
    "type": "LineString",
    "coordinates": [
     [
      178853.97038047074,
      274115.91719474236
     ],
     [
      178873.3567713398,
      274124.80303724034
     ],
     [
      178884.24045949403,
      274133.22050434304
     ],
     [
      178898.78832801027,
      274144.36976808956
     ],
     [
      178927.6401111012,
      274167.7228853486
     ],
     [
      178976.78703057027,
      274202.6004888703
     ],
     [
      179011.33287537514,
      274223.06729957985
     ],
     [
      179065.33808031576,
      274252.68658535584
     ],
     [
      179167.6619604795,
      274306.7803026932
     ],
     [
      179330.429642619,
      274395.2296960185
     ],
     [
      179518.82006271614,
      274501.4860309303
     ],
     [
      179591.35651028718,
      274522.86806176143
     ],
     [
      179621.32110167967,
      274543.4805916545
     ],
     [
      179655.78607932897,
      274569.80779415526
     ],
     [
      179686.96945142426,
      274597.16312699986
     ],
     [
      179709.48538193526,
      274615.4627878749
     ],
     [
      179903.5496109757,
      274738.3669018649
     ],
     [
      180013.72344619,
      274808.15114933765
     ],
     [
      180083.02888060187,
      274855.21631801204
     ],
     [
      180154.95601124215,
      274908.6000244164
     ],
     [
      180233.06718119903,
      274966.5638823779
     ],
     [
      180350.9945880296,
      275064.4926054531
     ],
     [
      180476.37660965126,
      275177.7058446855
     ],
     [
      180500.5149685117,
      275201.1739057817
     ],
     [
      180618.84683446388,
      275316.2014993786
     ],
     [
      180635.74859016138,
      275333.88304220047
     ],
     [
      180691.6089490279,
      275392.33091613656
     ],
     [
      180793.08081045625,
      275498.4989878197
     ],
     [
      180810.15137167543,
      275518.6988982656
     ],
     [
      180871.23725489,
      275591.00469088886
     ],
     [
      180919.0556427112,
      275647.60704818147
     ],
     [
      180992.19624091996,
      275750.19792268623
     ],
     [
      181047.41909744125,
      275828.90746547235
     ],
     [
      181115.12165993312,
      275922.91261177935
     ],
     [
      181173.25582752732,
      276003.62494319706
     ],
     [
      181247.23417965905,
      276099.5263035079
     ],
     [
      181296.42308464152,
      276168.6643642626
     ],
     [
      181378.3868076718,
      276281.9572980344
     ],
     [
      181426.7189278402,
      276347.8250126366
     ],
     [
      181499.12259613659,
      276447.88091649575
     ],
     [
      181513.5721691301,
      276467.9099812981
     ],
     [
      181544.7571742363,
      276511.01446694735
     ],
     [
      181552.05504804113,
      276525.6330118352
     ],
     [
      181624.18467528044,
      276622.3289094394
     ],
     [
      181680.00378786502,
      276699.05524793675
     ],
     [
      181748.72008672147,
      276795.73683371395
     ],
     [
      181799.71194374835,
      276867.3369542741
     ],
     [
      181876.21506143681,
      276974.033158895
     ],
     [
      181901.91937345837,
      277009.6056963153
     ],
     [
      181934.47578899845,
      277051.77688038186
     ],
     [
      181941.244234968,
      277062.0700230196
     ],
     [
      181939.84192188972,
      277067.66433075425
     ],
     [
      181937.75391067198,
      277072.36136408773
     ],
     [
      181931.9838613434,
      277082.6461441836
     ],
     [
      181929.475257345,
      277091.36014824524
     ],
     [
      181927.13044411445,
      277099.89631881507
     ],
     [
      181926.60139086732,
      277118.1585707494
     ],
     [
      181926.71781060705,
      277135.43214784533
     ],
     [
      181929.58517457804,
      277146.6427730689
     ],
     [
      181939.38143724744,
      277161.74481748516
     ],
     [
      181946.81703047964,
      277172.82433427684
     ],
     [
      181968.51138885302,
      277200.78325443587
     ],
     [
      181981.0533824741,
      277216.44570580375
     ],
     [
      181988.16743932542,
      277226.37208804244
     ],
     [
      181993.1684249785,
      277232.952186607
     ],
     [
      181998.06681239628,
      277238.3786849357
     ],
     [
      182023.62315314013,
      277264.299833121
     ],
     [
      182031.05298870182,
      277272.5614808609
     ],
     [
      182037.3960255438,
      277279.98211658135
     ],
     [
      182049.2825870681,
      277296.322709865
     ],
     [
      182057.4677225999,
      277308.44370086055
     ],
     [
      182063.9642304433,
      277319.72486570483
     ],
     [
      182069.1271309859,
      277329.85486013285
     ],
     [
      182072.81897339452,
      277338.49002995365
     ],
     [
      182074.50635624884,
      277343.33490703016
     ],
     [
      182076.8130402693,
      277352.41658256704
     ],
     [
      182078.4982353383,
      277360.7783553801
     ],
     [
      182079.75879308337,
      277371.13793854584
     ],
     [
      182080.23062489927,
      277379.2025587163
     ],
     [
      182081.13144283512,
      277387.4771246879
     ],
     [
      182082.7063741411,
      277395.41753294907
     ],
     [
      182089.0524965728,
      277418.3480207319
     ],
     [
      182110.12234944676,
      277472.3579152329
     ],
     [
      182113.46980063507,
      277482.11430450104
     ],
     [
      182156.53016339027,
      277627.55351678043
     ],
     [
      182180.22320896699,
      277736.34207421046
     ],
     [
      182189.05357198298,
      277817.42408147943
     ],
     [
      182192.68229070067,
      277845.1859999648
     ],
     [
      182201.42754269193,
      277938.7825691661
     ],
     [
      182206.80145797716,
      278005.7039638568
     ],
     [
      182215.46484672886,
      278076.2578597688
     ],
     [
      182229.18309237433,
      278139.3908868834
     ],
     [
      182247.67959413864,
      278202.9029023274
     ],
     [
      182270.64152404445,
      278260.72596004145
     ],
     [
      182278.7001878267,
      278278.7162954512
     ],
     [
      182298.76536993662,
      278319.38218723
     ],
     [
      182379.54568999785,
      278454.7088280766
     ],
     [
      182404.2019155857,
      278488.9535442543
     ],
     [
      182422.60891534292,
      278507.20133011916
     ],
     [
      182443.53651366883,
      278522.93696782587
     ],
     [
      182559.23598291486,
      278593.7953352374
     ],
     [
      182581.87215687768,
      278606.89865962975
     ],
     [
      182637.33047982294,
      278638.9881749566
     ],
     [
      182766.67292126044,
      278718.1216558313
     ],
     [
      182951.2469586549,
      278817.83293573465
     ],
     [
      183135.26921890196,
      278922.08655546984
     ],
     [
      183214.06874392583,
      278967.07224240404
     ],
     [
      183286.84671733718,
      279010.10599682864
     ],
     [
      183348.286233954,
      279045.1843039589
     ],
     [
      183450.98541420858,
      279103.7520712843
     ],
     [
      183455.64903494617,
      279106.45058696053
     ],
     [
      183488.30341908414,
      279125.3402471983
     ],
     [
      183522.72903736684,
      279145.7245431286
     ],
     [
      183543.53387057764,
      279160.98587835155
     ],
     [
      183554.2088108711,
      279170.6074993094
     ],
     [
      183566.5938570581,
      279183.15493674803
     ],
     [
      183577.97783561834,
      279196.70268923783
     ],
     [
      183590.4888838066,
      279208.38457519206
     ],
     [
      183738.96890974315,
      279328.23563553643
     ],
     [
      183782.47959766322,
      279372.5572752121
     ],
     [
      183846.53599357005,
      279435.9691532645
     ],
     [
      183947.05059139148,
      279567.8132662369
     ],
     [
      184061.3884165972,
      279765.3569671607
     ],
     [
      184116.0626445097,
      279866.9738788485
     ],
     [
      184118.44209047785,
      279872.2728015927
     ],
     [
      184140.42430283673,
      279921.1825201065
     ],
     [
      184161.80770395626,
      279977.0827609521
     ],
     [
      184175.35060142117,
      280027.4273673894
     ],
     [
      184187.69137122948,
      280073.29198414064
     ],
     [
      184200.0135875676,
      280160.94896949356
     ],
     [
      184206.2279654653,
      280248.55003892235
     ],
     [
      184205.12482454514,
      280295.6251822336
     ],
     [
      184202.04097824608,
      280335.9473303886
     ],
     [
      184195.01282249598,
      280388.2915048095
     ],
     [
      184188.7606475742,
      280420.3206222111
     ],
     [
      184184.52598794608,
      280438.34518783697
     ],
     [
      184167.05830864987,
      280499.69399284414
     ],
     [
      184157.86602418433,
      280518.3374093859
     ],
     [
      184155.05294258636,
      280530.83453474485
     ],
     [
      184149.29036581545,
      280545.5556768198
     ],
     [
      184079.17691571772,
      280739.0636816259
     ],
     [
      184005.36200521456,
      280935.5964812192
     ],
     [
      184003.2571867839,
      280941.191736806
     ],
     [
      183951.70720814314,
      281082.8797895309
     ],
     [
      183930.0257147406,
      281141.0525000412
     ],
     [
      183886.49183352987,
      281263.3449679189
     ],
     [
      183869.02022513055,
      281315.30863190995
     ],
     [
      183852.92242444173,
      281360.6354713149
     ],
     [
      183834.97987390932,
      281414.0755964804
     ]
    ]
   },
   "properties": {
    "osm_id": "472326695",
    "osm_type": "way",
    "osm_version": "26",
    "osm_timestamp": "2026-07-17T14:54:06Z",
    "highway": "unclassified",
    "lanes": "2",
    "name": "서창둑길",
    "name:en": "Seochangduk-gil",
    "name:ko": "서창둑길",
    "name:ko-Latn": "Seochangduk-gil",
    "surface": "asphalt"
   }
  },
  {
   "type": "Feature",
   "geometry": {
    "type": "LineString",
    "coordinates": [
     [
      179579.2792836131,
      274087.88918940554
     ],
     [
      179545.39574280396,
      274073.5871495578
     ],
     [
      179350.09073821522,
      273991.1320532942
     ],
     [
      179155.49485987102,
      273909.18984653265
     ],
     [
      178973.40532433803,
      273832.6590633499
     ],
     [
      178968.21097685795,
      273862.5700959975
     ],
     [
      178953.50619481446,
      273890.21771059156
     ],
     [
      178955.4027673674,
      273929.29840078444
     ],
     [
      178955.43345850933,
      273942.56706500804
     ],
     [
      178963.13407388123,
      274002.4360758313
     ],
     [
      178970.5036872608,
      274073.056203043
     ],
     [
      178970.26480552513,
      274127.5628683761
     ],
     [
      178971.75164706353,
      274147.28503189253
     ],
     [
      178972.87278392396,
      274162.7034670654
     ],
     [
      179034.5366107557,
      274194.4682537376
     ]
    ]
   },
   "properties": {
    "osm_id": "472326703",
    "osm_type": "way",
    "osm_version": "7",
    "osm_timestamp": "2025-03-05T08:31:14Z",
    "highway": "track",
    "surface": "concrete",
    "tracktype": "grade1"
   }
  },
  {
   "type": "Feature",
   "geometry": {
    "type": "LineString",
    "coordinates": [
     [
      179171.02084931365,
      273566.57478565024
     ],
     [
      179179.976709426,
      273569.5275490208
     ],
     [
      179280.1025262373,
      273612.74409263366
     ],
     [
      179474.9236647483,
      273695.1987915149
     ],
     [
      179350.09073821522,
      273991.1320532942
     ],
     [
      179221.7038751691,
      274293.0107620025
     ],
     [
      179218.41884010023,
      274296.468581886
     ]
    ]
   },
   "properties": {
    "osm_id": "472326705",
    "osm_type": "way",
    "osm_version": "6",
    "osm_timestamp": "2025-03-06T23:23:59Z",
    "highway": "track",
    "surface": "concrete",
    "tracktype": "grade1"
   }
  },
  {
   "type": "Feature",
   "geometry": {
    "type": "LineString",
    "coordinates": [
     [
      178414.75015785277,
      274565.0685142345
     ],
     [
      178464.9034886549,
      274612.85472023615
     ],
     [
      178503.15805118775,
      274601.04867827345
     ]
    ]
   },
   "properties": {
    "osm_id": "472326720",
    "osm_type": "way",
    "osm_version": "1",
    "osm_timestamp": "2017-02-05T13:42:06Z",
    "highway": "service"
   }
  },
  {
   "type": "Feature",
   "geometry": {
    "type": "LineString",
    "coordinates": [
     [
      178212.15719269824,
      270869.5143856979
     ],
     [
      178213.1713073549,
      270877.6551142513
     ],
     [
      178219.6429150303,
      270908.9697020313
     ],
     [
      178220.60224067018,
      270913.2830580968
     ]
    ]
   },
   "properties": {
    "osm_id": "473484313",
    "osm_type": "way",
    "osm_version": "4",
    "osm_timestamp": "2026-03-02T06:28:19Z",
    "highway": "tertiary"
   }
  },
  {
   "type": "Feature",
   "geometry": {
    "type": "LineString",
    "coordinates": [
     [
      177539.20028625196,
      270664.0533492244
     ],
     [
      177563.20181814628,
      270664.80407064885
     ],
     [
      177598.0997148001,
      270665.8386867298
     ],
     [
      177631.49181971405,
      270666.8327575148
     ],
     [
      177676.4268161292,
      270667.554579497
     ],
     [
      177766.0473678935,
      270671.49569600186
     ],
     [
      177794.84305867684,
      270677.38304215117
     ],
     [
      177806.59173329067,
      270679.1738584365
     ],
     [
      177841.00384670822,
      270683.11727293464
     ],
     [
      177854.10234402592,
      270684.6164168981
     ],
     [
      177879.09546278036,
      270687.89504044363
     ],
     [
      177900.2734463643,
      270690.8723506364
     ],
     [
      177920.3212541972,
      270694.41825467674
     ],
     [
      177933.83597581906,
      270698.23519517167
     ],
     [
      177947.86392994874,
      270702.9717329075
     ],
     [
      178026.9831430316,
      270738.15996684926
     ],
     [
      178040.39384189484,
      270744.29600687465
     ],
     [
      178067.83593940016,
      270756.6664991764
     ],
     [
      178068.2927338836,
      270756.8872835103
     ],
     [
      178104.10428528965,
      270773.7530805072
     ],
     [
      178172.9358668468,
      270804.17461452755
     ],
     [
      178182.54998795077,
      270810.1868319542
     ],
     [
      178191.65667456135,
      270817.69799359347
     ],
     [
      178195.3444122839,
      270821.99371956754
     ],
     [
      178198.2817875957,
      270825.41480020055
     ],
     [
      178203.3496789073,
      270834.46664414543
     ],
     [
      178204.57282525202,
      270838.4354460945
     ],
     [
      178208.09206208884,
      270848.5893263388
     ],
     [
      178210.65135071985,
      270857.99109794345
     ],
     [
      178212.15719269824,
      270869.5143856979
     ]
    ]
   },
   "properties": {
    "osm_id": "478615504",
    "osm_type": "way",
    "osm_version": "11",
    "osm_timestamp": "2026-03-02T06:28:19Z",
    "highway": "tertiary",
    "name": "오강길",
    "surface": "asphalt"
   }
  },
  {
   "type": "Feature",
   "geometry": {
    "type": "LineString",
    "coordinates": [
     [
      177829.30797495932,
      273984.5707413131
     ],
     [
      177818.39613456785,
      274039.9133759546
     ],
     [
      177846.57959053706,
      274075.96765467105
     ],
     [
      177834.965053208,
      274116.2015881593
     ],
     [
      177785.30419126232,
      274153.03366690077
     ],
     [
      177765.99618535012,
      274154.2457332507
     ],
     [
      177726.24857062992,
      274178.81693206186
     ],
     [
      177698.80785352888,
      274203.9461263134
     ],
     [
      177684.806076377,
      274222.6188445296
     ],
     [
      177693.04453524016,
      274241.8250204554
     ],
     [
      177710.6038317185,
      274241.78198105854
     ],
     [
      177745.6668431498,
      274218.97506326984
     ],
     [
      177778.9325143357,
      274181.01789340033
     ],
     [
      177785.30419126232,
      274153.03366690077
     ]
    ]
   },
   "properties": {
    "osm_id": "479435172",
    "osm_type": "way",
    "osm_version": "1",
    "osm_timestamp": "2017-03-09T07:00:14Z",
    "highway": "service"
   }
  },
  {
   "type": "Feature",
   "geometry": {
    "type": "LineString",
    "coordinates": [
     [
      177133.27839553883,
      274267.389258879
     ],
     [
      177119.10764844908,
      274276.4112581162
     ],
     [
      177088.30744094172,
      274296.07018694025
     ],
     [
      177048.9994897599,
      274331.24939616723
     ],
     [
      177027.11603499338,
      274356.3222435937
     ],
     [
      176994.2425959033,
      274392.79457472
     ],
     [
      176961.6149717313,
      274428.97795464075
     ],
     [
      176953.10492177156,
      274436.3328345483
     ],
     [
      176941.04847276016,
      274444.428934545
     ],
     [
      176930.71711258648,
      274449.3588039962
     ],
     [
      176922.47675743257,
      274451.5430914356
     ],
     [
      176905.27801895654,
      274453.3285428414
     ],
     [
      176879.45316422608,
      274449.06737226783
     ],
     [
      176854.98769272765,
      274452.09176289814
     ],
     [
      176726.4512724309,
      274500.2693824127
     ],
     [
      176723.28731873177,
      274500.74343818123
     ]
    ]
   },
   "properties": {
    "osm_id": "503476957",
    "osm_type": "way",
    "osm_version": "11",
    "osm_timestamp": "2024-12-19T15:16:56Z",
    "highway": "tertiary",
    "name": "노안로",
    "name:en": "Noan-ro",
    "name:ko": "노안로",
    "ref": "24"
   }
  },
  {
   "type": "Feature",
   "geometry": {
    "type": "LineString",
    "coordinates": [
     [
      176936.54165091304,
      274098.72028750327
     ],
     [
      176913.01567019924,
      274109.2862427503
     ],
     [
      176868.2984568412,
      274133.76287404256
     ],
     [
      176848.66813982849,
      274144.50769594946
     ],
     [
      176898.00793151517,
      274248.5132101477
     ],
     [
      176921.3821327518,
      274300.51935738034
     ],
     [
      176961.6149717313,
      274428.97795464075
     ],
     [
      176996.88281220748,
      274542.2945028734
     ],
     [
      177030.62671560896,
      274608.73058348347
     ],
     [
      177038.05555366655,
      274610.3204992057
     ],
     [
      177133.88000364858,
      274622.8375391272
     ],
     [
      177173.02360856082,
      274627.9535377596
     ]
    ]
   },
   "properties": {
    "osm_id": "503476967",
    "osm_type": "way",
    "osm_version": "2",
    "osm_timestamp": "2024-12-19T15:16:56Z",
    "highway": "service"
   }
  },
  {
   "type": "Feature",
   "geometry": {
    "type": "LineString",
    "coordinates": [
     [
      176913.01567019924,
      274109.2862427503
     ],
     [
      176954.06382608172,
      274202.7402460509
     ],
     [
      176964.48241283803,
      274239.3471806716
     ],
     [
      176983.9545095645,
      274277.861623766
     ],
     [
      177008.6266677576,
      274331.151646216
     ],
     [
      177027.11603499338,
      274356.3222435937
     ],
     [
      177064.38602668885,
      274471.6531411005
     ],
     [
      177071.4618803973,
      274499.62618698034
     ],
     [
      177074.60373742966,
      274504.854771327
     ],
     [
      177078.16090015485,
      274508.38488441886
     ],
     [
      177092.37593075357,
      274513.48573009635
     ],
     [
      177127.52486895912,
      274522.2505224241
     ],
     [
      177143.41534922092,
      274526.21561771375
     ],
     [
      177183.43000539378,
      274525.69357767265
     ],
     [
      177220.24678465977,
      274530.3163755942
     ],
     [
      177226.22470704117,
      274531.65491006925
     ],
     [
      177230.55489922868,
      274534.29560420057
     ],
     [
      177234.78522529482,
      274537.12515316706
     ],
     [
      177242.10539799946,
      274546.3150930332
     ],
     [
      177254.64124917326,
      274554.793055478
     ],
     [
      177262.72322630967,
      274554.93926432193
     ],
     [
      177275.93412168912,
      274552.498791814
     ],
     [
      177284.3928891225,
      274546.4645617935
     ],
     [
      177289.25661147048,
      274539.9511662362
     ],
     [
      177296.3125834039,
      274534.67486138147
     ],
     [
      177320.45935788844,
      274517.27425868297
     ],
     [
      177349.14354348823,
      274497.78779056016
     ]
    ]
   },
   "properties": {
    "osm_id": "503476968",
    "osm_type": "way",
    "osm_version": "2",
    "osm_timestamp": "2024-12-19T15:16:56Z",
    "highway": "service"
   }
  },
  {
   "type": "Feature",
   "geometry": {
    "type": "LineString",
    "coordinates": [
     [
      177314.64314053644,
      274423.4976881878
     ],
     [
      177333.80712616793,
      274448.93348495575
     ],
     [
      177343.55097731546,
      274471.71905747504
     ],
     [
      177349.14354348823,
      274497.78779056016
     ],
     [
      177353.29018241016,
      274514.64077752264
     ],
     [
      177357.90672104427,
      274533.3897196317
     ],
     [
      177370.922591654,
      274573.52973470214
     ],
     [
      177377.4017868008,
      274585.72842607147
     ],
     [
      177390.79082307944,
      274599.9180101895
     ]
    ]
   },
   "properties": {
    "osm_id": "503476969",
    "osm_type": "way",
    "osm_version": "2",
    "osm_timestamp": "2025-10-19T14:37:09Z",
    "highway": "service"
   }
  },
  {
   "type": "Feature",
   "geometry": {
    "type": "LineString",
    "coordinates": [
     [
      177390.79082307944,
      274599.9180101895
     ],
     [
      177382.5671220316,
      274605.1194857104
     ],
     [
      177372.71424218343,
      274611.74508985947
     ],
     [
      177321.57868891497,
      274640.6177323378
     ],
     [
      177320.59497002777,
      274641.1748993341
     ],
     [
      177285.32921629405,
      274662.0757789304
     ],
     [
      177247.77805078687,
      274688.174640172
     ],
     [
      177220.27210331833,
      274707.96912884916
     ],
     [
      177158.88371706178,
      274750.758431711
     ],
     [
      177154.5131737734,
      274753.8092434468
     ],
     [
      177144.751185724,
      274763.80753433553
     ],
     [
      177129.0204522207,
      274776.0507948252
     ],
     [
      177119.0748318677,
      274781.9224996402
     ],
     [
      177101.3754215466,
      274787.49199830345
     ],
     [
      177080.97785356516,
      274790.1172486017
     ],
     [
      176881.46842617236,
      274818.4799297445
     ],
     [
      176843.69268354986,
      274823.7348714435
     ],
     [
      176821.81441369097,
      274832.25554429763
     ],
     [
      176803.00866066315,
      274843.81936452974
     ]
    ]
   },
   "properties": {
    "osm_id": "503476970",
    "osm_type": "way",
    "osm_version": "9",
    "osm_timestamp": "2025-04-19T11:02:48Z",
    "highway": "unclassified",
    "source": "digitalglobe",
    "surface": "asphalt"
   }
  },
  {
   "type": "Feature",
   "geometry": {
    "type": "LineString",
    "coordinates": [
     [
      176323.18480442296,
      275066.35378575785
     ],
     [
      176357.35825358884,
      275023.18570949533
     ],
     [
      176380.30950329042,
      274985.6384316474
     ],
     [
      176395.3803902288,
      274948.11166386434
     ],
     [
      176404.2909591329,
      274916.1924306691
     ],
     [
      176408.688959852,
      274878.13867015654
     ],
     [
      176408.54962716796,
      274824.4204386685
     ],
     [
      176403.97741491182,
      274795.33195596864
     ],
     [
      176394.90698649018,
      274765.7004344136
     ],
     [
      176346.82850601582,
      274660.3407617308
     ]
    ]
   },
   "properties": {
    "osm_id": "503476971",
    "osm_type": "way",
    "osm_version": "2",
    "osm_timestamp": "2020-01-26T14:33:10Z",
    "highway": "residential",
    "name": "노안로"
   }
  },
  {
   "type": "Feature",
   "geometry": {
    "type": "LineString",
    "coordinates": [
     [
      176426.0123364281,
      274622.12614316505
     ],
     [
      176412.24166220138,
      274591.4861186553
     ],
     [
      176328.341281216,
      274356.07238391385
     ],
     [
      176241.24239307124,
      274109.5846303159
     ],
     [
      176244.65013557626,
      274101.12188437214
     ],
     [
      176250.71194306746,
      274092.4968910959
     ]
    ]
   },
   "properties": {
    "osm_id": "503476975",
    "osm_type": "way",
    "osm_version": "5",
    "osm_timestamp": "2025-04-19T11:02:48Z",
    "highway": "track",
    "surface": "concrete",
    "tracktype": "grade1"
   }
  },
  {
   "type": "Feature",
   "geometry": {
    "type": "LineString",
    "coordinates": [
     [
      176620.23127202012,
      274542.88867763395
     ],
     [
      176528.19922463805,
      274286.2374016002
     ],
     [
      176497.84702975288,
      274203.4081543373
     ]
    ]
   },
   "properties": {
    "osm_id": "503476976",
    "osm_type": "way",
    "osm_version": "4",
    "osm_timestamp": "2025-04-19T11:02:48Z",
    "highway": "track",
    "surface": "concrete",
    "tracktype": "grade1"
   }
  },
  {
   "type": "Feature",
   "geometry": {
    "type": "LineString",
    "coordinates": [
     [
      176236.90475461527,
      274387.1418141548
     ],
     [
      176231.81596073744,
      274377.0814912985
     ],
     [
      176215.47911185012,
      274363.1342881882
     ],
     [
      176155.27736710449,
      274339.2394632184
     ],
     [
      176086.63334723734,
      274313.6808907835
     ],
     [
      176069.63523269776,
      274260.0070260781
     ],
     [
      176087.04488253364,
      274255.09085227526
     ],
     [
      176101.4252686823,
      274253.32235387363
     ],
     [
      176108.39880184224,
      274251.56223319727
     ],
     [
      176114.9322525801,
      274248.94901290396
     ]
    ]
   },
   "properties": {
    "osm_id": "503476977",
    "osm_type": "way",
    "osm_version": "4",
    "osm_timestamp": "2025-04-19T11:02:48Z",
    "highway": "track",
    "surface": "concrete",
    "tracktype": "grade1"
   }
  },
  {
   "type": "Feature",
   "geometry": {
    "type": "LineString",
    "coordinates": [
     [
      176475.27265516092,
      274063.1237844521
     ],
     [
      176658.99858340473,
      273999.3465927797
     ]
    ]
   },
   "properties": {
    "osm_id": "503476978",
    "osm_type": "way",
    "osm_version": "3",
    "osm_timestamp": "2024-04-08T12:06:54Z",
    "highway": "track",
    "surface": "concrete",
    "tracktype": "grade1"
   }
  },
  {
   "type": "Feature",
   "geometry": {
    "type": "LineString",
    "coordinates": [
     [
      176648.98602056,
      273954.47372777713
     ],
     [
      176658.99858340473,
      273999.3465927797
     ],
     [
      176678.8207055475,
      274066.94869397284
     ],
     [
      176737.96943601326,
      274196.15660906455
     ],
     [
      176793.14511370883,
      274298.98174916673
     ],
     [
      176849.49575031945,
      274408.78254623077
     ],
     [
      176879.45316422608,
      274449.06737226783
     ],
     [
      176900.39332557915,
      274476.6389489966
     ],
     [
      176965.82038401833,
      274566.0039414722
     ],
     [
      176974.24430883492,
      274564.307376215
     ],
     [
      177026.0994062911,
      274672.51199056365
     ],
     [
      177080.97785356516,
      274790.1172486017
     ]
    ]
   },
   "properties": {
    "osm_id": "503476979",
    "osm_type": "way",
    "osm_version": "4",
    "osm_timestamp": "2024-12-20T03:41:26Z",
    "highway": "track",
    "surface": "concrete",
    "tracktype": "grade1"
   }
  },
  {
   "type": "Feature",
   "geometry": {
    "type": "LineString",
    "coordinates": [
     [
      176726.4512724309,
      274500.2693824127
     ],
     [
      176743.77798865578,
      274559.2910675203
     ],
     [
      176803.00866066315,
      274843.81936452974
     ],
     [
      176839.7399782852,
      275023.0539544131
     ],
     [
      176871.30793504097,
      275173.76732081716
     ],
     [
      176883.67814626807,
      275239.2809927662
     ],
     [
      176909.2268073566,
      275376.3194617902
     ],
     [
      176913.7699644765,
      275405.4859427645
     ],
     [
      176913.64825770055,
      275415.0273522146
     ],
     [
      176916.7242642103,
      275433.92423605715
     ],
     [
      176919.24798490922,
      275447.242088487
     ],
     [
      176925.10200130276,
      275457.47836849705
     ],
     [
      176928.598526535,
      275473.17903070385
     ],
     [
      176928.70825305243,
      275476.88424978405
     ],
     [
      176928.3358610238,
      275481.0899357623
     ],
     [
      176926.05971221393,
      275486.2545623541
     ],
     [
      176916.5950564754,
      275508.7778321605
     ],
     [
      176915.19794315132,
      275511.7102751992
     ],
     [
      176913.87917393277,
      275516.7615317567
     ],
     [
      176913.13018256545,
      275523.5087705694
     ],
     [
      176907.42186927918,
      275638.87076201645
     ],
     [
      176907.39485740144,
      275667.7382173076
     ],
     [
      176901.357526824,
      275800.70774311206
     ],
     [
      176901.2086064407,
      275813.88816118607
     ],
     [
      176901.89914980603,
      275823.6383052002
     ],
     [
      176903.31708583512,
      275836.1047075844
     ],
     [
      176904.93829919482,
      275846.0189027136
     ],
     [
      176907.16525836047,
      275853.84582941583
     ],
     [
      176911.7990316117,
      275868.50073999143
     ],
     [
      176914.0985243113,
      275879.75562635955
     ],
     [
      176922.28699172623,
      275900.7585578261
     ],
     [
      176943.60809800675,
      275964.81849058677
     ],
     [
      176952.0653653029,
      275991.17932151316
     ],
     [
      176955.53362262234,
      276003.0192556136
     ],
     [
      176956.80856856762,
      276009.4840082971
     ],
     [
      176957.80714913562,
      276018.45677624067
     ],
     [
      176957.7657189152,
      276027.29904837976
     ],
     [
      176956.6835874982,
      276032.13891133247
     ],
     [
      176953.47923650034,
      276041.6548594901
     ],
     [
      176949.33450170996,
      276050.7627035187
     ],
     [
      176945.17528204725,
      276057.75157251215
     ],
     [
      176923.86108145985,
      276093.3407330859
     ],
     [
      176921.3000953862,
      276097.60745030374
     ],
     [
      176889.06940853086,
      276151.06407278765
     ],
     [
      176862.70925617195,
      276196.17404270184
     ],
     [
      176853.65499434888,
      276214.75788185134
     ],
     [
      176847.57632891106,
      276227.16571214556
     ],
     [
      176826.857672661,
      276270.6860357195
     ],
     [
      176824.99335685465,
      276276.31560726254
     ],
     [
      176824.1933736253,
      276284.47197042877
     ],
     [
      176820.69022164505,
      276287.58731079067
     ],
     [
      176822.56924461518,
      276294.8825815094
     ],
     [
      176825.52220574656,
      276301.32085243886
     ]
    ]
   },
   "properties": {
    "osm_id": "503476980",
    "osm_type": "way",
    "osm_version": "6",
    "osm_timestamp": "2025-04-19T11:02:48Z",
    "highway": "track",
    "surface": "concrete",
    "tracktype": "grade1"
   }
  },
  {
   "type": "Feature",
   "geometry": {
    "type": "LineString",
    "coordinates": [
     [
      177225.3976108686,
      274347.02590798045
     ],
     [
      177219.23362643996,
      274358.8567527966
     ],
     [
      177214.44006352205,
      274371.54952348873
     ],
     [
      177209.8885667872,
      274386.1942844373
     ],
     [
      177206.91283845095,
      274396.2864434783
     ],
     [
      177202.56256477121,
      274418.4193461362
     ],
     [
      177190.94460681445,
      274477.8028909223
     ],
     [
      177183.43000539378,
      274525.69357767265
     ],
     [
      177179.6521429124,
      274575.97126518266
     ],
     [
      177178.28651068962,
      274595.1789017304
     ],
     [
      177173.02360856082,
      274627.9535377596
     ],
     [
      177168.06684675204,
      274655.490906306
     ],
     [
      177167.5450240509,
      274658.3656367554
     ],
     [
      177161.85316866214,
      274698.2749873234
     ],
     [
      177154.5131737734,
      274753.8092434468
     ]
    ]
   },
   "properties": {
    "osm_id": "503476981",
    "osm_type": "way",
    "osm_version": "2",
    "osm_timestamp": "2024-12-19T15:16:56Z",
    "highway": "service"
   }
  },
  {
   "type": "Feature",
   "geometry": {
    "type": "LineString",
    "coordinates": [
     [
      177036.31220659346,
      274523.1459868949
     ],
     [
      176994.2425959033,
      274392.79457472
     ]
    ]
   },
   "properties": {
    "osm_id": "503476982",
    "osm_type": "way",
    "osm_version": "1",
    "osm_timestamp": "2017-06-27T01:25:30Z",
    "highway": "service"
   }
  },
  {
   "type": "Feature",
   "geometry": {
    "type": "LineString",
    "coordinates": [
     [
      177127.52486895912,
      274522.2505224241
     ],
     [
      177144.3571358263,
      274450.883052951
     ],
     [
      177146.32666364053,
      274446.9618221055
     ],
     [
      177190.94460681445,
      274477.8028909223
     ]
    ]
   },
   "properties": {
    "osm_id": "503476983",
    "osm_type": "way",
    "osm_version": "2",
    "osm_timestamp": "2024-12-19T15:16:56Z",
    "highway": "service"
   }
  },
  {
   "type": "Feature",
   "geometry": {
    "type": "LineString",
    "coordinates": [
     [
      176868.2984568412,
      274133.76287404256
     ],
     [
      176828.39520677223,
      274046.1863110472
     ]
    ]
   },
   "properties": {
    "osm_id": "503476984",
    "osm_type": "way",
    "osm_version": "1",
    "osm_timestamp": "2017-06-27T01:25:30Z",
    "highway": "service"
   }
  },
  {
   "type": "Feature",
   "geometry": {
    "type": "LineString",
    "coordinates": [
     [
      176793.25533268382,
      274066.8446758778
     ],
     [
      176828.39520677223,
      274046.1863110472
     ],
     [
      176854.42570222024,
      274026.83819053037
     ]
    ]
   },
   "properties": {
    "osm_id": "503476985",
    "osm_type": "way",
    "osm_version": "1",
    "osm_timestamp": "2017-06-27T01:25:30Z",
    "highway": "service"
   }
  },
  {
   "type": "Feature",
   "geometry": {
    "type": "LineString",
    "coordinates": [
     [
      176844.59051179106,
      274019.0084664619
     ],
     [
      176989.74891704335,
      273892.7866869177
     ],
     [
      176991.06106367684,
      273892.21756037616
     ],
     [
      177003.94567352848,
      273886.64894116326
     ],
     [
      177021.3747030322,
      273885.3179698697
     ],
     [
      177030.0708502663,
      273879.18306481245
     ]
    ]
   },
   "properties": {
    "osm_id": "503476986",
    "osm_type": "way",
    "osm_version": "4",
    "osm_timestamp": "2026-04-20T09:01:41Z",
    "highway": "service"
   }
  },
  {
   "type": "Feature",
   "geometry": {
    "type": "LineString",
    "coordinates": [
     [
      177239.60409663414,
      273856.41246496537
     ],
     [
      177239.62401654414,
      273849.7891335072
     ],
     [
      177197.3037670521,
      273779.62396839075
     ],
     [
      176846.90904629484,
      273198.62540292245
     ],
     [
      176703.0152925144,
      272960.05541836837
     ]
    ]
   },
   "properties": {
    "osm_id": "503476989",
    "osm_type": "way",
    "osm_version": "3",
    "osm_timestamp": "2025-04-18T12:58:49Z",
    "highway": "track",
    "surface": "concrete",
    "tracktype": "grade1"
   }
  },
  {
   "type": "Feature",
   "geometry": {
    "type": "LineString",
    "coordinates": [
     [
      176597.1573543929,
      273352.65362701454
     ],
     [
      176601.3917455038,
      273346.1304006911
     ],
     [
      176619.92520025902,
      273333.9900090174
     ],
     [
      176665.40725985527,
      273307.657507074
     ],
     [
      176846.90904629484,
      273198.62540292245
     ]
    ]
   },
   "properties": {
    "osm_id": "503476990",
    "osm_type": "way",
    "osm_version": "4",
    "osm_timestamp": "2025-04-18T12:58:49Z",
    "highway": "track",
    "surface": "concrete",
    "tracktype": "grade1"
   }
  },
  {
   "type": "Feature",
   "geometry": {
    "type": "LineString",
    "coordinates": [
     [
      177063.2656207278,
      273857.1992203049
     ],
     [
      177197.3037670521,
      273779.62396839075
     ],
     [
      177378.82613405766,
      273672.82117611927
     ],
     [
      177432.91204344016,
      273639.53719683806
     ]
    ]
   },
   "properties": {
    "osm_id": "503476991",
    "osm_type": "way",
    "osm_version": "2",
    "osm_timestamp": "2025-04-18T12:58:49Z",
    "highway": "unclassified",
    "surface": "asphalt"
   }
  },
  {
   "type": "Feature",
   "geometry": {
    "type": "LineString",
    "coordinates": [
     [
      177479.24442527385,
      273882.7197525779
     ],
     [
      177485.43277802767,
      273862.03580790496
     ],
     [
      177484.0874383037,
      273845.5197663463
     ],
     [
      177475.05565614553,
      273830.44281799364
     ],
     [
      177378.82613405766,
      273672.82117611927
     ],
     [
      177269.5943214219,
      273489.8715375736
     ],
     [
      177275.91168358453,
      273484.3973794598
     ]
    ]
   },
   "properties": {
    "osm_id": "503476992",
    "osm_type": "way",
    "osm_version": "3",
    "osm_timestamp": "2025-04-18T12:58:49Z",
    "highway": "track",
    "surface": "concrete",
    "tracktype": "grade1"
   }
  },
  {
   "type": "Feature",
   "geometry": {
    "type": "LineString",
    "coordinates": [
     [
      175307.50171740228,
      274377.43557596
     ],
     [
      175525.6066386336,
      274067.7812514578
     ],
     [
      175700.8610792404,
      273819.67582629545
     ],
     [
      175846.29733407882,
      273613.8113235686
     ],
     [
      175958.6029899803,
      273454.8324011392
     ],
     [
      175998.24763529107,
      273398.7127321714
     ],
     [
      176028.50388289962,
      273376.59974255564
     ],
     [
      176033.37830882147,
      273370.78459616756
     ],
     [
      176034.63095183665,
      273364.9346129145
     ],
     [
      176043.92165922592,
      273331.7382614388
     ],
     [
      176065.6854197189,
      273257.7598330122
     ],
     [
      176074.67095472905,
      273236.7902134749
     ],
     [
      176093.94492702966,
      273201.11584612826
     ],
     [
      176102.44596127898,
      273186.67096246855
     ],
     [
      176107.25047359674,
      273178.4929617858
     ],
     [
      176109.17539511496,
      273171.5428929838
     ],
     [
      176111.23845197246,
      273147.7069782298
     ],
     [
      176111.7780851795,
      273127.3808537476
     ],
     [
      176114.38482694112,
      273116.03566507925
     ],
     [
      176116.76407619513,
      273108.3854671046
     ],
     [
      176118.6261977114,
      273105.30746703874
     ],
     [
      176131.7701463746,
      273097.5180890047
     ],
     [
      176152.19664321694,
      273090.6526570786
     ]
    ]
   },
   "properties": {
    "osm_id": "503476993",
    "osm_type": "way",
    "osm_version": "6",
    "osm_timestamp": "2026-07-20T08:30:14Z",
    "highway": "unclassified",
    "surface": "asphalt"
   }
  },
  {
   "type": "Feature",
   "geometry": {
    "type": "LineString",
    "coordinates": [
     [
      176152.19664321694,
      273090.6526570786
     ],
     [
      176157.41603185178,
      273118.91828073695
     ],
     [
      176160.93350522668,
      273127.8510494881
     ],
     [
      176208.36167901324,
      273245.8143749695
     ],
     [
      176222.8861519443,
      273284.60637284594
     ],
     [
      176225.4861375786,
      273295.08366916445
     ],
     [
      176228.7954944428,
      273311.7053414385
     ],
     [
      176233.87300834237,
      273327.70111785445
     ],
     [
      176241.2864458442,
      273343.9015895216
     ],
     [
      176244.05726142947,
      273349.9407356847
     ],
     [
      176249.4426987422,
      273358.10315911117
     ]
    ]
   },
   "properties": {
    "osm_id": "503476994",
    "osm_type": "way",
    "osm_version": "4",
    "osm_timestamp": "2025-08-26T12:16:37Z",
    "highway": "residential"
   }
  },
  {
   "type": "Feature",
   "geometry": {
    "type": "LineString",
    "coordinates": [
     [
      177403.89572326824,
      271074.8077115406
     ],
     [
      177397.9675273309,
      271156.9086107917
     ],
     [
      177396.66073927155,
      271170.8351105874
     ],
     [
      177395.6653091083,
      271181.532417538
     ],
     [
      177394.53634212134,
      271193.57245793677
     ],
     [
      177392.12841677075,
      271208.68877519114
     ],
     [
      177391.80502105865,
      271210.74201042234
     ],
     [
      177389.52417688773,
      271218.2362778671
     ],
     [
      177385.2253316242,
      271228.83084722975
     ],
     [
      177383.4353086098,
      271231.8751115792
     ],
     [
      177380.464032412,
      271236.9192716727
     ],
     [
      177374.3167217782,
      271245.38834615477
     ],
     [
      177367.72920320294,
      271252.9598864118
     ],
     [
      177356.92459965605,
      271263.61501825514
     ],
     [
      177318.42140493522,
      271301.56435447704
     ],
     [
      177328.68982375335,
      271313.8090035067
     ],
     [
      177351.51099093346,
      271339.6017738347
     ],
     [
      177360.36323741596,
      271347.467759551
     ],
     [
      177365.8205049507,
      271351.42592811404
     ],
     [
      177371.08587528553,
      271355.2736344906
     ],
     [
      177407.31261825666,
      271381.7543657267
     ],
     [
      177471.51070707402,
      271428.5460983471
     ],
     [
      177529.75736261727,
      271471.0040274473
     ],
     [
      177665.0777270373,
      271569.08802912873
     ],
     [
      177705.01949634217,
      271589.3813409301
     ],
     [
      177713.28737109015,
      271593.576908534
     ],
     [
      177761.95248396537,
      271617.8652335575
     ],
     [
      177777.92116688858,
      271625.74752849265
     ]
    ]
   },
   "properties": {
    "osm_id": "508047620",
    "osm_type": "way",
    "osm_version": "9",
    "osm_timestamp": "2026-09-09T08:48:05Z",
    "highway": "residential",
    "lanes": "1",
    "name": "광탄길",
    "name:en": "Gwangtan-gil",
    "surface": "asphalt"
   }
  },
  {
   "type": "Feature",
   "geometry": {
    "type": "LineString",
    "coordinates": [
     [
      177328.68982375335,
      271313.8090035067
     ],
     [
      177297.44474140284,
      271364.2102832096
     ],
     [
      177293.74864704133,
      271367.6254282064
     ],
     [
      177289.56571480152,
      271369.74376369844
     ],
     [
      177285.4780906695,
      271369.83161882317
     ],
     [
      177281.20542825715,
      271368.89926803624
     ],
     [
      177207.9973912153,
      271332.0607556495
     ],
     [
      177206.09874581615,
      271331.77705798723
     ],
     [
      177204.3288171841,
      271331.88133664255
     ],
     [
      177202.52425096417,
      271332.7290159522
     ],
     [
      177201.16768079548,
      271333.9305894169
     ],
     [
      177125.93350119278,
      271435.1877377183
     ],
     [
      177122.72338511888,
      271439.51145970746
     ],
     [
      177110.55582237613,
      271455.87275216746
     ],
     [
      177108.0621220896,
      271458.4306952306
     ],
     [
      177105.42042277814,
      271460.19022613956
     ],
     [
      177093.26189857515,
      271465.61260319594
     ],
     [
      177091.5866751397,
      271467.0812567729
     ],
     [
      177090.31376742333,
      271468.88172552094
     ],
     [
      177089.27859949076,
      271470.8812925288
     ],
     [
      177088.6544249195,
      271473.0351448325
     ],
     [
      177087.08049645394,
      271500.2532670079
     ],
     [
      177086.44494331584,
      271505.13633042463
     ],
     [
      177084.5314647794,
      271509.8229136593
     ],
     [
      177064.6456957208,
      271551.920140148
     ],
     [
      177054.00549259668,
      271558.73662112624
     ],
     [
      177044.66359260614,
      271570.2094215219
     ],
     [
      177031.1238220228,
      271606.7436112196
     ],
     [
      177016.31946290025,
      271623.01184046693
     ],
     [
      177000.15295546598,
      271659.8966329572
     ]
    ]
   },
   "properties": {
    "osm_id": "508047621",
    "osm_type": "way",
    "osm_version": "3",
    "osm_timestamp": "2026-03-02T01:43:44Z",
    "highway": "residential",
    "lanes": "1",
    "name": "원곡길",
    "name:en": "Wongok-gil",
    "surface": "asphalt"
   }
  },
  {
   "type": "Feature",
   "geometry": {
    "type": "LineString",
    "coordinates": [
     [
      176806.18181968847,
      270776.4444459926
     ],
     [
      176806.03064579444,
      270767.2477166532
     ],
     [
      176970.67407672477,
      270773.0426904387
     ],
     [
      177113.56869455913,
      270777.5972399845
     ],
     [
      177222.17687336038,
      270781.05263152905
     ],
     [
      177436.790355233,
      270787.1971504595
     ],
     [
      177449.11024978172,
      270787.53274727584
     ]
    ]
   },
   "properties": {
    "osm_id": "508047622",
    "osm_type": "way",
    "osm_version": "6",
    "osm_timestamp": "2026-03-02T03:16:42Z",
    "highway": "service",
    "name": "금영로"
   }
  },
  {
   "type": "Feature",
   "geometry": {
    "type": "LineString",
    "coordinates": [
     [
      177843.1581927584,
      270394.5737199347
     ],
     [
      177853.64899073465,
      270400.57236466673
     ],
     [
      177857.19564173833,
      270403.00446897064
     ],
     [
      177938.16251223176,
      270480.19013120607
     ],
     [
      177965.08069263372,
      270505.7082261336
     ],
     [
      177968.1532860251,
      270508.36340456334
     ],
     [
      177973.25414215433,
      270512.0121580781
     ],
     [
      177977.25940423855,
      270515.44167905574
     ],
     [
      177980.62609688865,
      270518.96149916475
     ],
     [
      177987.30603553835,
      270526.5448886803
     ],
     [
      178007.5528120893,
      270551.89063266024
     ],
     [
      178013.03791940951,
      270559.74318719096
     ],
     [
      178018.90157602174,
      270569.4253765925
     ],
     [
      178023.76702032448,
      270577.645542102
     ],
     [
      178027.6742647494,
      270585.8569274706
     ],
     [
      178030.27140977714,
      270595.71341801784
     ],
     [
      178031.66515296794,
      270606.0498629793
     ],
     [
      178031.7763152934,
      270610.520562803
     ],
     [
      178029.87128421207,
      270634.1225498228
     ],
     [
      178028.43574738456,
      270651.8545663452
     ],
     [
      178027.46179231443,
      270709.61339642614
     ],
     [
      178026.9831430316,
      270738.15996684926
     ]
    ]
   },
   "properties": {
    "osm_id": "508047624",
    "osm_type": "way",
    "osm_version": "7",
    "osm_timestamp": "2026-03-06T16:32:22Z",
    "highway": "residential",
    "name": "연동길",
    "name:en": "Yeondong-gil",
    "name:ko": "연동길",
    "surface": "asphalt"
   }
  },
  {
   "type": "Feature",
   "geometry": {
    "type": "LineString",
    "coordinates": [
     [
      177532.99987130228,
      270799.18514423916
     ],
     [
      177436.22943131215,
      270796.51768627245
     ],
     [
      177414.6286202658,
      270795.94994996116
     ],
     [
      177221.96428469304,
      270790.91592790704
     ],
     [
      177218.9253798431,
      270790.8347747779
     ],
     [
      177113.1719355991,
      270786.75097216753
     ],
     [
      176972.1002257673,
      270781.29318841075
     ],
     [
      176806.18181968847,
      270776.4444459926
     ],
     [
      176658.53123064624,
      270771.30781667423
     ],
     [
      176622.3303623417,
      270760.2620583692
     ],
     [
      176457.97210149132,
      270702.5960226748
     ],
     [
      176452.521219877,
      270701.4119367423
     ],
     [
      176435.06205983748,
      270704.0087643965
     ],
     [
      176420.0818499153,
      270680.71636997507
     ],
     [
      176393.2066410419,
      270669.747228487
     ],
     [
      176361.25537051115,
      270671.9601892115
     ],
     [
      176327.16435496125,
      270672.4703118635
     ],
     [
      176288.83502047812,
      270681.9002618853
     ],
     [
      176267.53189617422,
      270683.65316273976
     ]
    ]
   },
   "properties": {
    "osm_id": "508047626",
    "osm_type": "way",
    "osm_version": "7",
    "osm_timestamp": "2026-03-02T03:16:42Z",
    "highway": "residential",
    "name": "금영로"
   }
  },
  {
   "type": "Feature",
   "geometry": {
    "type": "LineString",
    "coordinates": [
     [
      176784.8617762271,
      270173.5610566989
     ],
     [
      176772.68143487157,
      270217.5584911539
     ],
     [
      176769.252284004,
      270229.1385052493
     ],
     [
      176766.4384850717,
      270238.67561518244
     ],
     [
      176747.32403427077,
      270290.32360062806
     ],
     [
      176732.33118853805,
      270326.34044034354
     ],
     [
      176727.97080866448,
      270344.86783348717
     ],
     [
      176717.48285280037,
      270454.5499229324
     ],
     [
      176715.62301928032,
      270494.5160685512
     ],
     [
      176698.5992312807,
      270535.49728851975
     ],
     [
      176622.3303623417,
      270760.2620583692
     ],
     [
      176583.92822340445,
      270869.1174448567
     ],
     [
      176597.6942148995,
      270892.4687007104
     ],
     [
      176608.47556635464,
      270897.79951714893
     ],
     [
      176619.2506677507,
      270900.7007257347
     ],
     [
      176634.95463977865,
      270914.7833798092
     ],
     [
      176646.23245055045,
      270921.5774055958
     ],
     [
      176647.76408047596,
      270945.94750444003
     ],
     [
      176656.67963222932,
      270988.8038541062
     ],
     [
      176658.20371797433,
      271010.24509879376
     ],
     [
      176658.27489036074,
      271038.013780892
     ],
     [
      176659.13457430646,
      271049.4497317851
     ]
    ]
   },
   "properties": {
    "osm_id": "508838342",
    "osm_type": "way",
    "osm_version": "3",
    "osm_timestamp": "2025-12-23T15:05:33Z",
    "highway": "residential"
   }
  },
  {
   "type": "Feature",
   "geometry": {
    "type": "LineString",
    "coordinates": [
     [
      177466.5115621207,
      270115.95679882163
     ],
     [
      177450.24611846407,
      270184.75896586274
     ],
     [
      177424.93500188476,
      270285.7789899939
     ],
     [
      177411.86856861287,
      270337.9541867176
     ],
     [
      177408.73621318213,
      270355.4464367518
     ],
     [
      177407.74873219553,
      270369.3943138549
     ],
     [
      177407.77456950315,
      270379.81171766977
     ],
     [
      177407.89551341892,
      270380.74333177163
     ],
     [
      177409.22592243843,
      270391.00218123896
     ],
     [
      177412.08406659617,
      270402.77715001133
     ],
     [
      177413.5280859837,
      270407.33329186734
     ],
     [
      177419.7987335541,
      270418.9222947797
     ],
     [
      177423.46270026232,
      270424.46032065526
     ],
     [
      177439.94362628396,
      270446.607918647
     ],
     [
      177451.85623224167,
      270466.5480108292
     ],
     [
      177454.60761129856,
      270472.08830844186
     ],
     [
      177464.75269778524,
      270515.3306477321
     ],
     [
      177466.9959115057,
      270529.4147536295
     ],
     [
      177467.59294793906,
      270534.67193557136
     ],
     [
      177467.82854846565,
      270537.6889798126
     ],
     [
      177467.74484136823,
      270540.74009660876
     ],
     [
      177467.32363101878,
      270543.84751941706
     ],
     [
      177465.42650581826,
      270551.61816487915
     ],
     [
      177473.80173587537,
      270558.20960179187
     ],
     [
      177480.57679981142,
      270563.5069789942
     ],
     [
      177485.9347322617,
      270567.7206306368
     ],
     [
      177493.8436057567,
      270573.93603526306
     ],
     [
      177500.33638971692,
      270579.48929161375
     ],
     [
      177505.67054406658,
      270585.1674502862
     ],
     [
      177511.9942858735,
      270592.4851130036
     ],
     [
      177516.21740381757,
      270599.08684108075
     ],
     [
      177523.83250270013,
      270612.0039044273
     ],
     [
      177527.94845293788,
      270619.5600052005
     ],
     [
      177531.2634193835,
      270627.95015010244
     ],
     [
      177533.4810418851,
      270635.4110886042
     ],
     [
      177535.44498513933,
      270643.615966003
     ],
     [
      177537.05153293,
      270651.21154330217
     ],
     [
      177539.20028625196,
      270664.0533492244
     ],
     [
      177538.1646210102,
      270688.13035805774
     ],
     [
      177536.6719193772,
      270722.9920764643
     ],
     [
      177536.04363302665,
      270734.64255673613
     ],
     [
      177534.10313028737,
      270769.22802707664
     ]
    ]
   },
   "properties": {
    "osm_id": "508838349",
    "osm_type": "way",
    "osm_version": "16",
    "osm_timestamp": "2026-03-07T16:01:09Z",
    "highway": "tertiary",
    "name": "금영로",
    "surface": "asphalt"
   }
  },
  {
   "type": "Feature",
   "geometry": {
    "type": "LineString",
    "coordinates": [
     [
      178102.6355057762,
      270352.5759524643
     ],
     [
      178102.72588370877,
      270393.96822795464
     ],
     [
      178101.01874693995,
      270492.38906792895
     ],
     [
      178101.82756453007,
      270506.1772274541
     ],
     [
      178104.34549000076,
      270532.4533605683
     ],
     [
      178106.26556239714,
      270571.9663270841
     ],
     [
      178108.0768508147,
      270585.2084627146
     ],
     [
      178109.18908729113,
      270596.15577703033
     ],
     [
      178109.6867229869,
      270605.7732632106
     ],
     [
      178108.04943011046,
      270630.75027117
     ],
     [
      178107.54757906828,
      270638.36210751807
     ],
     [
      178107.89214402676,
      270717.1745735438
     ],
     [
      178107.19990331988,
      270759.467383967
     ],
     [
      178106.63602958084,
      270764.0506502266
     ],
     [
      178104.10428528965,
      270773.7530805072
     ]
    ]
   },
   "properties": {
    "osm_id": "508838352",
    "osm_type": "way",
    "osm_version": "4",
    "osm_timestamp": "2026-03-06T16:32:22Z",
    "highway": "service",
    "name": "오강길",
    "surface": "concrete",
    "tracktype": "grade1"
   }
  },
  {
   "type": "Feature",
   "geometry": {
    "type": "LineString",
    "coordinates": [
     [
      175478.4862061155,
      271814.01723568357
     ],
     [
      175468.88532861648,
      271823.36227498844
     ],
     [
      175460.73331697416,
      271838.7719785185
     ],
     [
      175446.30753517506,
      271933.3450501066
     ],
     [
      175449.79737828212,
      271958.67492804315
     ],
     [
      175449.8657073776,
      271984.0140339088
     ],
     [
      175442.61806230375,
      272016.67289565416
     ],
     [
      175423.58468668506,
      272036.7050211574
     ],
     [
      175400.65967760817,
      272068.4299603616
     ],
     [
      175394.44520571642,
      272122.0542319355
     ],
     [
      175392.5467925424,
      272145.4460703816
     ],
     [
      175393.58482265603,
      272164.9247917079
     ],
     [
      175392.1857036785,
      272190.75602040446
     ],
     [
      175386.82504392965,
      272242.9135570827
     ]
    ]
   },
   "properties": {
    "osm_id": "508838901",
    "osm_type": "way",
    "osm_version": "3",
    "osm_timestamp": "2020-05-05T00:25:56Z",
    "highway": "service"
   }
  },
  {
   "type": "Feature",
   "geometry": {
    "type": "LineString",
    "coordinates": [
     [
      175380.14309949032,
      272261.92500833736
     ],
     [
      175346.73257605085,
      272258.8313742145
     ],
     [
      175328.1398794324,
      272262.77583281614
     ],
     [
      175308.1059425859,
      272273.55830683064
     ],
     [
      175274.8994396746,
      272301.9055359446
     ],
     [
      175231.43184646452,
      272334.6630386884
     ],
     [
      175183.0692125372,
      272368.90963476745
     ],
     [
      175175.26655835257,
      272381.5894716543
     ],
     [
      175142.52163431182,
      272398.2536694005
     ],
     [
      175119.06039218756,
      272410.01112717733
     ],
     [
      175099.99288837324,
      272423.6759352307
     ],
     [
      175097.599767456,
      272442.6869684749
     ],
     [
      175102.0346333568,
      272456.3207910323
     ],
     [
      175116.28010739235,
      272474.310028919
     ],
     [
      175123.16114324497,
      272485.00828751235
     ],
     [
      175125.44129718497,
      272501.43267312093
     ]
    ]
   },
   "properties": {
    "osm_id": "508838902",
    "osm_type": "way",
    "osm_version": "2",
    "osm_timestamp": "2020-05-05T00:25:56Z",
    "highway": "service"
   }
  },
  {
   "type": "Feature",
   "geometry": {
    "type": "LineString",
    "coordinates": [
     [
      175462.04650708576,
      274626.39510944334
     ],
     [
      175465.41432691118,
      274633.90796299203
     ],
     [
      175482.25340324914,
      274671.49443869566
     ],
     [
      175487.11127363017,
      274687.00227788324
     ],
     [
      175490.34521422032,
      274702.39245822054
     ],
     [
      175492.15318470093,
      274713.2710998336
     ],
     [
      175492.50052279243,
      274727.0825739121
     ],
     [
      175490.56273437748,
      274745.88154871034
     ],
     [
      175481.16821166012,
      274796.78535606177
     ],
     [
      175478.7328988526,
      274820.48936050327
     ],
     [
      175477.97713835785,
      274837.8872716152
     ],
     [
      175479.2122666803,
      274859.58440703945
     ],
     [
      175481.42735369434,
      274886.14930273156
     ],
     [
      175498.49747071308,
      274955.5203900253
     ],
     [
      175506.0744747514,
      274985.0330323264
     ],
     [
      175509.7478012547,
      274997.67065317975
     ],
     [
      175517.2104225005,
      275015.2128536428
     ],
     [
      175524.35175247406,
      275032.0015120097
     ],
     [
      175564.57035611777,
      275111.6170802124
     ],
     [
      175570.30828862241,
      275125.52502563485
     ],
     [
      175574.84961795853,
      275138.781624093
     ],
     [
      175621.70713727674,
      275286.3988532208
     ],
     [
      175627.77646675592,
      275304.92118296074
     ],
     [
      175635.1038084847,
      275353.84966112406
     ],
     [
      175658.9914907821,
      275504.0138139515
     ],
     [
      175666.7770641232,
      275567.5190359121
     ],
     [
      175671.26411374894,
      275621.9801305742
     ],
     [
      175698.51815363247,
      275871.93994517444
     ],
     [
      175700.8023567195,
      275890.5612075374
     ],
     [
      175702.31259842782,
      275902.8274922729
     ],
     [
      175705.94380568614,
      275923.8304364912
     ],
     [
      175708.59543147797,
      275936.61510626826
     ],
     [
      175714.8215816164,
      275959.4416856438
     ],
     [
      175732.14053247232,
      276020.92456248024
     ],
     [
      175741.34226013464,
      276051.5536245747
     ],
     [
      175798.84288258126,
      276222.55254403973
     ],
     [
      175833.42667639357,
      276350.05640988133
     ],
     [
      175838.65664741612,
      276382.59326962684
     ],
     [
      175854.31854278254,
      276480.0375340448
     ],
     [
      175863.81990971862,
      276510.49952316773
     ],
     [
      175907.1135287327,
      276649.37446529034
     ],
     [
      175936.74700214813,
      276706.2431823966
     ],
     [
      176022.1714371963,
      276870.16920927336
     ],
     [
      176066.5137628085,
      276948.26740791026
     ],
     [
      176091.46973624025,
      276992.2240548017
     ],
     [
      176144.91477585025,
      277057.64006059786
     ],
     [
      176197.47167466133,
      277121.97146178834
     ],
     [
      176222.68628173438,
      277167.6141336427
     ],
     [
      176271.2639307672,
      277255.5207511636
     ],
     [
      176307.69201777305,
      277321.45922157983
     ],
     [
      176328.8720297897,
      277376.43195852387
     ],
     [
      176328.02929101457,
      277430.97393606784
     ],
     [
      176321.2755902791,
      277512.67917572835
     ],
     [
      176310.43808161665,
      277626.29131857684
     ],
     [
      176296.35449732086,
      277669.8955409113
     ],
     [
      176274.8991847669,
      277736.3068225456
     ],
     [
      176244.4482169777,
      277828.54713349324
     ],
     [
      176241.5779403496,
      277899.03704272036
     ],
     [
      176279.49735238374,
      277999.2419969342
     ],
     [
      176351.6917481089,
      278110.5631368169
     ],
     [
      176382.28462084045,
      278167.57510024
     ],
     [
      176396.65151291064,
      278236.6777782059
     ],
     [
      176405.089622773,
      278280.4119951661
     ],
     [
      176414.37788069402,
      278328.53737995285
     ],
     [
      176442.7627225931,
      278374.8270467562
     ],
     [
      176474.68526297624,
      278407.17312924
     ],
     [
      176484.16997539502,
      278415.1476038827
     ],
     [
      176607.71576911033,
      278525.8498649923
     ],
     [
      176658.33098814488,
      278591.30951072107
     ],
     [
      176675.85814956806,
      278613.9746419071
     ],
     [
      176702.36693600396,
      278654.84479812026
     ],
     [
      176710.72041981996,
      278662.73365517834
     ],
     [
      176729.9881875163,
      278695.86750346544
     ],
     [
      176754.7119045793,
      278766.17572295334
     ],
     [
      176813.5941954807,
      278903.14043155377
     ],
     [
      176824.57427410944,
      278918.6445156794
     ],
     [
      176833.7139359215,
      278927.496689831
     ],
     [
      176863.83682604952,
      278941.84258145967
     ],
     [
      176880.2728442101,
      278951.7856560828
     ],
     [
      176909.5318283619,
      278984.9943128681
     ],
     [
      176931.53369018258,
      279032.64416400547
     ],
     [
      176998.69582482392,
      279136.0286155728
     ],
     [
      177005.1031176185,
      279153.2974100966
     ],
     [
      177006.6322000481,
      279166.69553063595
     ],
     [
      177014.3533732668,
      279234.82866857765
     ],
     [
      177030.35080739713,
      279273.49643603043
     ],
     [
      177048.23952394715,
      279303.02878968045
     ]
    ]
   },
   "properties": {
    "osm_id": "508838909",
    "osm_type": "way",
    "osm_version": "16",
    "osm_timestamp": "2025-09-22T11:50:45Z",
    "highway": "tertiary",
    "lanes": "2",
    "name": "유곡로",
    "name:en": "Yugok-ro",
    "name:ko": "유곡로",
    "ref": "27",
    "review": "no",
    "surface": "asphalt",
    "width": "6"
   }
  },
  {
   "type": "Feature",
   "geometry": {
    "type": "LineString",
    "coordinates": [
     [
      175407.65923672696,
      274529.9106041786
     ],
     [
      175462.04650708576,
      274626.39510944334
     ]
    ]
   },
   "properties": {
    "osm_id": "508838910",
    "osm_type": "way",
    "osm_version": "5",
    "osm_timestamp": "2023-10-17T17:14:30Z",
    "bridge": "yes",
    "highway": "tertiary",
    "layer": "1",
    "name": "유곡로",
    "name:en": "Pyeongdongyeongyegil",
    "name:ko": "유곡로",
    "name:ko-Latn": "Pyeongdongyeongyegil",
    "ref": "27",
    "review": "no",
    "surface": "asphalt"
   }
  },
  {
   "type": "Feature",
   "geometry": {
    "type": "LineString",
    "coordinates": [
     [
      175153.26673285002,
      270829.11916441825
     ],
     [
      175166.48892840708,
      270822.3378019311
     ],
     [
      175177.44667647,
      270811.6907391788
     ],
     [
      175225.7549594221,
      270751.05120598
     ]
    ]
   },
   "properties": {
    "osm_id": "539130546",
    "osm_type": "way",
    "osm_version": "3",
    "osm_timestamp": "2025-04-18T12:40:41Z",
    "highway": "tertiary",
    "name": "죽림길",
    "name:en": "Jungnim-gil",
    "name:ko": "죽림길",
    "surface": "asphalt"
   }
  },
  {
   "type": "Feature",
   "geometry": {
    "type": "LineString",
    "coordinates": [
     [
      175254.408930621,
      270731.1035227569
     ],
     [
      175261.3483348788,
      270732.63786536717
     ],
     [
      175270.44912549105,
      270737.05084725114
     ],
     [
      175287.35637256256,
      270746.4239678537
     ],
     [
      175295.16334093554,
      270751.5727048963
     ],
     [
      175302.58464450945,
      270752.4733998994
     ],
     [
      175413.04947178948,
      270763.8012912106
     ],
     [
      175499.65067305387,
      270764.66624949756
     ]
    ]
   },
   "properties": {
    "osm_id": "539130547",
    "osm_type": "way",
    "osm_version": "4",
    "osm_timestamp": "2025-04-18T12:40:41Z",
    "highway": "unclassified",
    "name": "죽림길",
    "name:en": "Jungnim-gil",
    "name:ko": "죽림길"
   }
  },
  {
   "type": "Feature",
   "geometry": {
    "type": "LineString",
    "coordinates": [
     [
      176725.0721923424,
      271049.65817835793
     ],
     [
      176726.6170905505,
      271057.8861507164
     ],
     [
      176730.90011926857,
      271080.6516660743
     ],
     [
      176732.68548535768,
      271090.143767915
     ],
     [
      176787.18227119907,
      271334.61038062983
     ],
     [
      176802.59662108467,
      271403.7436683103
     ],
     [
      176815.25833654622,
      271481.30452290457
     ],
     [
      176828.18877041302,
      271560.5621372796
     ],
     [
      176834.67898551936,
      271575.9777109601
     ],
     [
      176837.500134494,
      271580.23072223365
     ],
     [
      176855.06830109455,
      271606.7789426501
     ],
     [
      176859.31835661113,
      271613.20279981155
     ],
     [
      176863.2403246452,
      271630.5553197747
     ],
     [
      176863.3422349921,
      271670.66074259364
     ],
     [
      176863.37428831277,
      271683.2748138333
     ],
     [
      176870.45653426982,
      271770.1691145852
     ]
    ]
   },
   "properties": {
    "osm_id": "539331003",
    "osm_type": "way",
    "osm_version": "3",
    "osm_timestamp": "2026-08-30T01:27:43Z",
    "highway": "residential",
    "lanes": "2",
    "surface": "asphalt"
   }
  },
  {
   "type": "Feature",
   "geometry": {
    "type": "LineString",
    "coordinates": [
     [
      175498.07545636405,
      270962.6805061246
     ],
     [
      175500.34978561464,
      270987.2370419083
     ],
     [
      175505.1790925528,
      271011.7867067189
     ],
     [
      175513.5392744466,
      271032.7656281331
     ],
     [
      175520.59801317807,
      271044.85047191515
     ],
     [
      175527.99704072956,
      271054.53805006045
     ],
     [
      175537.3174150721,
      271062.7338442484
     ],
     [
      175546.11906250246,
      271068.0576315485
     ],
     [
      175555.1357365725,
      271071.9053156555
     ],
     [
      175569.09863293092,
      271075.9394345487
     ],
     [
      175605.5547012892,
      271086.8471973242
     ]
    ]
   },
   "properties": {
    "osm_id": "539331009",
    "osm_type": "way",
    "osm_version": "5",
    "osm_timestamp": "2026-08-30T01:27:43Z",
    "bridge": "yes",
    "highway": "secondary_link",
    "layer": "1",
    "oneway": "yes",
    "review": "no",
    "surface": "asphalt"
   }
  },
  {
   "type": "Feature",
   "geometry": {
    "type": "LineString",
    "coordinates": [
     [
      176010.21424673294,
      273020.6326587724
     ],
     [
      175998.87210385548,
      273068.21261506714
     ],
     [
      175992.00320516917,
      273092.6825106264
     ],
     [
      175987.20460434118,
      273103.07941067853
     ],
     [
      175982.7720000414,
      273110.4244223372
     ],
     [
      175972.79641750912,
      273122.64336093253
     ],
     [
      175959.10279108174,
      273136.4031418697
     ],
     [
      175942.85804158603,
      273154.84037718776
     ],
     [
      175934.08075814377,
      273168.232185399
     ],
     [
      175929.50769275328,
      273177.6300366931
     ],
     [
      175902.46514281107,
      273231.84167066583
     ],
     [
      175899.52939990084,
      273235.9654215501
     ],
     [
      175894.9836683577,
      273241.8796164025
     ],
     [
      175861.2876487696,
      273267.297168393
     ]
    ]
   },
   "properties": {
    "osm_id": "539331013",
    "osm_type": "way",
    "osm_version": "3",
    "osm_timestamp": "2025-09-08T12:45:42Z",
    "highway": "service"
   }
  },
  {
   "type": "Feature",
   "geometry": {
    "type": "LineString",
    "coordinates": [
     [
      174631.91729847126,
      273615.96212032996
     ],
     [
      174651.38524551195,
      273593.2865974059
     ],
     [
      174690.7394929061,
      273557.20934738376
     ],
     [
      174714.3271335606,
      273526.54570883163
     ],
     [
      174739.20382064467,
      273513.2522179159
     ],
     [
      174763.25380380993,
      273497.8864559749
     ],
     [
      174781.0743855116,
      273486.2546087033
     ],
     [
      174827.42673131716,
      273479.8912720356
     ],
     [
      174873.24109644638,
      273473.5962233358
     ],
     [
      174935.9070364099,
      273458.135467749
     ],
     [
      175006.52804934664,
      273472.5524020223
     ],
     [
      175093.8067793306,
      273490.36350362346
     ],
     [
      175108.6769007364,
      273497.16799119423
     ],
     [
      175135.2512874745,
      273520.69288910175
     ],
     [
      175150.6215444058,
      273530.2807447297
     ],
     [
      175163.00745492138,
      273542.7501923786
     ],
     [
      175188.296048772,
      273569.8954925171
     ],
     [
      175190.73650866377,
      273571.6417359625
     ],
     [
      175257.3688992308,
      273619.3099746135
     ],
     [
      175286.518039287,
      273650.6497855056
     ],
     [
      175298.0792458299,
      273658.5286204569
     ],
     [
      175318.56032039144,
      273672.4740350907
     ],
     [
      175341.45058192062,
      273693.5022173581
     ],
     [
      175370.60831753997,
      273724.84227347205
     ],
     [
      175400.13609916746,
      273741.2928851478
     ],
     [
      175435.5072256555,
      273766.42573788133
     ],
     [
      175458.00763922738,
      273795.29892781936
     ],
     [
      175469.69302529492,
      273815.5255899827
     ],
     [
      175481.06903296636,
      273876.6799405321
     ],
     [
      175484.45186152638,
      273899.8246112141
     ],
     [
      175482.98214157688,
      273970.52140193374
     ],
     [
      175480.98475720308,
      274001.11375077686
     ],
     [
      175470.24698467203,
      274020.9903866874
     ],
     [
      175469.84409633957,
      274027.1931832387
     ],
     [
      175525.6066386336,
      274067.7812514578
     ]
    ]
   },
   "properties": {
    "osm_id": "539331014",
    "osm_type": "way",
    "osm_version": "4",
    "osm_timestamp": "2025-04-19T11:02:48Z",
    "highway": "residential",
    "surface": "asphalt"
   }
  },
  {
   "type": "Feature",
   "geometry": {
    "type": "LineString",
    "coordinates": [
     [
      175958.6029899803,
      273454.8324011392
     ],
     [
      175923.5288874665,
      273431.5272988729
     ],
     [
      175919.9020959947,
      273426.1450756457
     ],
     [
      175920.59133525979,
      273414.2612784883
     ],
     [
      175916.58915084385,
      273404.9193923061
     ],
     [
      175901.71063691576,
      273384.43436519546
     ],
     [
      175898.43959488842,
      273379.0512085581
     ],
     [
      175894.79081510106,
      273365.3816274002
     ],
     [
      175869.66299337623,
      273298.5053479553
     ],
     [
      175868.70541298145,
      273291.7403776632
     ],
     [
      175867.8223425093,
      273285.55211237964
     ],
     [
      175861.2876487696,
      273267.297168393
     ],
     [
      175852.86026731753,
      273257.75625906355
     ],
     [
      175843.76696870162,
      273248.2393137059
     ],
     [
      175823.05160674176,
      273228.56869995786
     ],
     [
      175809.8633535773,
      273216.08940210857
     ],
     [
      175804.2771412256,
      273211.5112220433
     ],
     [
      175789.89327993084,
      273202.28575513116
     ],
     [
      175776.7961750313,
      273196.66252578393
     ],
     [
      175767.04218482596,
      273192.60579980275
     ],
     [
      175759.25800542047,
      273191.7057060739
     ],
     [
      175754.03148272226,
      273192.0302691528
     ],
     [
      175743.07810518687,
      273193.2132632442
     ],
     [
      175731.39816296622,
      273195.6185786142
     ],
     [
      175726.4594206622,
      273197.8062287679
     ],
     [
      175722.02349840922,
      273200.3919341964
     ],
     [
      175705.59709376367,
      273218.9077441297
     ],
     [
      175701.12105416605,
      273223.5460085483
     ],
     [
      175697.8940322335,
      273224.46435642644
     ],
     [
      175670.28046370865,
      273231.7272318035
     ],
     [
      175642.8365156479,
      273244.4037456702
     ]
    ]
   },
   "properties": {
    "osm_id": "539331015",
    "osm_type": "way",
    "osm_version": "2",
    "osm_timestamp": "2025-09-08T12:45:42Z",
    "highway": "service"
   }
  },
  {
   "type": "Feature",
   "geometry": {
    "type": "LineString",
    "coordinates": [
     [
      175868.70541298145,
      273291.7403776632
     ],
     [
      175858.8230871494,
      273301.15234765573
     ],
     [
      175825.2595874024,
      273321.38865811523
     ],
     [
      175812.60839538844,
      273322.14340353746
     ],
     [
      175806.83802948246,
      273327.1955453052
     ],
     [
      175799.62867755906,
      273336.5782864055
     ],
     [
      175767.62374346686,
      273400.72182917903
     ],
     [
      175756.06593613263,
      273404.3582556571
     ],
     [
      175727.52813990944,
      273413.786810552
     ],
     [
      175679.5624493616,
      273458.54717602005
     ],
     [
      175660.10862332006,
      273484.1493240964
     ],
     [
      175657.50567731785,
      273486.43061497546
     ],
     [
      175654.338444995,
      273489.201564797
     ],
     [
      175634.4649599305,
      273494.30265658576
     ],
     [
      175615.3656217524,
      273515.9432947132
     ],
     [
      175592.26058945348,
      273530.4056217449
     ],
     [
      175577.10015007274,
      273537.63539631036
     ],
     [
      175573.14790664433,
      273547.009581481
     ],
     [
      175555.96431915884,
      273609.31685733446
     ],
     [
      175551.47933528185,
      273624.1064962898
     ],
     [
      175546.6181720747,
      273631.2975624794
     ],
     [
      175533.30675775552,
      273654.3650856177
     ],
     [
      175524.13463400514,
      273666.39377232053
     ],
     [
      175517.0896873036,
      273675.6431728496
     ],
     [
      175435.5072256555,
      273766.42573788133
     ]
    ]
   },
   "properties": {
    "osm_id": "539331016",
    "osm_type": "way",
    "osm_version": "4",
    "osm_timestamp": "2025-09-08T12:45:42Z",
    "highway": "unclassified",
    "surface": "asphalt"
   }
  },
  {
   "type": "Feature",
   "geometry": {
    "type": "LineString",
    "coordinates": [
     [
      178681.3056514046,
      270950.3681699757
     ],
     [
      178686.43144401288,
      270922.010458715
     ],
     [
      178690.45464067205,
      270902.09802707325
     ],
     [
      178693.7475593414,
      270889.8645010503
     ],
     [
      178700.83707559915,
      270870.05584439484
     ],
     [
      178753.34406490065,
      270878.2871419948
     ],
     [
      178753.1262870093,
      270890.54675374273
     ],
     [
      178753.4108684913,
      270899.0997270305
     ],
     [
      178754.538359583,
      270905.1989132628
     ],
     [
      178756.71440135804,
      270910.9406390568
     ],
     [
      178756.86614685858,
      270913.4032001514
     ],
     [
      178756.73568883105,
      270916.15486901446
     ],
     [
      178753.28392868303,
      270938.5621354546
     ],
     [
      178786.98925874295,
      270945.2510349377
     ],
     [
      178801.89647061026,
      270947.823464539
     ],
     [
      178803.52997627459,
      270947.8751335938
     ],
     [
      178804.5699432441,
      270947.7506768762
     ]
    ]
   },
   "properties": {
    "osm_id": "539433848",
    "osm_type": "way",
    "osm_version": "2",
    "osm_timestamp": "2026-03-11T09:15:19Z",
    "highway": "service",
    "service": "parking_aisle"
   }
  },
  {
   "type": "Feature",
   "geometry": {
    "type": "LineString",
    "coordinates": [
     [
      177624.62013369118,
      271097.56059466966
     ],
     [
      177614.37510341703,
      271102.18987582304
     ],
     [
      177612.2964354072,
      271102.92720454093
     ],
     [
      177606.5886111553,
      271104.7052199775
     ],
     [
      177600.79765577748,
      271106.07295714313
     ],
     [
      177594.5313635229,
      271107.0979464837
     ],
     [
      177588.54690563396,
      271107.7006659892
     ],
     [
      177581.87655508288,
      271107.68380123604
     ],
     [
      177575.36135431778,
      271107.67765355116
     ],
     [
      177563.10618263343,
      271107.50814299274
     ],
     [
      177523.6852490084,
      271106.9729809746
     ],
     [
      177458.78889150798,
      271106.97806268797
     ]
    ]
   },
   "properties": {
    "osm_id": "539433849",
    "osm_type": "way",
    "osm_version": "4",
    "osm_timestamp": "2026-03-07T16:01:09Z",
    "highway": "service",
    "name": "신가로",
    "name:en": "Singa-ro"
   }
  },
  {
   "type": "Feature",
   "geometry": {
    "type": "LineString",
    "coordinates": [
     [
      176512.63054826832,
      271076.7853858761
     ],
     [
      176502.72756402215,
      271082.9238553939
     ],
     [
      176409.40480441658,
      271110.3570954656
     ],
     [
      176364.83681178506,
      271186.9785177198
     ],
     [
      176365.60131186587,
      271193.2447781819
     ],
     [
      176401.50435696615,
      271315.2548630511
     ],
     [
      176461.2193817155,
      271506.9863003879
     ],
     [
      176464.9056175866,
      271517.5495850929
     ],
     [
      176525.4243609443,
      271717.67774674605
     ],
     [
      176559.80301795743,
      271833.9567229454
     ],
     [
      176532.34297960813,
      271842.50346661295
     ],
     [
      176497.17940526112,
      271867.6449832142
     ]
    ]
   },
   "properties": {
    "osm_id": "539433858",
    "osm_type": "way",
    "osm_version": "6",
    "osm_timestamp": "2026-08-30T01:27:43Z",
    "highway": "track",
    "surface": "concrete",
    "tracktype": "grade1"
   }
  },
  {
   "type": "Feature",
   "geometry": {
    "type": "LineString",
    "coordinates": [
     [
      177098.36714221875,
      272018.8251572905
     ],
     [
      177099.07964043453,
      272004.64491997217
     ],
     [
      177087.05848468022,
      271977.3500419931
     ],
     [
      177069.51971984585,
      271936.5673807429
     ],
     [
      177065.29919178283,
      271927.2588468716
     ],
     [
      177014.57093158073,
      271917.0913195387
     ],
     [
      177012.94381856505,
      271912.2805256595
     ],
     [
      177015.3508267373,
      271893.5140822064
     ],
     [
      177009.29959083497,
      271874.68024099706
     ],
     [
      177010.8130912016,
      271834.4930705167
     ],
     [
      176984.65421292826,
      271834.5591596515
     ],
     [
      176970.08793671394,
      271818.5204350135
     ],
     [
      176959.38374028588,
      271799.89809501567
     ],
     [
      176934.13003403798,
      271775.5325153714
     ],
     [
      176919.39459400362,
      271772.019700218
     ],
     [
      176906.0284966117,
      271772.3864204053
     ],
     [
      176888.9147792355,
      271773.71677711763
     ],
     [
      176870.45653426982,
      271770.1691145852
     ],
     [
      176843.36463892608,
      271765.8002811811
     ],
     [
      176813.6611351183,
      271767.79518011137
     ],
     [
      176804.3210200506,
      271776.18403031415
     ],
     [
      176796.5679195049,
      271777.1689849808
     ],
     [
      176778.6765627273,
      271781.25290347915
     ],
     [
      176777.2418369906,
      271794.6916925818
     ],
     [
      176774.57028873477,
      271806.1477674073
     ],
     [
      176768.25526850685,
      271816.4593379121
     ],
     [
      176757.31493867896,
      271834.1714868704
     ],
     [
      176731.82768547715,
      271843.5557540883
     ],
     [
      176718.5745992142,
      271838.1201710653
     ],
     [
      176705.32893392784,
      271835.5912806353
     ],
     [
      176684.35164649144,
      271838.8512136957
     ],
     [
      176665.28730548156,
      271833.76341911004
     ],
     [
      176656.59790480192,
      271825.4095381049
     ],
     [
      176650.07752140428,
      271823.18522042927
     ],
     [
      176637.9019024629,
      271814.54075405875
     ],
     [
      176625.83316696208,
      271811.9978648093
     ],
     [
      176618.4085845781,
      271812.9821282278
     ],
     [
      176559.80301795743,
      271833.9567229454
     ]
    ]
   },
   "properties": {
    "osm_id": "539433859",
    "osm_type": "way",
    "osm_version": "2",
    "osm_timestamp": "2020-12-09T14:12:25Z",
    "highway": "residential",
    "lanes": "1",
    "surface": "asphalt"
   }
  },
  {
   "type": "Feature",
   "geometry": {
    "type": "LineString",
    "coordinates": [
     [
      176646.23245055045,
      270921.5774055958
     ],
     [
      176671.35253062856,
      270928.1806582364
     ],
     [
      176698.50596651068,
      270937.7631253911
     ],
     [
      176720.473201539,
      270938.99387838173
     ],
     [
      176809.28873603352,
      270939.41075194866
     ],
     [
      176827.0533780699,
      270942.2500333545
     ],
     [
      176826.4235115984,
      270949.3297546762
     ],
     [
      176822.5913215049,
      270963.80638254347
     ],
     [
      176807.45562915516,
      270982.81604878284
     ],
     [
      176790.70990681264,
      271000.22118067986
     ],
     [
      176784.6270814541,
      271019.5184586635
     ],
     [
      176776.78964737387,
      271048.5165743244
     ]
    ]
   },
   "properties": {
    "osm_id": "539433860",
    "osm_type": "way",
    "osm_version": "2",
    "osm_timestamp": "2025-12-23T15:05:33Z",
    "highway": "residential"
   }
  },
  {
   "type": "Feature",
   "geometry": {
    "type": "LineString",
    "coordinates": [
     [
      177766.0473678935,
      270671.49569600186
     ],
     [
      177686.83973682643,
      270641.84595128964
     ],
     [
      177625.61817872658,
      270619.7966081064
     ],
     [
      177611.87019359687,
      270613.9948320584
     ],
     [
      177609.6777644402,
      270613.04611863167
     ],
     [
      177604.32455358436,
      270610.7183998413
     ],
     [
      177597.3463173759,
      270608.1062312822
     ],
     [
      177589.24748703363,
      270606.2401377219
     ],
     [
      177570.76806627534,
      270602.3471774328
     ],
     [
      177530.41248672662,
      270593.7376815833
     ],
     [
      177527.11710598884,
      270593.29094870883
     ],
     [
      177523.25633521943,
      270593.00093126687
     ],
     [
      177511.9942858735,
      270592.4851130036
     ]
    ]
   },
   "properties": {
    "osm_id": "539433861",
    "osm_type": "way",
    "osm_version": "6",
    "osm_timestamp": "2026-02-28T11:29:44Z",
    "highway": "residential",
    "name": "금영로",
    "surface": "asphalt"
   }
  },
  {
   "type": "Feature",
   "geometry": {
    "type": "LineString",
    "coordinates": [
     [
      175413.04947178948,
      270763.8012912106
     ],
     [
      175421.4052540287,
      270546.27618988784
     ],
     [
      175434.27904573927,
      270332.25585658255
     ],
     [
      175447.02229065017,
      270120.3438701571
     ],
     [
      175459.69664017053,
      269909.7190891281
     ],
     [
      175463.79765817968,
      269839.8144239193
     ],
     [
      175489.6284683327,
      269824.21298063576
     ],
     [
      175497.10054446216,
      269819.9659823061
     ],
     [
      175498.80370451228,
      269818.6855661188
     ],
     [
      175507.96511361658,
      269801.22081339237
     ],
     [
      175521.24537215853,
      269778.03147831524
     ],
     [
      175524.23959468177,
      269764.7436490835
     ],
     [
      175543.77728301665,
      269736.9223445344
     ],
     [
      175552.94389271876,
      269721.3325500709
     ],
     [
      175557.92834291272,
      269711.6782982402
     ],
     [
      175559.57571250273,
      269703.1978937161
     ],
     [
      175565.3411926043,
      269675.0918614935
     ],
     [
      175572.63929289678,
      269656.9554295491
     ],
     [
      175579.61422676875,
      269640.81682998466
     ],
     [
      175583.25717747567,
      269631.1661893884
     ],
     [
      175596.5740793585,
      269614.6777840202
     ],
     [
      175602.06081697118,
      269608.51689257246
     ],
     [
      175611.71942305367,
      269599.34939759906
     ],
     [
      175618.71890339954,
      269592.3413068299
     ],
     [
      175621.5465521419,
      269588.35091610544
     ],
     [
      175627.85559048405,
      269575.6977226057
     ],
     [
      175636.15602259187,
      269556.8930117196
     ],
     [
      175637.63409688132,
      269549.91079623275
     ],
     [
      175637.790175649,
      269543.43135550764
     ],
     [
      175637.4342545721,
      269536.6093630636
     ],
     [
      175640.40309997316,
      269523.9762055087
     ],
     [
      175640.72342793585,
      269517.4852317744
     ],
     [
      175639.01686202353,
      269503.866095159
     ],
     [
      175632.91849608748,
      269472.46357857564
     ],
     [
      175631.06763146975,
      269466.32233223616
     ],
     [
      175627.37521282586,
      269457.52339994936
     ],
     [
      175617.1250629133,
      269433.2766770849
     ],
     [
      175610.74475980893,
      269419.337228355
     ],
     [
      175602.5186423259,
      269404.57066002785
     ],
     [
      175594.98385177285,
      269395.77093583293
     ],
     [
      175587.270350806,
      269384.9969262128
     ],
     [
      175580.2290486568,
      269373.0451347911
     ],
     [
      175573.18371326214,
      269359.5956405633
     ],
     [
      175568.65110070916,
      269350.63257176994
     ],
     [
      175562.60499771577,
      269338.8445391468
     ],
     [
      175557.40436366876,
      269329.2287088959
     ],
     [
      175553.5401691301,
      269321.0848267695
     ],
     [
      175544.1628236964,
      269309.3168384888
     ],
     [
      175536.45627884514,
      269301.1832767068
     ],
     [
      175528.43057452727,
      269296.5563505054
     ],
     [
      175506.70186362145,
      269287.14027017105
     ],
     [
      175492.32481800287,
      269282.85218201665
     ],
     [
      175477.29424900515,
      269279.90827522246
     ],
     [
      175462.92210691154,
      269277.4507656465
     ],
     [
      175454.90214129075,
      269274.97616623796
     ],
     [
      175448.3728629119,
      269266.8506016917
     ],
     [
      175441.31860334135,
      269253.5787407764
     ],
     [
      175437.31197184313,
      269253.5895398211
     ],
     [
      175434.16052596355,
      269255.9721972109
     ]
    ]
   },
   "properties": {
    "osm_id": "539433862",
    "osm_type": "way",
    "osm_version": "5",
    "osm_timestamp": "2025-04-18T12:40:41Z",
    "highway": "track",
    "surface": "concrete",
    "tracktype": "grade1"
   }
  },
  {
   "type": "Feature",
   "geometry": {
    "type": "LineString",
    "coordinates": [
     [
      175149.38329642848,
      275350.91488147003
     ],
     [
      175145.29698414032,
      275140.5777920303
     ],
     [
      175141.23096197812,
      274931.0395038769
     ],
     [
      175137.12392374515,
      274719.8927188236
     ],
     [
      175133.38282055373,
      274509.1887724079
     ],
     [
      175131.485826332,
      274402.52222138783
     ],
     [
      175129.29269807925,
      274347.700171237
     ],
     [
      175130.57941515665,
      274344.56806015404
     ],
     [
      175134.4657662666,
      274341.4177487881
     ],
     [
      175171.99451319137,
      274335.5018312303
     ],
     [
      175185.732265787,
      274335.67513945437
     ],
     [
      175197.55883078245,
      274337.4512584338
     ],
     [
      175206.10108086083,
      274335.6972613586
     ]
    ]
   },
   "properties": {
    "osm_id": "549248501",
    "osm_type": "way",
    "osm_version": "4",
    "osm_timestamp": "2024-04-08T12:06:54Z",
    "highway": "track",
    "surface": "concrete",
    "tracktype": "grade1"
   }
  },
  {
   "type": "Feature",
   "geometry": {
    "type": "LineString",
    "coordinates": [
     [
      175406.3847582514,
      274527.4733032271
     ],
     [
      175395.88610797608,
      274544.4094120447
     ],
     [
      175383.08980972946,
      274565.05724889017
     ],
     [
      175368.82828349256,
      274590.2799256826
     ],
     [
      175357.36670068782,
      274615.3508146133
     ],
     [
      175347.316701919,
      274639.57472636545
     ],
     [
      175334.03548307184,
      274673.0378747101
     ],
     [
      175325.54853627997,
      274701.79514647735
     ],
     [
      175323.609828882,
      274706.6819007392
     ],
     [
      175320.19411259255,
      274711.805643371
     ],
     [
      175316.04406377932,
      274715.2228568765
     ],
     [
      175310.91144982135,
      274716.2130860594
     ],
     [
      175137.12392374515,
      274719.8927188236
     ],
     [
      174903.58100670422,
      274722.9304645313
     ],
     [
      174903.5964649249,
      274728.5330490316
     ],
     [
      174905.57565130037,
      274735.0954206976
     ],
     [
      174912.6863800356,
      274743.6073309997
     ],
     [
      174938.3939600238,
      274771.460843938
     ],
     [
      174944.1631734353,
      274779.7434947095
     ],
     [
      174946.58387931928,
      274784.3520603446
     ],
     [
      174948.6377189337,
      274788.2294124852
     ],
     [
      174949.5762215643,
      274794.4951138562
     ],
     [
      174947.7424077779,
      274800.9570541473
     ],
     [
      174941.47021619364,
      274812.0575498769
     ],
     [
      174926.31663074243,
      274830.7377562752
     ],
     [
      174916.154844474,
      274843.6906497009
     ],
     [
      174909.145410825,
      274855.33682358626
     ],
     [
      174900.29871188648,
      274875.4752231122
     ],
     [
      174896.4381476791,
      274887.85603756976
     ],
     [
      174894.42099437542,
      274897.26958356454
     ],
     [
      174890.60779272794,
      274923.4959747808
     ],
     [
      174889.173334638,
      274935.8257186948
     ],
     [
      174885.3512448008,
      274968.73091625853
     ],
     [
      174881.51212857172,
      274988.85551241133
     ],
     [
      174876.1918795756,
      275007.69726161123
     ],
     [
      174868.08932106398,
      275029.6863941643
     ],
     [
      174864.96605301384,
      275038.18217751145
     ],
     [
      174864.43058739515,
      275045.74998144404
     ],
     [
      174865.75893219394,
      275057.75036132574
     ],
     [
      174869.73004530682,
      275085.41970923013
     ],
     [
      174874.6055454231,
      275107.00687506486
     ],
     [
      174877.71721484142,
      275120.7330446392
     ],
     [
      174879.14462448278,
      275128.9832743977
     ],
     [
      174879.01646488518,
      275135.41833293723
     ],
     [
      174876.96818198884,
      275140.1390762088
     ],
     [
      174874.94404550194,
      275143.6948498512
     ],
     [
      174871.19139975315,
      275148.86407599563
     ],
     [
      174854.95053355684,
      275169.89941652573
     ],
     [
      174838.40683239707,
      275183.6466572912
     ],
     [
      174831.97347856453,
      275195.6907012501
     ],
     [
      174820.49965087135,
      275212.2308096031
     ],
     [
      174797.25231529475,
      275239.15455444774
     ],
     [
      174794.74854687788,
      275250.6330212605
     ],
     [
      174794.5138652192,
      275267.9740956349
     ],
     [
      174794.39605771797,
      275274.8307127366
     ],
     [
      174792.30467674846,
      275280.4280475409
     ],
     [
      174788.38802422606,
      275285.6199530223
     ],
     [
      174781.93155197223,
      275289.27679216187
     ],
     [
      174775.61710759322,
      275291.5242631253
     ],
     [
      174768.58546699633,
      275291.6879958079
     ],
     [
      174728.82683525095,
      275287.9375684752
     ]
    ]
   },
   "properties": {
    "osm_id": "549248502",
    "osm_type": "way",
    "osm_version": "4",
    "osm_timestamp": "2024-04-08T12:06:54Z",
    "highway": "unclassified",
    "surface": "asphalt"
   }
  },
  {
   "type": "Feature",
   "geometry": {
    "type": "LineString",
    "coordinates": [
     [
      177533.1538616557,
      270795.0244315558
     ],
     [
      177540.9653611263,
      270795.14939047024
     ],
     [
      177542.46276403472,
      270795.5007131677
     ],
     [
      177543.87858739818,
      270796.0741216665
     ],
     [
      177550.04737283158,
      270799.83094897855
     ]
    ]
   },
   "properties": {
    "osm_id": "549548072",
    "osm_type": "way",
    "osm_version": "6",
    "osm_timestamp": "2026-02-28T11:29:44Z",
    "highway": "residential",
    "name": "금영로",
    "name:en": "Geumyeong-ro",
    "name:ko": "금영로"
   }
  },
  {
   "type": "Feature",
   "geometry": {
    "type": "LineString",
    "coordinates": [
     [
      175821.20975081506,
      272981.6926871904
     ],
     [
      175850.38400466516,
      272988.09428234695
     ]
    ]
   },
   "properties": {
    "osm_id": "553022259",
    "osm_type": "way",
    "osm_version": "6",
    "osm_timestamp": "2025-11-20T11:59:50Z",
    "bridge": "yes",
    "highway": "primary",
    "layer": "1",
    "name": "건재로",
    "name:en": "Geonjae-ro",
    "name:ko": "건재로",
    "ref": "13"
   }
  },
  {
   "type": "Feature",
   "geometry": {
    "type": "LineString",
    "coordinates": [
     [
      175850.38400466516,
      272988.09428234695
     ],
     [
      175910.5682667,
      272998.26355057955
     ],
     [
      175962.2412280863,
      273008.6664832719
     ],
     [
      176010.21424673294,
      273020.6326587724
     ],
     [
      176065.16821349156,
      273040.2912430813
     ],
     [
      176078.11362478294,
      273047.191126465
     ]
    ]
   },
   "properties": {
    "osm_id": "553022261",
    "osm_type": "way",
    "osm_version": "5",
    "osm_timestamp": "2025-11-20T11:59:50Z",
    "highway": "primary",
    "name": "건재로",
    "name:en": "Geonjae-ro",
    "name:ko": "건재로",
    "ref": "13"
   }
  },
  {
   "type": "Feature",
   "geometry": {
    "type": "LineString",
    "coordinates": [
     [
      176374.41023966513,
      273233.62184684945
     ],
     [
      176383.0541334174,
      273238.9135665675
     ],
     [
      176462.9530796076,
      273288.90814415814
     ],
     [
      176480.53030842982,
      273298.6145636447
     ]
    ]
   },
   "properties": {
    "osm_id": "553022262",
    "osm_type": "way",
    "osm_version": "4",
    "osm_timestamp": "2025-11-20T11:59:50Z",
    "bridge": "yes",
    "highway": "primary",
    "layer": "1",
    "name": "건재로",
    "ref": "13"
   }
  },
  {
   "type": "Feature",
   "geometry": {
    "type": "LineString",
    "coordinates": [
     [
      177108.03209126092,
      273942.19066783396
     ],
     [
      177120.7413506562,
      273957.57974357205
     ],
     [
      177143.8082318713,
      273985.51262666006
     ],
     [
      177150.90057967955,
      273994.5810249422
     ],
     [
      177202.30258716329,
      274056.2361072284
     ],
     [
      177224.96120681698,
      274085.2574586811
     ],
     [
      177239.05502958834,
      274107.3108951802
     ],
     [
      177279.62508335506,
      274185.9899577619
     ],
     [
      177288.69070808057,
      274207.3238089981
     ],
     [
      177300.4058391698,
      274248.63185628294
     ],
     [
      177316.89680897677,
      274306.69146906055
     ],
     [
      177319.89329155118,
      274319.4978924581
     ],
     [
      177336.03733674408,
      274388.5195596912
     ],
     [
      177346.56633521087,
      274433.53611988144
     ],
     [
      177351.95708846778,
      274455.47828261234
     ],
     [
      177359.39195683424,
      274481.45368031575
     ],
     [
      177360.98576519694,
      274487.7956436918
     ]
    ]
   },
   "properties": {
    "osm_id": "553022263",
    "osm_type": "way",
    "osm_version": "13",
    "osm_timestamp": "2025-11-20T11:59:50Z",
    "highway": "primary",
    "name": "건재로",
    "name:en": "Geonjae-ro",
    "name:ko": "건재로",
    "ref": "13",
    "surface": "asphalt"
   }
  },
  {
   "type": "Feature",
   "geometry": {
    "type": "LineString",
    "coordinates": [
     [
      177063.2656207278,
      273857.1992203049
     ],
     [
      177040.7629209832,
      273821.70991712256
     ],
     [
      177025.22059630998,
      273804.3977031626
     ],
     [
      177010.85865304503,
      273802.9806296757
     ]
    ]
   },
   "properties": {
    "osm_id": "553022264",
    "osm_type": "way",
    "osm_version": "2",
    "osm_timestamp": "2025-04-18T12:58:49Z",
    "highway": "unclassified",
    "surface": "asphalt"
   }
  },
  {
   "type": "Feature",
   "geometry": {
    "type": "LineString",
    "coordinates": [
     [
      176978.2811592664,
      273798.55872469646
     ],
     [
      176969.27949185838,
      273795.7302767518
     ],
     [
      176962.05706259244,
      273793.06374656426
     ],
     [
      176951.1473336488,
      273789.6410570689
     ],
     [
      176941.48476295205,
      273788.8001861286
     ],
     [
      176920.78686750564,
      273788.9747010459
     ],
     [
      176916.8465401987,
      273789.1622051855
     ],
     [
      176866.23852212468,
      273797.167674422
     ],
     [
      176755.8130628703,
      273814.64523857576
     ],
     [
      176682.33823974288,
      273834.21494735917
     ]
    ]
   },
   "properties": {
    "osm_id": "553022265",
    "osm_type": "way",
    "osm_version": "4",
    "osm_timestamp": "2025-04-18T12:58:49Z",
    "highway": "unclassified",
    "surface": "asphalt"
   }
  },
  {
   "type": "Feature",
   "geometry": {
    "type": "LineString",
    "coordinates": [
     [
      177010.85865304503,
      273802.9806296757
     ],
     [
      176978.2811592664,
      273798.55872469646
     ]
    ]
   },
   "properties": {
    "osm_id": "553022266",
    "osm_type": "way",
    "osm_version": "2",
    "osm_timestamp": "2025-04-18T12:58:49Z",
    "highway": "unclassified",
    "layer": "-1",
    "surface": "asphalt",
    "tunnel": "yes"
   }
  },
  {
   "type": "Feature",
   "geometry": {
    "type": "LineString",
    "coordinates": [
     [
      176948.7930802755,
      273731.74599866255
     ],
     [
      176986.37312832277,
      273762.7148388761
     ],
     [
      177013.89082103997,
      273789.9593840327
     ],
     [
      177025.22059630998,
      273804.3977031626
     ]
    ]
   },
   "properties": {
    "osm_id": "553022267",
    "osm_type": "way",
    "osm_version": "1",
    "osm_timestamp": "2018-01-14T11:24:28Z",
    "highway": "residential",
    "oneway": "yes"
   }
  },
  {
   "type": "Feature",
   "geometry": {
    "type": "LineString",
    "coordinates": [
     [
      177030.0708502663,
      273879.18306481245
     ],
     [
      177036.92130190437,
      273875.46028427425
     ]
    ]
   },
   "properties": {
    "osm_id": "553022268",
    "osm_type": "way",
    "osm_version": "1",
    "osm_timestamp": "2018-01-14T11:24:28Z",
    "highway": "residential"
   }
  },
  {
   "type": "Feature",
   "geometry": {
    "type": "LineString",
    "coordinates": [
     [
      177055.37220254753,
      273863.3431629979
     ],
     [
      177063.2656207278,
      273857.1992203049
     ],
     [
      177239.60409663414,
      273856.41246496537
     ],
     [
      177262.96538188256,
      273856.18764083984
     ],
     [
      177349.00504042453,
      273855.9730339232
     ],
     [
      177458.08540930413,
      273873.4196795058
     ],
     [
      177479.24442527385,
      273882.7197525779
     ],
     [
      177517.8983036074,
      273917.32704011985
     ],
     [
      177537.29256889495,
      273961.9446790413
     ],
     [
      177559.3237540174,
      274021.6995401088
     ],
     [
      177580.16245259414,
      274030.7565626444
     ]
    ]
   },
   "properties": {
    "osm_id": "553022269",
    "osm_type": "way",
    "osm_version": "2",
    "osm_timestamp": "2025-04-18T12:58:49Z",
    "highway": "unclassified",
    "surface": "asphalt"
   }
  },
  {
   "type": "Feature",
   "geometry": {
    "type": "LineString",
    "coordinates": [
     [
      177036.92130190437,
      273875.46028427425
     ],
     [
      177055.37220254753,
      273863.3431629979
     ]
    ]
   },
   "properties": {
    "osm_id": "553022270",
    "osm_type": "way",
    "osm_version": "1",
    "osm_timestamp": "2018-01-14T11:24:28Z",
    "highway": "residential",
    "layer": "-1",
    "tunnel": "yes"
   }
  },
  {
   "type": "Feature",
   "geometry": {
    "type": "LineString",
    "coordinates": [
     [
      177288.69070808057,
      274207.3238089981
     ],
     [
      177312.2891673065,
      274229.4091084862
     ],
     [
      177323.8233837962,
      274242.10548939096
     ],
     [
      177332.95021347265,
      274258.77963516087
     ]
    ]
   },
   "properties": {
    "osm_id": "553022271",
    "osm_type": "way",
    "osm_version": "1",
    "osm_timestamp": "2018-01-14T11:24:28Z",
    "highway": "residential",
    "oneway": "yes"
   }
  },
  {
   "type": "Feature",
   "geometry": {
    "type": "LineString",
    "coordinates": [
     [
      177332.95021347265,
      274258.77963516087
     ],
     [
      177327.04138938469,
      274281.5709170069
     ],
     [
      177316.89680897677,
      274306.69146906055
     ]
    ]
   },
   "properties": {
    "osm_id": "553022272",
    "osm_type": "way",
    "osm_version": "1",
    "osm_timestamp": "2018-01-14T11:24:28Z",
    "highway": "unclassified",
    "oneway": "yes"
   }
  },
  {
   "type": "Feature",
   "geometry": {
    "type": "LineString",
    "coordinates": [
     [
      175472.05265869625,
      271139.57062626566
     ],
     [
      175475.39507235077,
      271255.7738625011
     ],
     [
      175475.6770361726,
      271265.6026069661
     ],
     [
      175476.4125023572,
      271294.74521691736
     ],
     [
      175476.50460342792,
      271298.4504479491
     ],
     [
      175477.50329084665,
      271306.74625657854
     ]
    ]
   },
   "properties": {
    "osm_id": "560530036",
    "osm_type": "way",
    "osm_version": "7",
    "osm_timestamp": "2026-08-30T01:27:43Z",
    "highway": "tertiary",
    "lanes": "4",
    "name": "영산강변로",
    "name:en": "Yeongsangangbyeon-ro",
    "name:ko": "영산강변로",
    "oneway": "no",
    "review": "no",
    "surface": "asphalt"
   }
  },
  {
   "type": "Feature",
   "geometry": {
    "type": "LineString",
    "coordinates": [
     [
      176161.77622683052,
      271097.7554087751
     ],
     [
      175441.3750253729,
      271102.4542976741
     ]
    ]
   },
   "properties": {
    "osm_id": "560530039",
    "osm_type": "way",
    "osm_version": "7",
    "osm_timestamp": "2026-08-30T01:27:43Z",
    "bridge": "yes",
    "highway": "secondary",
    "lanes": "3",
    "layer": "1",
    "maxspeed": "70",
    "name": "영산로",
    "name:en": "Yeongsan-ro",
    "name:ko": "영산로",
    "oneway": "yes",
    "surface": "asphalt"
   }
  },
  {
   "type": "Feature",
   "geometry": {
    "type": "LineString",
    "coordinates": [
     [
      176568.4907112987,
      274562.7585557452
     ],
     [
      176520.137126097,
      274583.67394497845
     ]
    ]
   },
   "properties": {
    "osm_id": "590948703",
    "osm_type": "way",
    "osm_version": "4",
    "osm_timestamp": "2025-04-19T11:02:48Z",
    "highway": "tertiary",
    "layer": "-1",
    "name": "노안로",
    "name:en": "Noan-ro",
    "name:ko": "노안로",
    "ref": "24",
    "surface": "asphalt",
    "tunnel": "yes"
   }
  },
  {
   "type": "Feature",
   "geometry": {
    "type": "LineString",
    "coordinates": [
     [
      176520.137126097,
      274583.67394497845
     ],
     [
      176426.0123364281,
      274622.12614316505
     ],
     [
      176346.82850601582,
      274660.3407617308
     ],
     [
      176237.1220931628,
      274711.26107647637
     ],
     [
      176228.7955351278,
      274715.2102148757
     ],
     [
      176153.84631893778,
      274750.22030745755
     ],
     [
      176140.08093261023,
      274756.64672290697
     ],
     [
      176033.56563329938,
      274802.7351268102
     ],
     [
      175966.61606354266,
      274826.97532394325
     ],
     [
      175955.18358651968,
      274832.50831366563
     ],
     [
      175946.7511515426,
      274837.7227432219
     ],
     [
      175941.25381898656,
      274842.20828678424
     ],
     [
      175924.4633534871,
      274856.6087436591
     ],
     [
      175897.6131354141,
      274888.53160185745
     ],
     [
      175860.62751443576,
      274936.867725335
     ],
     [
      175809.63900333192,
      275004.84487889963
     ],
     [
      175777.00893009576,
      275054.64531744405
     ],
     [
      175738.6817714594,
      275115.8771198371
     ],
     [
      175712.22805456456,
      275155.7097344555
     ],
     [
      175687.4914850268,
      275192.95286505565
     ],
     [
      175621.70713727674,
      275286.3988532208
     ],
     [
      175552.04716838268,
      275403.3313316953
     ]
    ]
   },
   "properties": {
    "osm_id": "590948704",
    "osm_type": "way",
    "osm_version": "10",
    "osm_timestamp": "2025-04-19T11:02:48Z",
    "highway": "tertiary",
    "name": "노안로",
    "name:en": "Noan-ro",
    "name:ko": "노안로",
    "ref": "24",
    "surface": "asphalt"
   }
  },
  {
   "type": "Feature",
   "geometry": {
    "type": "LineString",
    "coordinates": [
     [
      176460.1064391062,
      274311.28674044256
     ],
     [
      176406.72763811488,
      274329.43105433654
     ]
    ]
   },
   "properties": {
    "osm_id": "590972692",
    "osm_type": "way",
    "osm_version": "2",
    "osm_timestamp": "2025-04-19T11:02:48Z",
    "highway": "track",
    "layer": "-1",
    "surface": "concrete",
    "tracktype": "grade1",
    "tunnel": "yes"
   }
  },
  {
   "type": "Feature",
   "geometry": {
    "type": "LineString",
    "coordinates": [
     [
      176406.72763811488,
      274329.43105433654
     ],
     [
      176328.341281216,
      274356.07238391385
     ],
     [
      176236.90475461527,
      274387.1418141548
     ],
     [
      176226.84010167958,
      274406.749537545
     ],
     [
      176221.26034373074,
      274488.02982127684
     ],
     [
      176220.88241804796,
      274493.5002962647
     ],
     [
      176212.15033117557,
      274562.1968126824
     ],
     [
      176212.34897180548,
      274578.85992527776
     ],
     [
      176213.72300766988,
      274615.9667525121
     ],
     [
      176213.41466899205,
      274620.1390142767
     ],
     [
      176212.64172270463,
      274624.5343770004
     ],
     [
      176211.40390840993,
      274629.0529928259
     ],
     [
      176208.81825719573,
      274634.3850177506
     ],
     [
      176206.020380896,
      274638.7856776899
     ],
     [
      176203.4943763844,
      274642.50887517
     ],
     [
      176201.944673911,
      274646.3515562906
     ],
     [
      176202.19724072833,
      274652.24196723296
     ],
     [
      176202.99331220047,
      274656.68869766226
     ],
     [
      176209.54315204197,
      274670.9055476179
     ],
     [
      176216.039594985,
      274689.1275834626
     ],
     [
      176228.7955351278,
      274715.2102148757
     ]
    ]
   },
   "properties": {
    "osm_id": "590972693",
    "osm_type": "way",
    "osm_version": "4",
    "osm_timestamp": "2025-04-19T11:02:48Z",
    "highway": "track",
    "surface": "concrete",
    "tracktype": "grade1"
   }
  },
  {
   "type": "Feature",
   "geometry": {
    "type": "LineString",
    "coordinates": [
     [
      177673.7618956755,
      270764.2139407222
     ],
     [
      177663.8252671779,
      270753.36596938176
     ],
     [
      177662.49890119885,
      270752.0601044307
     ],
     [
      177659.96778919175,
      270750.66844087513
     ],
     [
      177655.0371808166,
      270749.4601720514
     ],
     [
      177652.06898217628,
      270748.44678647205
     ],
     [
      177649.46361349223,
      270746.5449739537
     ],
     [
      177647.74221910228,
      270744.1639413029
     ],
     [
      177643.96503761376,
      270737.00634649233
     ],
     [
      177643.50670670552,
      270736.1643108792
     ],
     [
      177642.12544777495,
      270734.80311253376
     ],
     [
      177640.27087489585,
      270733.93122198916
     ],
     [
      177638.70926232438,
      270733.44691021484
     ],
     [
      177636.41842118817,
      270733.28612157324
     ],
     [
      177606.55247276265,
      270733.7367067899
     ],
     [
      177585.63870982348,
      270730.593015846
     ],
     [
      177536.6719193772,
      270722.9920764643
     ]
    ]
   },
   "properties": {
    "osm_id": "659348999",
    "osm_type": "way",
    "osm_version": "5",
    "osm_timestamp": "2026-02-28T08:36:16Z",
    "highway": "residential",
    "name": "금영로",
    "surface": "asphalt"
   }
  },
  {
   "type": "Feature",
   "geometry": {
    "type": "LineString",
    "coordinates": [
     [
      179024.17298426296,
      274209.7467562518
     ],
     [
      179065.33808031576,
      274252.68658535584
     ]
    ]
   },
   "properties": {
    "osm_id": "671772196",
    "osm_type": "way",
    "osm_version": "2",
    "osm_timestamp": "2025-03-05T02:52:45Z",
    "highway": "track",
    "surface": "concrete",
    "tracktype": "grade1"
   }
  },
  {
   "type": "Feature",
   "geometry": {
    "type": "LineString",
    "coordinates": [
     [
      175275.64897127746,
      271237.28735785716
     ],
     [
      175126.1243660451,
      271261.9798690006
     ],
     [
      175145.22876769665,
      271327.78318523883
     ],
     [
      175166.94670879157,
      271388.4205900755
     ],
     [
      175179.70941419114,
      271417.5636800044
     ],
     [
      175158.85866837853,
      271427.2392560211
     ],
     [
      175150.20166033698,
      271434.75149846764
     ],
     [
      175147.14428304962,
      271441.20560435625
     ],
     [
      175156.92954919726,
      271476.0037673019
     ]
    ]
   },
   "properties": {
    "osm_id": "699906808",
    "osm_type": "way",
    "osm_version": "4",
    "osm_timestamp": "2026-09-09T08:48:05Z",
    "highway": "track",
    "surface": "concrete",
    "tracktype": "grade1",
    "width": "3"
   }
  },
  {
   "type": "Feature",
   "geometry": {
    "type": "LineString",
    "coordinates": [
     [
      175046.04910129556,
      272817.8812051398
     ],
     [
      175056.37258772578,
      272819.7500285107
     ],
     [
      175066.83297786204,
      272821.6406770769
     ],
     [
      175117.87617183433,
      272831.2084836939
     ],
     [
      175215.55419337927,
      272853.13052612287
     ],
     [
      175263.7354071862,
      272863.81637008913
     ],
     [
      175306.21156092206,
      272873.40851776703
     ],
     [
      175374.67681158593,
      272888.7550030655
     ],
     [
      175395.7343469135,
      272892.61433204764
     ],
     [
      175427.61725030636,
      272898.45254009275
     ],
     [
      175437.3746937754,
      272900.2345684861
     ],
     [
      175471.48650021572,
      272907.15415373497
     ],
     [
      175481.56394980522,
      272909.2016295594
     ]
    ]
   },
   "properties": {
    "osm_id": "724528931",
    "osm_type": "way",
    "osm_version": "8",
    "osm_timestamp": "2025-11-20T11:59:50Z",
    "highway": "primary",
    "name": "건재로",
    "name:en": "Geonjae-ro",
    "name:ko": "건재로",
    "ref": "13"
   }
  },
  {
   "type": "Feature",
   "geometry": {
    "type": "LineString",
    "coordinates": [
     [
      177587.93761651835,
      270785.94751495274
     ],
     [
      177591.71530146996,
      270774.7552459399
     ],
     [
      177593.273507025,
      270770.1473111011
     ],
     [
      177599.7598865823,
      270750.916167423
     ],
     [
      177606.55247276265,
      270733.7367067899
     ],
     [
      177621.62384095296,
      270687.7030332265
     ],
     [
      177623.37321719763,
      270682.89493872935
     ],
     [
      177625.0703509623,
      270679.1076410159
     ],
     [
      177631.49181971405,
      270666.8327575148
     ]
    ]
   },
   "properties": {
    "osm_id": "729505106",
    "osm_type": "way",
    "osm_version": "4",
    "osm_timestamp": "2026-02-28T11:29:44Z",
    "highway": "residential",
    "name": "오강길",
    "name:en": "Ogang-gil",
    "name:ko": "오강길",
    "surface": "asphalt"
   }
  },
  {
   "type": "Feature",
   "geometry": {
    "type": "LineString",
    "coordinates": [
     [
      177631.49181971405,
      270666.8327575148
     ],
     [
      177636.12632577255,
      270662.6388567991
     ],
     [
      177638.7549033692,
      270659.11553604907
     ],
     [
      177639.38931682525,
      270657.3389037185
     ],
     [
      177639.5939423052,
      270655.19721737655
     ],
     [
      177639.54202424354,
      270652.6345805878
     ],
     [
      177639.12522983665,
      270650.1283106723
     ],
     [
      177637.52658453828,
      270645.71673699986
     ],
     [
      177625.61817872658,
      270619.7966081064
     ]
    ]
   },
   "properties": {
    "osm_id": "729505107",
    "osm_type": "way",
    "osm_version": "6",
    "osm_timestamp": "2026-02-28T11:29:44Z",
    "highway": "residential",
    "name": "오강길",
    "surface": "asphalt"
   }
  },
  {
   "type": "Feature",
   "geometry": {
    "type": "LineString",
    "coordinates": [
     [
      175450.57969106038,
      270790.1265348473
     ],
     [
      175483.47919881088,
      270774.2840946407
     ],
     [
      175494.12704402368,
      270770.3946433795
     ],
     [
      175499.65067305387,
      270764.66624949756
     ],
     [
      175554.1040324963,
      270554.927598298
     ],
     [
      175574.1657318842,
      270484.9135323756
     ],
     [
      175611.77589070133,
      270343.16159085504
     ],
     [
      175664.74468962345,
      270136.0016096142
     ],
     [
      175691.6821091471,
      270053.07800548896
     ],
     [
      175697.63293486892,
      270029.3870510346
     ],
     [
      175699.76864085646,
      270012.36281225074
     ],
     [
      175707.96981798118,
      269925.6284819236
     ],
     [
      175724.2348501989,
      269799.7655494672
     ]
    ]
   },
   "properties": {
    "osm_id": "729505116",
    "osm_type": "way",
    "osm_version": "3",
    "osm_timestamp": "2025-04-18T12:40:41Z",
    "highway": "track",
    "name": "삼도길",
    "name:en": "Samdo-gil",
    "name:ko": "삼도길",
    "surface": "concrete",
    "tracktype": "grade1"
   }
  },
  {
   "type": "Feature",
   "geometry": {
    "type": "LineString",
    "coordinates": [
     [
      175973.5653819941,
      274588.31856612966
     ],
     [
      175957.9504343317,
      274599.0325395235
     ],
     [
      175947.0930850657,
      274608.3027938828
     ],
     [
      175936.0112463089,
      274618.90497129026
     ],
     [
      175923.95811979647,
      274631.27372699336
     ],
     [
      175916.16709182336,
      274637.6513857522
     ],
     [
      175890.5837070478,
      274662.5371087362
     ],
     [
      175878.11962520576,
      274671.2348027193
     ],
     [
      175873.67187889264,
      274675.9838653167
     ],
     [
      175868.5566412776,
      274686.99188667344
     ],
     [
      175863.5138024013,
      274701.2170664121
     ],
     [
      175860.68716553447,
      274708.45805196336
     ],
     [
      175858.8892545914,
      274711.51375647105
     ],
     [
      175856.39945517963,
      274715.07054142054
     ],
     [
      175849.9847051463,
      274721.0119278108
     ],
     [
      175812.90765512644,
      274759.14171405154
     ],
     [
      175791.5044921334,
      274784.8043056522
     ],
     [
      175781.90498574558,
      274793.5943600951
     ],
     [
      175727.83122475084,
      274840.2902002595
     ],
     [
      175687.0807747334,
      274872.1287522597
     ],
     [
      175616.00664979478,
      274942.80115209403
     ],
     [
      175506.0744747514,
      274985.0330323264
     ]
    ]
   },
   "properties": {
    "osm_id": "761404238",
    "osm_type": "way",
    "osm_version": "7",
    "osm_timestamp": "2024-12-19T15:16:56Z",
    "highway": "track",
    "name": "유곡로",
    "source": "digitalglobe",
    "surface": "concrete",
    "tracktype": "grade1"
   }
  },
  {
   "type": "Feature",
   "geometry": {
    "type": "LineString",
    "coordinates": [
     [
      175540.30470251202,
      274530.12986415596
     ],
     [
      175557.69283877825,
      274524.2918997019
     ],
     [
      175564.69714934484,
      274527.31292014377
     ],
     [
      175567.43378006996,
      274537.56779797137
     ],
     [
      175573.7317036554,
      274559.47322392877
     ],
     [
      175613.54403652603,
      274667.269586308
     ],
     [
      175687.0807747334,
      274872.1287522597
     ]
    ]
   },
   "properties": {
    "osm_id": "761404239",
    "osm_type": "way",
    "osm_version": "5",
    "osm_timestamp": "2025-04-19T11:02:48Z",
    "highway": "track",
    "source": "digitalglobe",
    "surface": "concrete",
    "tracktype": "grade1"
   }
  },
  {
   "type": "Feature",
   "geometry": {
    "type": "LineString",
    "coordinates": [
     [
      175492.15318470093,
      274713.2710998336
     ],
     [
      175515.95607990524,
      274708.4919167976
     ],
     [
      175520.83722064114,
      274705.56097700086
     ],
     [
      175613.54403652603,
      274667.269586308
     ],
     [
      175810.90605389857,
      274599.84396371414
     ],
     [
      175930.58984578043,
      274555.61524720286
     ],
     [
      175953.6541309812,
      274547.23352347827
     ],
     [
      175959.3689775263,
      274545.59865049075
     ]
    ]
   },
   "properties": {
    "osm_id": "761404240",
    "osm_type": "way",
    "osm_version": "4",
    "osm_timestamp": "2024-12-19T15:16:56Z",
    "highway": "track",
    "source": "digitalglobe",
    "surface": "concrete",
    "tracktype": "grade1"
   }
  },
  {
   "type": "Feature",
   "geometry": {
    "type": "LineString",
    "coordinates": [
     [
      175856.39945517963,
      274715.07054142054
     ],
     [
      175851.31319661287,
      274709.49251565576
     ],
     [
      175810.90605389857,
      274599.84396371414
     ],
     [
      175749.50803078228,
      274428.1345607404
     ]
    ]
   },
   "properties": {
    "osm_id": "761404241",
    "osm_type": "way",
    "osm_version": "3",
    "osm_timestamp": "2024-04-08T12:06:54Z",
    "highway": "track",
    "source": "digitalglobe",
    "surface": "concrete",
    "tracktype": "grade1"
   }
  },
  {
   "type": "Feature",
   "geometry": {
    "type": "LineString",
    "coordinates": [
     [
      175093.82618132856,
      276029.06327332946
     ],
     [
      175084.11417820136,
      276019.3712497621
     ],
     [
      175077.68935898517,
      275987.8476771778
     ],
     [
      175076.05575661128,
      275904.26747577894
     ],
     [
      175073.6045340368,
      275838.4959222691
     ],
     [
      175087.91852777574,
      275786.8458817945
     ],
     [
      175116.26815395703,
      275731.61835763947
     ],
     [
      175136.74403644056,
      275691.8890384355
     ],
     [
      175171.74901385253,
      275628.8331008063
     ],
     [
      175223.87619741686,
      275546.6484059841
     ],
     [
      175249.12306194127,
      275510.2901280379
     ],
     [
      175267.65840495887,
      275491.0687109969
     ],
     [
      175300.8972747411,
      275465.5390939992
     ],
     [
      175322.09528700236,
      275446.0442955155
     ],
     [
      175346.42662824978,
      275418.2535968027
     ],
     [
      175366.7303410193,
      275385.03765917284
     ],
     [
      175384.9953351848,
      275343.2513810835
     ],
     [
      175404.96189070982,
      275293.1730878355
     ],
     [
      175411.19300329054,
      275263.42347304674
     ],
     [
      175415.9983811248,
      275235.9631469591
     ],
     [
      175413.51277413248,
      275163.35758207383
     ],
     [
      175410.90351257718,
      275021.4129125702
     ],
     [
      175408.38039085176,
      274884.3606304286
     ],
     [
      175407.5369173865,
      274808.54440940253
     ],
     [
      175413.2868753124,
      274786.25149557984
     ],
     [
      175423.29014083085,
      274748.10442321905
     ],
     [
      175439.4900864498,
      274690.88061374426
     ],
     [
      175446.7330553774,
      274664.07940726087
     ],
     [
      175452.50069974075,
      274651.6493133925
     ],
     [
      175458.28496458105,
      274641.9927547461
     ],
     [
      175465.41432691118,
      274633.90796299203
     ]
    ]
   },
   "properties": {
    "osm_id": "761404242",
    "osm_type": "way",
    "osm_version": "2",
    "osm_timestamp": "2024-04-08T12:06:54Z",
    "highway": "track",
    "source": "digitalglobe",
    "surface": "concrete",
    "tracktype": "grade1"
   }
  },
  {
   "type": "Feature",
   "geometry": {
    "type": "LineString",
    "coordinates": [
     [
      175465.41432691118,
      274633.90796299203
     ],
     [
      175470.22197522337,
      274624.00997195847
     ],
     [
      175499.938093323,
      274576.0690603492
     ],
     [
      175540.30470251202,
      274530.12986415596
     ],
     [
      175554.60019000233,
      274517.3329890771
     ],
     [
      175582.9577514996,
      274496.4882951919
     ],
     [
      175617.88246874185,
      274475.4596721325
     ],
     [
      175641.03919943798,
      274464.1591075547
     ],
     [
      175676.31989903218,
      274446.5357084477
     ],
     [
      175755.94591272858,
      274406.8607264116
     ],
     [
      176055.40926412056,
      274251.1246481455
     ],
     [
      176070.26230402675,
      274245.2499685297
     ],
     [
      176107.91993528669,
      274235.9427287528
     ]
    ]
   },
   "properties": {
    "osm_id": "761404243",
    "osm_type": "way",
    "osm_version": "4",
    "osm_timestamp": "2024-04-08T12:06:54Z",
    "highway": "track",
    "source": "digitalglobe",
    "surface": "concrete",
    "tracktype": "grade1"
   }
  },
  {
   "type": "Feature",
   "geometry": {
    "type": "LineString",
    "coordinates": [
     [
      176077.41995043025,
      274625.66560379806
     ],
     [
      176037.44090621226,
      274618.7592394577
     ],
     [
      176024.59945653754,
      274615.86418295995
     ],
     [
      176015.0953299298,
      274612.5498549543
     ],
     [
      176006.84064608617,
      274609.16567527276
     ],
     [
      175989.45805375403,
      274599.8701432233
     ],
     [
      175982.4691680506,
      274595.70604352176
     ],
     [
      175977.8722138689,
      274592.34551578015
     ],
     [
      175974.82799952192,
      274589.7796785482
     ],
     [
      175973.5653819941,
      274588.31856612966
     ],
     [
      175970.04873576117,
      274583.01368670753
     ],
     [
      175960.41924781213,
      274559.8964246602
     ],
     [
      175959.4909224889,
      274553.7748256497
     ],
     [
      175959.3689775263,
      274545.59865049075
     ],
     [
      175959.81543132736,
      274541.95854094066
     ],
     [
      175947.0892886235,
      274486.13239615544
     ],
     [
      175944.91443565654,
      274470.85020625894
     ],
     [
      175948.68064057056,
      274460.12315724266
     ],
     [
      175959.23951160448,
      274444.8405886021
     ],
     [
      175969.28953986807,
      274433.7419265269
     ],
     [
      175973.85098691363,
      274430.5347205307
     ],
     [
      176001.8909658335,
      274413.3200184777
     ]
    ]
   },
   "properties": {
    "osm_id": "761404407",
    "osm_type": "way",
    "osm_version": "5",
    "osm_timestamp": "2024-12-19T15:16:56Z",
    "highway": "track",
    "source": "digitalglobe",
    "surface": "concrete",
    "tracktype": "grade1"
   }
  },
  {
   "type": "Feature",
   "geometry": {
    "type": "LineString",
    "coordinates": [
     [
      176001.8909658335,
      274413.3200184777
     ],
     [
      176009.38655375887,
      274405.5009581025
     ],
     [
      176024.62615605188,
      274390.66099091194
     ],
     [
      176051.1286849466,
      274354.13533009315
     ],
     [
      176066.75962164003,
      274331.9610778363
     ],
     [
      176077.19473657614,
      274321.51608904253
     ],
     [
      176086.63334723734,
      274313.6808907835
     ]
    ]
   },
   "properties": {
    "osm_id": "761404408",
    "osm_type": "way",
    "osm_version": "1",
    "osm_timestamp": "2020-01-07T07:28:39Z",
    "highway": "track",
    "source": "digitalglobe",
    "tracktype": "grade3"
   }
  },
  {
   "type": "Feature",
   "geometry": {
    "type": "LineString",
    "coordinates": [
     [
      175973.85098691363,
      274430.5347205307
     ],
     [
      175966.10217980514,
      274408.0892415096
     ],
     [
      175940.04994578418,
      274342.2247140748
     ]
    ]
   },
   "properties": {
    "osm_id": "761404409",
    "osm_type": "way",
    "osm_version": "3",
    "osm_timestamp": "2024-04-08T12:06:54Z",
    "highway": "track",
    "surface": "concrete",
    "tracktype": "grade1"
   }
  },
  {
   "type": "Feature",
   "geometry": {
    "type": "LineString",
    "coordinates": [
     [
      177133.27839553883,
      274267.389258879
     ],
     [
      177196.85325907462,
      274320.4933256197
     ],
     [
      177225.3976108686,
      274347.02590798045
     ],
     [
      177304.02113972016,
      274414.39358875173
     ],
     [
      177314.64314053644,
      274423.4976881878
     ],
     [
      177351.95708846778,
      274455.47828261234
     ]
    ]
   },
   "properties": {
    "osm_id": "766679120",
    "osm_type": "way",
    "osm_version": "4",
    "osm_timestamp": "2025-02-14T08:43:35Z",
    "highway": "residential",
    "name": "노안로",
    "surface": "asphalt"
   }
  },
  {
   "type": "Feature",
   "geometry": {
    "type": "LineString",
    "coordinates": [
     [
      177635.50998037733,
      273798.7833476258
     ],
     [
      177631.926158088,
      273795.56372497376
     ],
     [
      177610.1227163163,
      273772.7742517998
     ],
     [
      177568.47798689303,
      273735.0786498155
     ],
     [
      177508.9870560903,
      273674.18484013615
     ],
     [
      177487.05573418544,
      273655.25678304804
     ],
     [
      177444.7953508854,
      273616.1875798949
     ],
     [
      177400.37772963548,
      273571.8430586162
     ],
     [
      177292.8620028167,
      273473.69347467675
     ],
     [
      177212.56684241226,
      273401.41534837143
     ],
     [
      177097.63716910264,
      273291.4934285744
     ],
     [
      177023.69253745032,
      273220.8873130033
     ],
     [
      177003.33802435285,
      273202.22270004515
     ],
     [
      176880.45796134288,
      273088.99533097434
     ],
     [
      176788.68985711844,
      273002.93772837427
     ],
     [
      176735.8694196909,
      272953.69202480215
     ],
     [
      176686.1117687406,
      272907.22344099614
     ],
     [
      176672.4563839001,
      272893.73452346073
     ],
     [
      176650.3132792792,
      272864.7909003042
     ]
    ]
   },
   "properties": {
    "osm_id": "799765656",
    "osm_type": "way",
    "osm_version": "3",
    "osm_timestamp": "2021-05-26T17:43:31Z",
    "highway": "unclassified",
    "lanes": "1",
    "name": "승촌보길",
    "name:en": "Seungchonbo-gil",
    "name:ko": "승촌보길",
    "oneway": "no",
    "source": "digitalglobe",
    "surface": "concrete"
   }
  },
  {
   "type": "Feature",
   "geometry": {
    "type": "LineString",
    "coordinates": [
     [
      176531.37176055863,
      273075.9433487806
     ],
     [
      176531.9394298704,
      273066.1234579391
     ],
     [
      176537.2458362875,
      273057.8223581215
     ],
     [
      176540.25104724895,
      273055.7399829225
     ],
     [
      176703.0152925144,
      272960.05541836837
     ],
     [
      176716.37374851672,
      272953.81953975424
     ],
     [
      176720.7913706759,
      272958.19047348894
     ],
     [
      176774.47038487025,
      273007.8111042016
     ],
     [
      176787.2225880503,
      273021.4245151002
     ],
     [
      176796.54659924094,
      273028.7007642538
     ],
     [
      176926.0655371709,
      273154.5687263814
     ],
     [
      176966.76658688326,
      273188.5693939501
     ],
     [
      177246.3763193357,
      273452.9190880675
     ],
     [
      177275.91168358453,
      273484.3973794598
     ],
     [
      177374.4579507262,
      273574.33711641433
     ],
     [
      177426.4504912638,
      273623.65513769706
     ],
     [
      177439.31314953382,
      273634.72859932407
     ],
     [
      177452.96513833923,
      273651.43601164425
     ],
     [
      177502.62287546904,
      273697.6205751083
     ],
     [
      177532.29668151942,
      273723.041884188
     ],
     [
      177593.39948097192,
      273764.48362307315
     ],
     [
      177610.1227163163,
      273772.7742517998
     ],
     [
      177612.66964226618,
      273788.3443390562
     ],
     [
      177629.13192844336,
      273842.64358217624
     ],
     [
      177630.59691706416,
      273863.4084546341
     ],
     [
      177629.59184609394,
      273899.8445116816
     ],
     [
      177624.05454149377,
      273933.1520373135
     ],
     [
      177616.63914867552,
      273955.7471214432
     ],
     [
      177589.02577020484,
      274014.62583979656
     ],
     [
      177580.16245259414,
      274030.7565626444
     ],
     [
      177573.14242116667,
      274047.13791903533
     ],
     [
      177571.0061150641,
      274061.22181961604
     ],
     [
      177572.7133418376,
      274072.8998820371
     ]
    ]
   },
   "properties": {
    "osm_id": "799765657",
    "osm_type": "way",
    "osm_version": "2",
    "osm_timestamp": "2025-04-18T12:58:49Z",
    "highway": "track",
    "source": "digitalglobe",
    "surface": "concrete",
    "tracktype": "grade1"
   }
  },
  {
   "type": "Feature",
   "geometry": {
    "type": "LineString",
    "coordinates": [
     [
      176966.76658688326,
      273188.5693939501
     ],
     [
      176992.01778214957,
      273199.0783532702
     ],
     [
      177003.33802435285,
      273202.22270004515
     ]
    ]
   },
   "properties": {
    "osm_id": "799765658",
    "osm_type": "way",
    "osm_version": "3",
    "osm_timestamp": "2025-04-18T12:58:49Z",
    "highway": "track",
    "source": "digitalglobe",
    "surface": "concrete",
    "tracktype": "grade1"
   }
  },
  {
   "type": "Feature",
   "geometry": {
    "type": "LineString",
    "coordinates": [
     [
      176726.4512724309,
      274500.2693824127
     ],
     [
      176703.7505098347,
      274444.334612956
     ],
     [
      176617.18595479315,
      274270.13231446856
     ],
     [
      176590.1666300889,
      274227.3223852961
     ],
     [
      176563.152992981,
      274190.3592111648
     ],
     [
      176460.31731302344,
      274068.4544415739
     ],
     [
      176329.84845931848,
      273908.11442527873
     ],
     [
      176304.85470874424,
      273876.91579257435
     ],
     [
      176297.78041430784,
      273857.63016636635
     ],
     [
      176281.61686573835,
      273690.01550166286
     ],
     [
      176262.6428166838,
      273518.8247823437
     ],
     [
      176262.62257187715,
      273486.58486474724
     ],
     [
      176272.98558684846,
      273448.0274139965
     ],
     [
      176299.00607086314,
      273428.123038238
     ],
     [
      176343.80947739174,
      273390.4190501196
     ],
     [
      176387.76350213494,
      273355.7129454673
     ],
     [
      176470.3056388041,
      273292.29507164133
     ],
     [
      176529.22486399658,
      273241.03161179664
     ],
     [
      176537.91129237894,
      273231.0132749135
     ],
     [
      176544.4051078959,
      273219.7691336911
     ],
     [
      176548.61479168406,
      273207.1884765949
     ],
     [
      176550.86314559137,
      273198.1741358905
     ],
     [
      176551.91479546085,
      273184.9914338949
     ],
     [
      176548.62509518384,
      273161.62428522256
     ],
     [
      176538.12796833998,
      273113.3579893697
     ],
     [
      176531.37176055863,
      273075.9433487806
     ],
     [
      176510.86996080616,
      272972.45344491745
     ],
     [
      176508.6515494958,
      272961.26505602396
     ]
    ]
   },
   "properties": {
    "osm_id": "799765659",
    "osm_type": "way",
    "osm_version": "5",
    "osm_timestamp": "2025-04-19T11:02:48Z",
    "highway": "track",
    "source": "digitalglobe",
    "surface": "concrete",
    "tracktype": "grade1"
   }
  },
  {
   "type": "Feature",
   "geometry": {
    "type": "LineString",
    "coordinates": [
     [
      176538.12796833998,
      273113.3579893697
     ],
     [
      176546.2265956713,
      273119.46115059895
     ],
     [
      176556.0488508349,
      273128.8770649227
     ],
     [
      176564.8853921017,
      273138.129114067
     ],
     [
      176586.58323096065,
      273174.99499166827
     ],
     [
      176665.40725985527,
      273307.657507074
     ],
     [
      176727.94458824018,
      273407.9781722803
     ],
     [
      176740.1914456731,
      273431.07841629576
     ],
     [
      176753.26616790806,
      273442.5941422489
     ],
     [
      176777.51396285972,
      273460.46057247877
     ],
     [
      176793.9631121047,
      273475.2294616444
     ],
     [
      176812.342957841,
      273492.3121632709
     ],
     [
      176814.90457026547,
      273495.17905253835
     ],
     [
      176829.47411703973,
      273509.8529466002
     ],
     [
      176846.66465913315,
      273529.24635451706
     ],
     [
      176863.21988797508,
      273549.9505344445
     ],
     [
      176872.93380108007,
      273560.1214767194
     ],
     [
      176878.804882946,
      273569.4035570302
     ],
     [
      176898.2170215697,
      273597.977475586
     ],
     [
      176923.36103139818,
      273634.979639227
     ],
     [
      176969.54620389699,
      273706.4872543224
     ]
    ]
   },
   "properties": {
    "osm_id": "799765660",
    "osm_type": "way",
    "osm_version": "3",
    "osm_timestamp": "2025-04-18T12:58:49Z",
    "highway": "track",
    "source": "digitalglobe",
    "surface": "concrete",
    "tracktype": "grade1"
   }
  },
  {
   "type": "Feature",
   "geometry": {
    "type": "LineString",
    "coordinates": [
     [
      176405.49599501965,
      272985.48442289286
     ],
     [
      176404.3494471029,
      272997.1807535193
     ],
     [
      176410.60386933075,
      273006.20636850095
     ],
     [
      176419.29631320224,
      273037.2034156836
     ],
     [
      176441.30936179712,
      273079.21587184985
     ],
     [
      176457.4153895943,
      273140.72519851435
     ],
     [
      176460.17216271829,
      273162.5294017864
     ],
     [
      176460.25100197495,
      273168.32040680916
     ],
     [
      176459.4102474063,
      273174.81272960466
     ],
     [
      176456.55614327316,
      273182.38640519447
     ],
     [
      176453.41252095674,
      273187.364771608
     ],
     [
      176443.97531916946,
      273196.32008221693
     ],
     [
      176438.6434233345,
      273201.75898354116
     ],
     [
      176436.82296200137,
      273206.8670615814
     ],
     [
      176434.5950241321,
      273213.15218792175
     ],
     [
      176431.2444317607,
      273215.70145296695
     ],
     [
      176425.62305366795,
      273218.55614675
     ],
     [
      176420.39853790577,
      273219.6569208718
     ],
     [
      176414.6234097567,
      273219.50547234534
     ],
     [
      176406.82058228276,
      273221.93315514876
     ],
     [
      176396.4273315505,
      273228.050861279
     ],
     [
      176371.7109539775,
      273248.08469150716
     ],
     [
      176349.64138582518,
      273261.5217131968
     ],
     [
      176321.49310969535,
      273284.31598189083
     ],
     [
      176271.31591588198,
      273321.98970416613
     ],
     [
      176255.95864229885,
      273334.5330092724
     ],
     [
      176241.2864458442,
      273343.9015895216
     ]
    ]
   },
   "properties": {
    "osm_id": "799765661",
    "osm_type": "way",
    "osm_version": "4",
    "osm_timestamp": "2025-09-22T11:50:45Z",
    "highway": "track",
    "source": "digitalglobe",
    "surface": "concrete",
    "tracktype": "grade1"
   }
  },
  {
   "type": "Feature",
   "geometry": {
    "type": "LineString",
    "coordinates": [
     [
      176412.1166942275,
      272995.0305198244
     ],
     [
      176505.81966135118,
      272973.953112368
     ]
    ]
   },
   "properties": {
    "osm_id": "799765662",
    "osm_type": "way",
    "osm_version": "2",
    "osm_timestamp": "2025-04-18T12:58:49Z",
    "bridge": "yes",
    "highway": "unclassified",
    "layer": "1",
    "source": "digitalglobe"
   }
  },
  {
   "type": "Feature",
   "geometry": {
    "type": "LineString",
    "coordinates": [
     [
      176011.3114468549,
      272966.17908211966
     ],
     [
      176023.85882044595,
      272963.91607006843
     ],
     [
      176032.27862117378,
      272963.61653598817
     ],
     [
      176036.0836435416,
      272963.88387308543
     ],
     [
      176039.34481969522,
      272965.4950503056
     ],
     [
      176041.79690984832,
      272968.19559706375
     ],
     [
      176048.6092958006,
      272977.6299851227
     ],
     [
      176071.39331513672,
      272968.6502593337
     ],
     [
      176081.9723447624,
      272963.7631607706
     ],
     [
      176098.5070556774,
      272951.28304542607
     ],
     [
      176107.71968368816,
      272943.69256390556
     ],
     [
      176123.42132591674,
      272954.4349879785
     ],
     [
      176142.04723518225,
      272967.0557986659
     ],
     [
      176157.71781762474,
      272969.4554722039
     ],
     [
      176163.38267514983,
      272969.2409368487
     ],
     [
      176172.2681223158,
      272972.5681388607
     ],
     [
      176184.4647581545,
      272982.6874715427
     ],
     [
      176192.7605757969,
      272990.79786664
     ],
     [
      176213.2957203638,
      273007.94029038545
     ],
     [
      176223.66088472705,
      273011.97370826063
     ],
     [
      176236.03934367155,
      273014.90354797593
     ],
     [
      176320.36882658442,
      273031.0366950322
     ],
     [
      176342.48025973095,
      273037.014472722
     ],
     [
      176347.9449508727,
      273037.0224576302
     ],
     [
      176352.55104905207,
      273036.6332830282
     ],
     [
      176363.747982298,
      273034.2854940988
     ],
     [
      176373.51057597634,
      273031.15374943084
     ],
     [
      176377.4636225409,
      273028.7138431661
     ],
     [
      176378.72060080347,
      273027.94507609267
     ],
     [
      176383.87047944215,
      273022.6508393952
     ],
     [
      176404.3494471029,
      272997.1807535193
     ]
    ]
   },
   "properties": {
    "osm_id": "799765663",
    "osm_type": "way",
    "osm_version": "6",
    "osm_timestamp": "2026-09-09T08:48:05Z",
    "highway": "residential",
    "source": "digitalglobe"
   }
  },
  {
   "type": "Feature",
   "geometry": {
    "type": "LineString",
    "coordinates": [
     [
      176152.19664321694,
      273090.6526570786
     ],
     [
      176157.82968006175,
      273071.35605397786
     ],
     [
      176162.2690116423,
      273066.5184169613
     ],
     [
      176167.62604205,
      273063.7419133895
     ],
     [
      176174.82741263226,
      273061.5374866062
     ],
     [
      176186.64256758947,
      273058.40016743884
     ],
     [
      176191.63823455243,
      273056.9781247219
     ],
     [
      176192.7605757969,
      272990.79786664
     ]
    ]
   },
   "properties": {
    "osm_id": "799765664",
    "osm_type": "way",
    "osm_version": "3",
    "osm_timestamp": "2025-09-08T12:45:42Z",
    "highway": "residential",
    "source": "digitalglobe"
   }
  },
  {
   "type": "Feature",
   "geometry": {
    "type": "LineString",
    "coordinates": [
     [
      176282.53955967491,
      272671.89175656333
     ],
     [
      176276.13982228903,
      272670.25538954354
     ],
     [
      176264.3712068292,
      272659.9573118417
     ],
     [
      176251.461276575,
      272652.8240921722
     ],
     [
      176238.60615280544,
      272645.7240304458
     ],
     [
      176226.32851837136,
      272629.19235448533
     ],
     [
      176195.8963893782,
      272595.65627201414
     ],
     [
      176187.5593030358,
      272589.34325459145
     ],
     [
      176121.97153445144,
      272586.1091358099
     ],
     [
      176087.22567844833,
      272588.14184708643
     ],
     [
      176057.36630847896,
      272585.3025486171
     ],
     [
      175953.82460639748,
      272481.7997433896
     ],
     [
      175896.99753844467,
      272462.45741781703
     ],
     [
      175837.0165316139,
      272451.1449701279
     ],
     [
      175814.01601201372,
      272447.72245467314
     ]
    ]
   },
   "properties": {
    "osm_id": "799765665",
    "osm_type": "way",
    "osm_version": "4",
    "osm_timestamp": "2025-09-26T15:22:32Z",
    "highway": "residential",
    "source": "digitalglobe"
   }
  },
  {
   "type": "Feature",
   "geometry": {
    "type": "LineString",
    "coordinates": [
     [
      176057.36630847896,
      272585.3025486171
     ],
     [
      176059.41753430563,
      272619.40092259645
     ],
     [
      176071.7172730657,
      272644.21973359137
     ],
     [
      176073.20534668537,
      272651.5269425178
     ],
     [
      176068.81544084888,
      272657.873308892
     ],
     [
      176035.09224421138,
      272677.44356733165
     ]
    ]
   },
   "properties": {
    "osm_id": "799765666",
    "osm_type": "way",
    "osm_version": "1",
    "osm_timestamp": "2020-05-04T11:32:48Z",
    "highway": "residential",
    "source": "digitalglobe"
   }
  },
  {
   "type": "Feature",
   "geometry": {
    "type": "LineString",
    "coordinates": [
     [
      175953.82460639748,
      272481.7997433896
     ],
     [
      175937.57485862894,
      272443.5674756346
     ],
     [
      175929.41429041704,
      272410.97191815043
     ],
     [
      175931.74732149922,
      272368.5745729918
     ],
     [
      175933.13441636408,
      272337.6290098029
     ],
     [
      175928.15129910264,
      272305.97916417505
     ],
     [
      175933.75094617452,
      272294.74806083814
     ],
     [
      175920.4883353864,
      272275.30161137873
     ],
     [
      175827.97014236107,
      272177.8507479032
     ],
     [
      175806.85294834152,
      272152.09050096973
     ],
     [
      175795.55722786955,
      272138.2305137251
     ]
    ]
   },
   "properties": {
    "osm_id": "799765667",
    "osm_type": "way",
    "osm_version": "2",
    "osm_timestamp": "2026-09-08T04:01:36Z",
    "highway": "track",
    "source": "digitalglobe"
   }
  },
  {
   "type": "Feature",
   "geometry": {
    "type": "LineString",
    "coordinates": [
     [
      175557.55232968708,
      272339.11787887086
     ],
     [
      175573.56584519893,
      272383.85135024996
     ],
     [
      175628.59864130398,
      272509.5350108614
     ],
     [
      175634.375108325,
      272520.23660878843
     ]
    ]
   },
   "properties": {
    "osm_id": "799765668",
    "osm_type": "way",
    "osm_version": "1",
    "osm_timestamp": "2020-05-04T11:32:48Z",
    "highway": "track",
    "source": "digitalglobe"
   }
  },
  {
   "type": "Feature",
   "geometry": {
    "type": "LineString",
    "coordinates": [
     [
      175693.99001476652,
      272408.1804609548
     ],
     [
      175669.03891386383,
      272398.6949562915
     ],
     [
      175651.88661164473,
      272388.5119062564
     ],
     [
      175635.72875699337,
      272385.14919967606
     ],
     [
      175618.5790054094,
      272379.3484400081
     ],
     [
      175598.23081519402,
      272364.8250991089
     ],
     [
      175573.71162122363,
      272346.3745305405
     ],
     [
      175557.55232968708,
      272339.11787887086
     ],
     [
      175548.2425950991,
      272334.3945355544
     ]
    ]
   },
   "properties": {
    "osm_id": "799765669",
    "osm_type": "way",
    "osm_version": "1",
    "osm_timestamp": "2020-05-04T11:32:48Z",
    "highway": "residential",
    "source": "digitalglobe"
   }
  },
  {
   "type": "Feature",
   "geometry": {
    "type": "LineString",
    "coordinates": [
     [
      175548.2425950991,
      272334.3945355544
     ],
     [
      175522.1100804257,
      272330.1712869958
     ],
     [
      175504.32371027168,
      272335.36687061016
     ],
     [
      175498.80515148432,
      272332.4528362032
     ],
     [
      175485.94168114997,
      272326.03060510923
     ],
     [
      175481.94763645835,
      272320.0504582712
     ],
     [
      175480.15735773506,
      272312.522274042
     ],
     [
      175473.2871073221,
      272305.7178088186
     ],
     [
      175456.63235194312,
      272297.48637507355
     ],
     [
      175415.46088680543,
      272275.3090922007
     ],
     [
      175410.85259506156,
      272271.6382425366
     ],
     [
      175399.9979596975,
      272255.73620369425
     ],
     [
      175386.82504392965,
      272242.9135570827
     ]
    ]
   },
   "properties": {
    "osm_id": "799765670",
    "osm_type": "way",
    "osm_version": "2",
    "osm_timestamp": "2026-09-08T04:01:36Z",
    "highway": "service",
    "source": "digitalglobe"
   }
  },
  {
   "type": "Feature",
   "geometry": {
    "type": "LineString",
    "coordinates": [
     [
      175854.05068584942,
      272692.05613375653
     ],
     [
      175889.20604638685,
      272662.2413980441
     ],
     [
      175900.36357007225,
      272624.20289126324
     ],
     [
      175906.15389895442,
      272592.03637885576
     ],
     [
      175922.70343518208,
      272557.4006674058
     ]
    ]
   },
   "properties": {
    "osm_id": "799765671",
    "osm_type": "way",
    "osm_version": "1",
    "osm_timestamp": "2020-05-04T11:32:48Z",
    "highway": "residential",
    "source": "digitalglobe"
   }
  },
  {
   "type": "Feature",
   "geometry": {
    "type": "LineString",
    "coordinates": [
     [
      175854.05068584942,
      272692.05613375653
     ],
     [
      175825.11729298494,
      272670.21066113625
     ],
     [
      175772.68471581233,
      272645.98705917463
     ],
     [
      175760.4295706587,
      272638.220416743
     ],
     [
      175725.57096191248,
      272597.87470701494
     ]
    ]
   },
   "properties": {
    "osm_id": "799765672",
    "osm_type": "way",
    "osm_version": "1",
    "osm_timestamp": "2020-05-04T11:32:48Z",
    "highway": "residential",
    "source": "digitalglobe"
   }
  },
  {
   "type": "Feature",
   "geometry": {
    "type": "LineString",
    "coordinates": [
     [
      175854.05068584942,
      272692.05613375653
     ],
     [
      175886.42977249267,
      272719.7392479678
     ],
     [
      175898.2088193659,
      272733.84214711835
     ]
    ]
   },
   "properties": {
    "osm_id": "799765673",
    "osm_type": "way",
    "osm_version": "1",
    "osm_timestamp": "2020-05-04T11:32:48Z",
    "highway": "residential",
    "source": "digitalglobe"
   }
  },
  {
   "type": "Feature",
   "geometry": {
    "type": "LineString",
    "coordinates": [
     [
      175634.375108325,
      272520.23660878843
     ],
     [
      175660.28945862246,
      272480.62731111713
     ],
     [
      175674.1535903773,
      272448.52782111306
     ],
     [
      175677.88524236323,
      272424.6651785582
     ],
     [
      175693.99001476652,
      272408.1804609548
     ]
    ]
   },
   "properties": {
    "osm_id": "799765674",
    "osm_type": "way",
    "osm_version": "3",
    "osm_timestamp": "2026-09-08T04:01:36Z",
    "highway": "residential",
    "source": "digitalglobe"
   }
  },
  {
   "type": "Feature",
   "geometry": {
    "type": "LineString",
    "coordinates": [
     [
      176294.24599413894,
      273421.85607732786
     ],
     [
      176299.00607086314,
      273428.123038238
     ],
     [
      176370.518413772,
      273523.0926648435
     ],
     [
      176390.2259534245,
      273548.83570314955
     ],
     [
      176397.45173948957,
      273559.68934906175
     ],
     [
      176436.0942135701,
      273633.55474461045
     ],
     [
      176488.99163455793,
      273734.65319995576
     ],
     [
      176496.98812295368,
      273747.3243961948
     ],
     [
      176504.78956869393,
      273755.12571451976
     ],
     [
      176515.13497772752,
      273762.48779599403
     ],
     [
      176526.74114205496,
      273767.0508781349
     ],
     [
      176533.23011259528,
      273768.2323220575
     ],
     [
      176540.30235821512,
      273769.2014753791
     ],
     [
      176566.1546011971,
      273765.5735921951
     ],
     [
      176603.02071823066,
      273759.6764099836
     ],
     [
      176613.0797404144,
      273758.57440418913
     ],
     [
      176626.49801584368,
      273758.35132167215
     ],
     [
      176644.2683137213,
      273761.9557068266
     ],
     [
      176665.2653331674,
      273768.1257232059
     ]
    ]
   },
   "properties": {
    "osm_id": "799765705",
    "osm_type": "way",
    "osm_version": "5",
    "osm_timestamp": "2025-09-08T12:45:42Z",
    "highway": "unclassified",
    "surface": "asphalt"
   }
  },
  {
   "type": "Feature",
   "geometry": {
    "type": "LineString",
    "coordinates": [
     [
      176249.4426987422,
      273358.10315911117
     ],
     [
      176294.24599413894,
      273421.85607732786
     ]
    ]
   },
   "properties": {
    "osm_id": "799765706",
    "osm_type": "way",
    "osm_version": "1",
    "osm_timestamp": "2020-05-04T11:32:48Z",
    "bridge": "yes",
    "highway": "residential",
    "layer": "1"
   }
  },
  {
   "type": "Feature",
   "geometry": {
    "type": "LineString",
    "coordinates": [
     [
      175380.14309949032,
      272261.92500833736
     ],
     [
      175377.2948687981,
      272295.0601898897
     ],
     [
      175370.99353823194,
      272394.0270043059
     ],
     [
      175369.78581595884,
      272413.0014704326
     ],
     [
      175351.92489164637,
      272505.13224974106
     ],
     [
      175345.17215209355,
      272541.6950638362
     ],
     [
      175340.30454930285,
      272553.40161088615
     ],
     [
      175322.73872229544,
      272572.44260844303
     ],
     [
      175323.97379934439,
      272577.06557127833
     ],
     [
      175331.81883922068,
      272583.3791360275
     ],
     [
      175348.74649098754,
      272598.1995997301
     ],
     [
      175355.86688268342,
      272606.4566452011
     ],
     [
      175365.72086735867,
      272630.3048436693
     ],
     [
      175370.42123244592,
      272647.8321676824
     ],
     [
      175371.22098295644,
      272673.65746959497
     ],
     [
      175371.51939502204,
      272692.9052252389
     ],
     [
      175377.90992147356,
      272704.57020507037
     ],
     [
      175384.31552567615,
      272718.4429090291
     ],
     [
      175386.54123039322,
      272728.421735852
     ],
     [
      175385.84509082552,
      272744.2662408306
     ],
     [
      175382.9586934233,
      272759.86150156514
     ],
     [
      175365.53300765742,
      272803.5979009953
     ],
     [
      175352.6217341751,
      272829.8486277924
     ],
     [
      175352.63774738714,
      272835.7618331837
     ],
     [
      175357.47187553666,
      272838.6998206822
     ],
     [
      175384.58326503396,
      272851.17408182094
     ],
     [
      175399.81233727979,
      272862.2160877896
     ],
     [
      175415.8105463431,
      272877.68265743344
     ],
     [
      175427.61725030636,
      272898.45254009275
     ]
    ]
   },
   "properties": {
    "osm_id": "800174827",
    "osm_type": "way",
    "osm_version": "2",
    "osm_timestamp": "2025-02-28T15:11:47Z",
    "highway": "service"
   }
  },
  {
   "type": "Feature",
   "geometry": {
    "type": "LineString",
    "coordinates": [
     [
      175386.82504392965,
      272242.9135570827
     ],
     [
      175380.14309949032,
      272261.92500833736
     ]
    ]
   },
   "properties": {
    "osm_id": "800174828",
    "osm_type": "way",
    "osm_version": "1",
    "osm_timestamp": "2020-05-05T00:25:56Z",
    "highway": "service"
   }
  },
  {
   "type": "Feature",
   "geometry": {
    "type": "LineString",
    "coordinates": [
     [
      175788.46736987552,
      272415.87217481795
     ],
     [
      175793.8912884489,
      272424.422521889
     ],
     [
      175797.91174474647,
      272430.13647192647
     ],
     [
      175802.2966654671,
      272435.6719466617
     ],
     [
      175810.97969178998,
      272444.9791451328
     ],
     [
      175814.01601201372,
      272447.72245467314
     ]
    ]
   },
   "properties": {
    "osm_id": "800174829",
    "osm_type": "way",
    "osm_version": "3",
    "osm_timestamp": "2025-09-26T15:22:32Z",
    "highway": "residential",
    "name": "청동길",
    "name:en": "Cheongdong-gil",
    "name:ko": "청동길",
    "review": "no"
   }
  },
  {
   "type": "Feature",
   "geometry": {
    "type": "LineString",
    "coordinates": [
     [
      175814.01601201372,
      272447.72245467314
     ],
     [
      175839.0420173417,
      272475.2252417788
     ],
     [
      175922.70343518208,
      272557.4006674058
     ],
     [
      175994.18111016793,
      272628.2484568853
     ],
     [
      176032.6439687935,
      272672.75713925075
     ],
     [
      176035.09224421138,
      272677.44356733165
     ],
     [
      176047.6635979033,
      272701.47393982275
     ],
     [
      176061.21691814985,
      272741.5995283019
     ],
     [
      176066.7508022846,
      272764.3836939247
     ],
     [
      176063.82750131167,
      272787.20119503915
     ],
     [
      176054.928531431,
      272813.49582881824
     ],
     [
      176045.8013122278,
      272829.3069896909
     ],
     [
      176036.22747174738,
      272845.2635617535
     ],
     [
      176019.64898174256,
      272872.33286689257
     ],
     [
      176016.32986753804,
      272879.9079044816
     ],
     [
      176011.85154304677,
      272890.7255253974
     ],
     [
      176008.6049905779,
      272905.0567853058
     ],
     [
      176007.01963086246,
      272916.2218003052
     ],
     [
      176007.0744353835,
      272930.08949380746
     ],
     [
      176010.62388669286,
      272957.9933224184
     ],
     [
      176011.3114468549,
      272966.17908211966
     ],
     [
      176013.45891721308,
      272991.75681158155
     ],
     [
      176012.8535261228,
      273004.361499657
     ],
     [
      176010.21424673294,
      273020.6326587724
     ]
    ]
   },
   "properties": {
    "osm_id": "800174830",
    "osm_type": "way",
    "osm_version": "4",
    "osm_timestamp": "2025-09-26T15:22:32Z",
    "highway": "residential",
    "name": "청동길",
    "name:en": "Cheongdong-gil",
    "name:ko": "청동길",
    "review": "no"
   }
  },
  {
   "type": "Feature",
   "geometry": {
    "type": "LineString",
    "coordinates": [
     [
      176685.96091522262,
      274514.5293822652
     ],
     [
      176620.23127202012,
      274542.88867763395
     ],
     [
      176568.4907112987,
      274562.7585557452
     ]
    ]
   },
   "properties": {
    "osm_id": "800174873",
    "osm_type": "way",
    "osm_version": "3",
    "osm_timestamp": "2025-04-19T11:02:48Z",
    "highway": "tertiary",
    "name": "노안로",
    "name:en": "Noan-ro",
    "name:ko": "노안로",
    "ref": "24",
    "surface": "asphalt"
   }
  },
  {
   "type": "Feature",
   "geometry": {
    "type": "LineString",
    "coordinates": [
     [
      176723.28731873177,
      274500.74343818123
     ],
     [
      176685.96091522262,
      274514.5293822652
     ]
    ]
   },
   "properties": {
    "osm_id": "800174874",
    "osm_type": "way",
    "osm_version": "2",
    "osm_timestamp": "2023-10-17T17:14:30Z",
    "bridge": "yes",
    "highway": "tertiary",
    "layer": "1",
    "name": "노안로",
    "name:en": "Noan-ro",
    "name:ko": "노안로",
    "ref": "24"
   }
  },
  {
   "type": "Feature",
   "geometry": {
    "type": "LineString",
    "coordinates": [
     [
      175693.99001476652,
      272408.1804609548
     ],
     [
      175711.22511477227,
      272401.5555578549
     ],
     [
      175760.07770398,
      272413.58465121995
     ],
     [
      175788.46736987552,
      272415.87217481795
     ]
    ]
   },
   "properties": {
    "osm_id": "800176409",
    "osm_type": "way",
    "osm_version": "2",
    "osm_timestamp": "2026-09-08T04:01:36Z",
    "highway": "residential",
    "source": "digitalglobe"
   }
  },
  {
   "type": "Feature",
   "geometry": {
    "type": "LineString",
    "coordinates": [
     [
      176603.02071823066,
      273759.6764099836
     ],
     [
      176535.21671770973,
      273629.4821562136
     ],
     [
      176524.67030759092,
      273607.9088022423
     ],
     [
      176515.7130883331,
      273587.08576990844
     ],
     [
      176505.5103261621,
      273560.85195586056
     ],
     [
      176495.14270965804,
      273530.8576201709
     ],
     [
      176488.47408767368,
      273506.1124253141
     ],
     [
      176484.05098359528,
      273488.9721053301
     ],
     [
      176476.09133049252,
      273455.3548372973
     ],
     [
      176470.05309093342,
      273416.8955053764
     ],
     [
      176470.03260829402,
      273412.5022258157
     ],
     [
      176434.78241466457,
      273405.2934106315
     ],
     [
      176427.44029121177,
      273402.3835386497
     ],
     [
      176411.740510822,
      273384.8841740102
     ],
     [
      176387.76350213494,
      273355.7129454673
     ]
    ]
   },
   "properties": {
    "osm_id": "801826606",
    "osm_type": "way",
    "osm_version": "4",
    "osm_timestamp": "2025-09-08T12:45:42Z",
    "highway": "track",
    "source": "digitalglobe",
    "surface": "concrete",
    "tracktype": "grade1"
   }
  },
  {
   "type": "Feature",
   "geometry": {
    "type": "LineString",
    "coordinates": [
     [
      177887.38176262748,
      272202.33693923353
     ],
     [
      177889.49241195558,
      272162.2705100533
     ],
     [
      177898.85575654436,
      272155.69107756054
     ],
     [
      177902.62355873955,
      272151.7878528816
     ],
     [
      177919.2655669123,
      272102.92172516434
     ],
     [
      177926.38169246577,
      272080.12799605145
     ],
     [
      177945.7086830329,
      272047.2643990981
     ],
     [
      177959.26677426725,
      271990.6842375974
     ],
     [
      177964.05598612112,
      271982.7735478401
     ]
    ]
   },
   "properties": {
    "osm_id": "882802520",
    "osm_type": "way",
    "osm_version": "2",
    "osm_timestamp": "2022-12-08T12:11:25Z",
    "highway": "residential",
    "lanes": "1",
    "source": "maxar",
    "surface": "asphalt"
   }
  },
  {
   "type": "Feature",
   "geometry": {
    "type": "LineString",
    "coordinates": [
     [
      177968.09955911766,
      272948.4289929712
     ],
     [
      177990.15448743093,
      272935.1956581076
     ],
     [
      177994.0975128367,
      272932.1906753428
     ],
     [
      177998.02735845643,
      272912.41121748893
     ],
     [
      178000.48237461442,
      272890.1391202963
     ],
     [
      178008.85353687406,
      272737.5063878241
     ],
     [
      178013.51641931757,
      272666.11473115155
     ]
    ]
   },
   "properties": {
    "osm_id": "882802521",
    "osm_type": "way",
    "osm_version": "4",
    "osm_timestamp": "2025-03-05T02:52:45Z",
    "highway": "track",
    "source": "maxar",
    "surface": "concrete",
    "tracktype": "grade1"
   }
  },
  {
   "type": "Feature",
   "geometry": {
    "type": "LineString",
    "coordinates": [
     [
      176137.0406511167,
      271133.38832174643
     ],
     [
      176148.68414558037,
      271133.43547859386
     ],
     [
      176192.57888855896,
      271131.4678821009
     ],
     [
      176203.39804729712,
      271130.3301804379
     ],
     [
      176210.61028850736,
      271128.20343176025
     ],
     [
      176214.1162529892,
      271125.47618537437
     ]
    ]
   },
   "properties": {
    "osm_id": "882802522",
    "osm_type": "way",
    "osm_version": "3",
    "osm_timestamp": "2026-08-30T01:27:43Z",
    "highway": "secondary_link",
    "oneway": "no"
   }
  },
  {
   "type": "Feature",
   "geometry": {
    "type": "LineString",
    "coordinates": [
     [
      176855.06830109455,
      271606.7789426501
     ],
     [
      176649.69785514736,
      271589.75220418756
     ]
    ]
   },
   "properties": {
    "osm_id": "882802527",
    "osm_type": "way",
    "osm_version": "2",
    "osm_timestamp": "2022-08-18T02:48:19Z",
    "highway": "track"
   }
  },
  {
   "type": "Feature",
   "geometry": {
    "type": "LineString",
    "coordinates": [
     [
      176876.2932431395,
      271578.64549349435
     ],
     [
      176912.0533522709,
      271586.39837570395
     ],
     [
      176910.12869074702,
      271601.0254642045
     ]
    ]
   },
   "properties": {
    "osm_id": "882802528",
    "osm_type": "way",
    "osm_version": "1",
    "osm_timestamp": "2020-12-09T14:12:24Z",
    "highway": "service",
    "service": "alley"
   }
  },
  {
   "type": "Feature",
   "geometry": {
    "type": "LineString",
    "coordinates": [
     [
      176883.97401635794,
      271516.75341849675
     ],
     [
      176898.3046023921,
      271522.3640165322
     ],
     [
      176916.20579700897,
      271489.5462370309
     ],
     [
      176946.97385645498,
      271507.61846162466
     ],
     [
      176952.10446702776,
      271505.0537989204
     ],
     [
      176958.46758416825,
      271506.36900346685
     ],
     [
      176992.99444940995,
      271513.4707651313
     ],
     [
      176993.8607812244,
      271516.8856014231
     ],
     [
      176990.9313156337,
      271520.2989345047
     ],
     [
      176987.7545951278,
      271523.35787783045
     ]
    ]
   },
   "properties": {
    "osm_id": "882802529",
    "osm_type": "way",
    "osm_version": "1",
    "osm_timestamp": "2020-12-09T14:12:24Z",
    "highway": "service",
    "service": "alley"
   }
  },
  {
   "type": "Feature",
   "geometry": {
    "type": "LineString",
    "coordinates": [
     [
      176768.3796955329,
      271725.76357538503
     ],
     [
      176774.4802009463,
      271720.7556022494
     ],
     [
      176784.25869074947,
      271716.09327021084
     ],
     [
      176789.8737593408,
      271710.3543253293
     ],
     [
      176793.6464888969,
      271701.3361836686
     ],
     [
      176800.61120742594,
      271698.87770161714
     ]
    ]
   },
   "properties": {
    "osm_id": "882802530",
    "osm_type": "way",
    "osm_version": "1",
    "osm_timestamp": "2020-12-09T14:12:24Z",
    "highway": "service",
    "service": "alley"
   }
  },
  {
   "type": "Feature",
   "geometry": {
    "type": "LineString",
    "coordinates": [
     [
      176321.21946883402,
      271653.4383098395
     ],
     [
      176391.82942291166,
      271620.3827064083
     ]
    ]
   },
   "properties": {
    "osm_id": "882802531",
    "osm_type": "way",
    "osm_version": "3",
    "osm_timestamp": "2025-03-05T02:52:45Z",
    "highway": "track",
    "surface": "concrete",
    "tracktype": "grade1"
   }
  },
  {
   "type": "Feature",
   "geometry": {
    "type": "LineString",
    "coordinates": [
     [
      176217.44572296567,
      271446.4793608068
     ],
     [
      176326.18690538057,
      271412.7357626231
     ]
    ]
   },
   "properties": {
    "osm_id": "882802532",
    "osm_type": "way",
    "osm_version": "3",
    "osm_timestamp": "2025-03-05T02:52:45Z",
    "highway": "track",
    "surface": "concrete",
    "tracktype": "grade1"
   }
  },
  {
   "type": "Feature",
   "geometry": {
    "type": "LineString",
    "coordinates": [
     [
      176461.2193817155,
      271506.9863003879
     ],
     [
      176397.46488692675,
      271527.5425543708
     ]
    ]
   },
   "properties": {
    "osm_id": "882802533",
    "osm_type": "way",
    "osm_version": "3",
    "osm_timestamp": "2025-03-05T02:52:45Z",
    "highway": "track",
    "surface": "concrete",
    "tracktype": "grade1"
   }
  },
  {
   "type": "Feature",
   "geometry": {
    "type": "LineString",
    "coordinates": [
     [
      176467.78885279878,
      271845.8319492128
     ],
     [
      176442.03263960185,
      271825.19668973633
     ],
     [
      176417.01410232057,
      271804.0714451664
     ],
     [
      176389.84301333403,
      271776.2509251265
     ],
     [
      176365.26212511156,
      271755.1024989215
     ]
    ]
   },
   "properties": {
    "osm_id": "882802534",
    "osm_type": "way",
    "osm_version": "4",
    "osm_timestamp": "2025-03-05T02:52:45Z",
    "highway": "track",
    "source": "maxar",
    "surface": "concrete",
    "tracktype": "grade1"
   }
  },
  {
   "type": "Feature",
   "geometry": {
    "type": "LineString",
    "coordinates": [
     [
      177801.69872971694,
      272553.4786136713
     ],
     [
      177796.399081597,
      272688.56401671027
     ],
     [
      177790.32392704813,
      272804.8687751264
     ],
     [
      177788.06148206803,
      272857.2502607328
     ],
     [
      177786.16732423927,
      272873.6189064095
     ],
     [
      177786.06020299823,
      272874.5843678643
     ],
     [
      177786.29927149296,
      272875.3492878215
     ],
     [
      177798.41363300072,
      272886.09224806883
     ],
     [
      177800.52514852327,
      272887.7623297563
     ],
     [
      177832.62768599094,
      272905.77881034365
     ],
     [
      177847.2616894457,
      272913.4980619976
     ],
     [
      177859.67383049,
      272922.94235108263
     ]
    ]
   },
   "properties": {
    "osm_id": "882802535",
    "osm_type": "way",
    "osm_version": "4",
    "osm_timestamp": "2025-03-05T02:52:45Z",
    "highway": "track",
    "source": "maxar",
    "surface": "concrete",
    "tracktype": "grade1"
   }
  },
  {
   "type": "Feature",
   "geometry": {
    "type": "LineString",
    "coordinates": [
     [
      176889.60692455745,
      272100.29632931936
     ],
     [
      176838.83179862972,
      272146.7216681987
     ],
     [
      176820.28584848964,
      272165.77332124894
     ],
     [
      176816.86148768914,
      272168.2116818577
     ],
     [
      176814.91894111608,
      272172.1218050278
     ],
     [
      176815.9063470366,
      272176.5015191924
     ],
     [
      176819.83285310006,
      272181.36189623707
     ],
     [
      176879.72619644733,
      272251.36962694296
     ],
     [
      176910.4821228095,
      272294.41491968755
     ]
    ]
   },
   "properties": {
    "osm_id": "882802536",
    "osm_type": "way",
    "osm_version": "3",
    "osm_timestamp": "2025-03-05T02:52:45Z",
    "highway": "track",
    "source": "maxar",
    "surface": "concrete",
    "tracktype": "grade1"
   }
  },
  {
   "type": "Feature",
   "geometry": {
    "type": "LineString",
    "coordinates": [
     [
      176464.9056175866,
      271517.5495850929
     ],
     [
      176573.5722946522,
      271490.2992617503
     ],
     [
      176573.83055759038,
      271494.92489592
     ],
     [
      176571.40652242408,
      271503.2185309324
     ],
     [
      176568.74489586422,
      271514.9187103058
     ],
     [
      176573.4773446559,
      271545.6043008938
     ],
     [
      176579.90726315897,
      271572.87959636905
     ],
     [
      176584.0999407482,
      271585.29436499457
     ],
     [
      176589.98291628293,
      271587.9529503171
     ],
     [
      176595.614539825,
      271588.67069303314
     ],
     [
      176600.5202313059,
      271594.5047506145
     ],
     [
      176611.42107141437,
      271646.67515684577
     ],
     [
      176616.10914253065,
      271663.714968065
     ],
     [
      176618.10639446482,
      271677.5443609187
     ],
     [
      176629.64353119332,
      271689.75169174344
     ],
     [
      176639.48511498634,
      271709.69607545796
     ],
     [
      176647.4424564648,
      271759.8660253343
     ],
     [
      176656.59362119646,
      271798.82773621153
     ],
     [
      176656.59790480192,
      271825.4095381049
     ],
     [
      176675.39001370978,
      271873.8099494153
     ],
     [
      176682.24581492768,
      271875.2013575069
     ],
     [
      176690.80910337024,
      271873.5263870491
     ],
     [
      176694.49132960927,
      271879.11955504713
     ],
     [
      176706.03906713027,
      271895.609335635
     ],
     [
      176732.0641969332,
      271928.9586575699
     ],
     [
      176738.4734252103,
      271948.4237775852
     ],
     [
      176745.35908483955,
      271961.5306817164
     ],
     [
      176763.4945825041,
      271971.0254293477
     ],
     [
      176805.64605172642,
      271991.86388258875
     ],
     [
      176832.11416778475,
      272005.93055963755
     ],
     [
      176876.31638696403,
      272069.15524027054
     ],
     [
      176889.60692455745,
      272100.29632931936
     ],
     [
      176906.5550043268,
      272120.23406278173
     ],
     [
      176918.37578468537,
      272151.1237556095
     ],
     [
      176932.11067378984,
      272163.29261582025
     ],
     [
      176958.84170708433,
      272184.18195649964
     ],
     [
      176966.67543919277,
      272186.3476996062
     ],
     [
      176995.09514156403,
      272200.3766279237
     ],
     [
      177021.0677935266,
      272210.0850640218
     ],
     [
      177045.08801268818,
      272227.0763242332
     ],
     [
      177080.8827860653,
      272253.29059926973
     ],
     [
      177111.75155001966,
      272265.3944195107
     ],
     [
      177124.00479965817,
      272272.674729591
     ],
     [
      177186.2817144936,
      272319.29179684585
     ],
     [
      177211.25740033944,
      272328.22667431313
     ],
     [
      177229.1398179939,
      272335.5152234166
     ],
     [
      177273.55359531226,
      272382.8987129806
     ],
     [
      177295.162408013,
      272410.1255492248
     ],
     [
      177379.0597892041,
      272493.2344883373
     ],
     [
      177473.71640028982,
      272574.36497818184
     ],
     [
      177495.15457719215,
      272584.6628844482
     ],
     [
      177535.55930360354,
      272594.5589956484
     ],
     [
      177537.6425244588,
      272595.80750479555
     ],
     [
      177551.3727671678,
      272606.7014687135
     ]
    ]
   },
   "properties": {
    "osm_id": "882802538",
    "osm_type": "way",
    "osm_version": "5",
    "osm_timestamp": "2026-09-09T08:48:05Z",
    "highway": "track",
    "source": "maxar",
    "surface": "concrete",
    "tracktype": "grade1"
   }
  },
  {
   "type": "Feature",
   "geometry": {
    "type": "LineString",
    "coordinates": [
     [
      176738.4734252103,
      271948.4237775852
     ],
     [
      176727.11052387895,
      271954.2218258168
     ],
     [
      176657.25419331694,
      272024.43865801516
     ]
    ]
   },
   "properties": {
    "osm_id": "882802539",
    "osm_type": "way",
    "osm_version": "3",
    "osm_timestamp": "2025-03-05T02:52:45Z",
    "highway": "track",
    "source": "maxar",
    "surface": "concrete",
    "tracktype": "grade1"
   }
  },
  {
   "type": "Feature",
   "geometry": {
    "type": "LineString",
    "coordinates": [
     [
      177972.92821220873,
      271644.86609600467
     ],
     [
      177988.9503643985,
      271633.4446688308
     ],
     [
      177990.90044929733,
      271632.3970971955
     ],
     [
      177992.72416160657,
      271631.91563717986
     ],
     [
      177994.84041563972,
      271631.66644936136
     ],
     [
      177997.64222755714,
      271631.92593998497
     ],
     [
      178025.77058493235,
      271638.6143985119
     ],
     [
      178029.7766166182,
      271638.7933332323
     ],
     [
      178033.8533944636,
      271638.0401836962
     ],
     [
      178040.61820896956,
      271635.77173742675
     ],
     [
      178050.32124676995,
      271633.57387223456
     ],
     [
      178058.5696367506,
      271633.55399174587
     ],
     [
      178068.5289252002,
      271635.46039356047
     ],
     [
      178077.99026074202,
      271635.19353607827
     ],
     [
      178084.95785266135,
      271633.76779610006
     ],
     [
      178096.87755397748,
      271631.331666841
     ],
     [
      178122.02103515278,
      271626.1567775758
     ],
     [
      178141.27714721824,
      271623.880589325
     ],
     [
      178205.75834582234,
      271615.9045877325
     ],
     [
      178260.53588780685,
      271606.0329052919
     ],
     [
      178275.5803821429,
      271605.3424385048
     ],
     [
      178290.31240369665,
      271607.5372407528
     ],
     [
      178298.329664775,
      271610.069801023
     ]
    ]
   },
   "properties": {
    "osm_id": "882802540",
    "osm_type": "way",
    "osm_version": "3",
    "osm_timestamp": "2026-03-02T07:05:17Z",
    "highway": "track",
    "name": "촌곡본촌길",
    "name:en": "Chongokbonchon-gil",
    "source": "maxar",
    "tracktype": "grade1"
   }
  },
  {
   "type": "Feature",
   "geometry": {
    "type": "LineString",
    "coordinates": [
     [
      178685.10553015504,
      271174.24053486774
     ],
     [
      178682.14098751143,
      271186.37345334515
     ],
     [
      178679.36311957482,
      271192.4928702484
     ],
     [
      178675.4606240181,
      271197.6386304061
     ],
     [
      178666.79425526335,
      271206.36788912857
     ],
     [
      178657.84646619085,
      271215.7079978503
     ],
     [
      178654.27055891807,
      271220.0320299006
     ],
     [
      178651.2695131902,
      271224.35471570794
     ],
     [
      178646.8078437199,
      271232.28644827165
     ],
     [
      178643.34069811387,
      271240.1825680642
     ],
     [
      178641.16113129677,
      271248.4972495213
     ],
     [
      178640.66144112035,
      271253.31331239064
     ],
     [
      178640.5997110029,
      271258.11725383525
     ],
     [
      178640.76726930018,
      271263.4198973481
     ],
     [
      178641.54462027657,
      271279.7265757854
     ],
     [
      178644.23137968965,
      271304.81539823493
     ],
     [
      178643.92277809864,
      271317.18617669743
     ],
     [
      178643.01638496292,
      271323.6673267255
     ],
     [
      178641.70653198374,
      271329.3062625119
     ],
     [
      178638.70824543192,
      271338.67681706266
     ],
     [
      178630.30364228913,
      271353.8956183465
     ],
     [
      178617.39679023277,
      271367.48305430834
     ],
     [
      178604.817993538,
      271376.98706500256
     ],
     [
      178592.8233220866,
      271382.6622138601
     ],
     [
      178587.75480685677,
      271384.69327910384
     ],
     [
      178583.3684448248,
      271385.79082819313
     ],
     [
      178563.33325407264,
      271390.71942928346
     ],
     [
      178552.0769104236,
      271392.1770899068
     ],
     [
      178542.35067348328,
      271392.4329827736
     ],
     [
      178525.55059734444,
      271391.7292739754
     ],
     [
      178519.2728441131,
      271391.72189249634
     ],
     [
      178509.31143712875,
      271392.85481895943
     ],
     [
      178500.58318444548,
      271394.5506500567
     ],
     [
      178495.94462458516,
      271397.0356146086
     ],
     [
      178492.35801175312,
      271400.6275190738
     ],
     [
      178480.95537719553,
      271436.69958813454
     ],
     [
      178478.3093994346,
      271452.2044712842
     ],
     [
      178473.3283222615,
      271468.03660819423
     ],
     [
      178467.04836050535,
      271482.50723029365
     ],
     [
      178467.9222163918,
      271485.4784158464
     ],
     [
      178468.61866685294,
      271486.7415105022
     ],
     [
      178469.64286350366,
      271487.69319197716
     ],
     [
      178482.67234124924,
      271495.27303052234
     ]
    ]
   },
   "properties": {
    "osm_id": "882802541",
    "osm_type": "way",
    "osm_version": "3",
    "osm_timestamp": "2026-03-02T07:05:17Z",
    "highway": "residential",
    "name": "촌곡신가길",
    "name:en": "Chongoksinga-gil",
    "source": "maxar",
    "tracktype": "grade1"
   }
  },
  {
   "type": "Feature",
   "geometry": {
    "type": "LineString",
    "coordinates": [
     [
      177379.0597892041,
      272493.2344883373
     ],
     [
      177275.55770378246,
      272597.2790200448
     ]
    ]
   },
   "properties": {
    "osm_id": "882802542",
    "osm_type": "way",
    "osm_version": "3",
    "osm_timestamp": "2025-03-05T02:52:45Z",
    "highway": "track",
    "source": "maxar",
    "surface": "concrete",
    "tracktype": "grade1"
   }
  },
  {
   "type": "Feature",
   "geometry": {
    "type": "LineString",
    "coordinates": [
     [
      176919.39459400362,
      271772.019700218
     ],
     [
      176916.4612514234,
      271781.05785031256
     ],
     [
      176909.78289087562,
      271802.87497223687
     ],
     [
      176903.31922472583,
      271812.19943712826
     ],
     [
      176893.7190646789,
      271818.80268235126
     ]
    ]
   },
   "properties": {
    "osm_id": "882802543",
    "osm_type": "way",
    "osm_version": "1",
    "osm_timestamp": "2020-12-09T14:12:24Z",
    "highway": "service",
    "service": "alley",
    "source": "maxar"
   }
  },
  {
   "type": "Feature",
   "geometry": {
    "type": "LineString",
    "coordinates": [
     [
      178381.30103631254,
      271938.0508238606
     ],
     [
      178329.97724478913,
      271864.8399670741
     ],
     [
      178309.87350031504,
      271836.6641147058
     ],
     [
      178304.97007474295,
      271827.43430315977
     ],
     [
      178301.56659392783,
      271819.7097348681
     ],
     [
      178283.8434450014,
      271798.9170249677
     ]
    ]
   },
   "properties": {
    "osm_id": "882802544",
    "osm_type": "way",
    "osm_version": "2",
    "osm_timestamp": "2023-10-08T07:47:38Z",
    "highway": "track",
    "source": "maxar",
    "tracktype": "grade1"
   }
  },
  {
   "type": "Feature",
   "geometry": {
    "type": "LineString",
    "coordinates": [
     [
      176629.64353119332,
      271689.75169174344
     ],
     [
      176609.35027790678,
      271696.57129118347
     ],
     [
      176525.4243609443,
      271717.67774674605
     ]
    ]
   },
   "properties": {
    "osm_id": "882802545",
    "osm_type": "way",
    "osm_version": "3",
    "osm_timestamp": "2025-03-05T02:52:45Z",
    "highway": "track",
    "source": "maxar",
    "surface": "concrete",
    "tracktype": "grade1"
   }
  },
  {
   "type": "Feature",
   "geometry": {
    "type": "LineString",
    "coordinates": [
     [
      176880.0393736712,
      271893.26869546034
     ],
     [
      176887.79750290583,
      271865.546668514
     ],
     [
      176885.08189604685,
      271856.1012663763
     ],
     [
      176880.90611835424,
      271850.13207127666
     ],
     [
      176872.31185884567,
      271839.63655512204
     ],
     [
      176867.99888484142,
      271829.9511426997
     ],
     [
      176870.43408375178,
      271822.3897757653
     ],
     [
      176870.52783955957,
      271812.6044145113
     ],
     [
      176866.8314323597,
      271801.39752524113
     ],
     [
      176867.9014347475,
      271788.0040547402
     ],
     [
      176870.45653426982,
      271770.1691145852
     ]
    ]
   },
   "properties": {
    "osm_id": "882802546",
    "osm_type": "way",
    "osm_version": "1",
    "osm_timestamp": "2020-12-09T14:12:24Z",
    "highway": "service",
    "service": "alley",
    "source": "maxar"
   }
  },
  {
   "type": "Feature",
   "geometry": {
    "type": "LineString",
    "coordinates": [
     [
      178464.16181923132,
      272048.2087710718
     ],
     [
      178460.44707757028,
      272086.22640351683
     ],
     [
      178445.35826928006,
      272121.81913706905
     ],
     [
      178438.3538961142,
      272157.659008614
     ],
     [
      178441.15841743685,
      272205.3686740939
     ],
     [
      178438.57485588422,
      272250.9499161486
     ],
     [
      178445.56059692474,
      272307.458511536
     ],
     [
      178438.5102765373,
      272327.68890952953
     ],
     [
      178426.6104617762,
      272349.7169778371
     ]
    ]
   },
   "properties": {
    "osm_id": "882802547",
    "osm_type": "way",
    "osm_version": "3",
    "osm_timestamp": "2025-03-05T02:52:45Z",
    "highway": "track",
    "source": "maxar",
    "surface": "concrete",
    "tracktype": "grade1"
   }
  },
  {
   "type": "Feature",
   "geometry": {
    "type": "LineString",
    "coordinates": [
     [
      177340.5429633405,
      271863.8428013147
     ],
     [
      177315.12316261677,
      271878.5283113251
     ],
     [
      177276.87553770683,
      271948.2955281305
     ],
     [
      177271.2824978149,
      271962.9206066948
     ],
     [
      177263.4790614129,
      271976.58600996097
     ],
     [
      177246.90082397283,
      271998.5496517356
     ],
     [
      177227.3463844076,
      272008.82743621443
     ],
     [
      177191.64994719077,
      272022.07457001274
     ],
     [
      177098.36714221875,
      272018.8251572905
     ]
    ]
   },
   "properties": {
    "osm_id": "882802548",
    "osm_type": "way",
    "osm_version": "3",
    "osm_timestamp": "2025-03-05T02:52:45Z",
    "highway": "track",
    "source": "maxar",
    "surface": "concrete",
    "tracktype": "grade1"
   }
  },
  {
   "type": "Feature",
   "geometry": {
    "type": "LineString",
    "coordinates": [
     [
      178480.95537719553,
      271436.69958813454
     ],
     [
      178443.5017337935,
      271422.4322518915
     ],
     [
      178429.18548005118,
      271414.8222347161
     ],
     [
      178426.35337603476,
      271413.35341244907
     ],
     [
      178423.00924501545,
      271411.44203540747
     ],
     [
      178418.13923582892,
      271408.6578323314
     ],
     [
      178416.0187115366,
      271407.13185566047
     ],
     [
      178367.10367353732,
      271358.0228643534
     ],
     [
      178334.34093674386,
      271398.0066779124
     ]
    ]
   },
   "properties": {
    "osm_id": "882802549",
    "osm_type": "way",
    "osm_version": "2",
    "osm_timestamp": "2026-03-02T07:05:17Z",
    "highway": "track",
    "name": "촌곡신가길",
    "source": "maxar",
    "tracktype": "grade1"
   }
  },
  {
   "type": "Feature",
   "geometry": {
    "type": "LineString",
    "coordinates": [
     [
      178775.28112360148,
      271716.17119248677
     ],
     [
      178749.40173622346,
      271742.2918930003
     ],
     [
      178745.49084159287,
      271743.7543653886
     ],
     [
      178701.68210262014,
      271742.4033950402
     ],
     [
      178697.27965024774,
      271744.3551840226
     ],
     [
      178690.44676399897,
      271752.6585606367
     ],
     [
      178665.53545716955,
      271775.1272369854
     ],
     [
      178649.47020954662,
      271811.22113470355
     ],
     [
      178641.65542006833,
      271820.9801959215
     ],
     [
      178626.66494431935,
      271828.99212417926
     ],
     [
      178608.17677647065,
      271839.54177891015
     ],
     [
      178598.66043748579,
      271851.25746028766
     ],
     [
      178568.34873898447,
      271866.2283120926
     ],
     [
      178538.5011018004,
      271872.8774996141
     ],
     [
      178453.93154610667,
      271912.2953499354
     ],
     [
      178416.04529844876,
      271937.96838745
     ]
    ]
   },
   "properties": {
    "osm_id": "882802550",
    "osm_type": "way",
    "osm_version": "3",
    "osm_timestamp": "2022-08-18T02:48:19Z",
    "highway": "track",
    "source": "maxar"
   }
  },
  {
   "type": "Feature",
   "geometry": {
    "type": "LineString",
    "coordinates": [
     [
      177122.7585457981,
      272459.2942502425
     ],
     [
      177229.1398179939,
      272335.5152234166
     ]
    ]
   },
   "properties": {
    "osm_id": "882802551",
    "osm_type": "way",
    "osm_version": "3",
    "osm_timestamp": "2025-03-05T02:52:45Z",
    "highway": "track",
    "source": "maxar",
    "surface": "concrete",
    "tracktype": "grade1"
   }
  },
  {
   "type": "Feature",
   "geometry": {
    "type": "LineString",
    "coordinates": [
     [
      178712.3193447046,
      271367.0276741807
     ],
     [
      178729.513208838,
      271364.42473043915
     ],
     [
      178734.584279559,
      271363.4698777945
     ],
     [
      178740.98518502383,
      271361.5023492608
     ],
     [
      178756.78433839662,
      271355.5633533783
     ],
     [
      178764.34076699056,
      271352.17308569327
     ],
     [
      178779.0681063136,
      271344.40608223394
     ],
     [
      178783.16102439954,
      271342.6658468048
     ],
     [
      178833.95002319542,
      271327.4484206911
     ]
    ]
   },
   "properties": {
    "osm_id": "882802552",
    "osm_type": "way",
    "osm_version": "2",
    "osm_timestamp": "2026-03-02T07:05:17Z",
    "highway": "track",
    "name": "촌곡신가길",
    "name:en": "Chongoksinga-gil",
    "source": "maxar",
    "tracktype": "grade1"
   }
  },
  {
   "type": "Feature",
   "geometry": {
    "type": "LineString",
    "coordinates": [
     [
      177611.76418027404,
      272537.6796261397
     ],
     [
      177687.53442580995,
      272548.75423998386
     ],
     [
      177739.65999276785,
      272550.0688674905
     ],
     [
      177792.7648054941,
      272552.63505421707
     ],
     [
      177801.69872971694,
      272553.4786136713
     ],
     [
      177821.95155235947,
      272552.9632865612
     ],
     [
      177824.57784969584,
      272552.4465525701
     ],
     [
      177864.62575535098,
      272517.002805526
     ],
     [
      177867.78326000678,
      272509.81715038436
     ],
     [
      177869.94134396958,
      272489.331925349
     ],
     [
      177883.00769750672,
      272429.8572023225
     ],
     [
      177890.22085455008,
      272375.788521727
     ],
     [
      177891.1236258219,
      272345.5434213563
     ],
     [
      177888.13672260457,
      272325.33696536516
     ],
     [
      177887.38176262748,
      272202.33693923353
     ]
    ]
   },
   "properties": {
    "osm_id": "882802553",
    "osm_type": "way",
    "osm_version": "4",
    "osm_timestamp": "2025-03-05T02:52:45Z",
    "highway": "track",
    "source": "maxar",
    "surface": "concrete",
    "tracktype": "grade1"
   }
  },
  {
   "type": "Feature",
   "geometry": {
    "type": "LineString",
    "coordinates": [
     [
      178637.29414645044,
      272800.7446041803
     ],
     [
      178630.01075393596,
      272947.0837053697
     ],
     [
      178629.49161752238,
      272955.2281014385
     ]
    ]
   },
   "properties": {
    "osm_id": "882802554",
    "osm_type": "way",
    "osm_version": "3",
    "osm_timestamp": "2025-03-05T02:52:45Z",
    "highway": "track",
    "source": "maxar",
    "surface": "concrete",
    "tracktype": "grade1"
   }
  },
  {
   "type": "Feature",
   "geometry": {
    "type": "LineString",
    "coordinates": [
     [
      177703.14272573363,
      272041.36511716637
     ],
     [
      177682.34703041168,
      272033.03992134193
     ],
     [
      177658.3657571279,
      272031.63430140505
     ],
     [
      177652.0020482975,
      272033.60250678385
     ],
     [
      177637.32165083973,
      272033.6385553817
     ],
     [
      177604.0207828713,
      272026.8974574475
     ]
    ]
   },
   "properties": {
    "osm_id": "882802555",
    "osm_type": "way",
    "osm_version": "1",
    "osm_timestamp": "2020-12-09T14:12:24Z",
    "highway": "track",
    "source": "maxar",
    "tracktype": "grade1"
   }
  },
  {
   "type": "Feature",
   "geometry": {
    "type": "LineString",
    "coordinates": [
     [
      178911.78610158563,
      272746.5636664036
     ],
     [
      178854.30514173215,
      272760.3540385409
     ],
     [
      178816.14615192078,
      272765.79019625275
     ],
     [
      178766.22407367505,
      272765.90652439685
     ],
     [
      178749.10441078455,
      272767.89906629606
     ],
     [
      178637.29414645044,
      272800.7446041803
     ],
     [
      178608.74919249566,
      272813.0485993537
     ],
     [
      178564.7026705013,
      272813.15222738974
     ],
     [
      178426.54179699684,
      272801.91845628945
     ],
     [
      178304.2990356895,
      272797.69366891874
     ],
     [
      178277.370602713,
      272791.4230832506
     ],
     [
      178244.05901724065,
      272778.8330173819
     ],
     [
      178218.83226333625,
      272766.96703634143
     ],
     [
      178169.84069612934,
      272748.04668006836
     ],
     [
      178158.21078095667,
      272745.1789826323
     ],
     [
      178082.95017030646,
      272740.2232614416
     ],
     [
      178008.85353687406,
      272737.5063878241
     ],
     [
      177930.61469674585,
      272734.71140583645
     ],
     [
      177929.07933210296,
      272733.61679811147
     ],
     [
      177910.57214528724,
      272720.20437028346
     ],
     [
      177908.91558873243,
      272718.0450121435
     ],
     [
      177902.13429050846,
      272698.14729631494
     ],
     [
      177901.2652913678,
      272697.20639496663
     ],
     [
      177899.92266366494,
      272696.5883769057
     ],
     [
      177796.399081597,
      272688.56401671027
     ]
    ]
   },
   "properties": {
    "osm_id": "882802556",
    "osm_type": "way",
    "osm_version": "4",
    "osm_timestamp": "2025-03-05T02:52:45Z",
    "highway": "track",
    "source": "maxar",
    "surface": "concrete",
    "tracktype": "grade1"
   }
  },
  {
   "type": "Feature",
   "geometry": {
    "type": "LineString",
    "coordinates": [
     [
      176741.80792444918,
      271717.9101235028
     ],
     [
      176764.9231897869,
      271715.66553989355
     ],
     [
      176768.3796955329,
      271725.76357538503
     ],
     [
      176770.002751584,
      271739.64942694607
     ],
     [
      176772.9682333441,
      271750.41437185206
     ],
     [
      176776.7830514983,
      271761.4877902635
     ],
     [
      176778.6765627273,
      271781.25290347915
     ]
    ]
   },
   "properties": {
    "osm_id": "882802557",
    "osm_type": "way",
    "osm_version": "1",
    "osm_timestamp": "2020-12-09T14:12:24Z",
    "highway": "service",
    "service": "alley",
    "source": "maxar"
   }
  },
  {
   "type": "Feature",
   "geometry": {
    "type": "LineString",
    "coordinates": [
     [
      178224.3716976998,
      272733.3271192238
     ],
     [
      178230.28873699723,
      272544.75517593976
     ],
     [
      178235.04258871006,
      272487.74158720195
     ],
     [
      178236.41945151097,
      272449.2523689836
     ],
     [
      178249.3045761068,
      272274.7202653214
     ]
    ]
   },
   "properties": {
    "osm_id": "882802558",
    "osm_type": "way",
    "osm_version": "2",
    "osm_timestamp": "2025-03-05T02:52:45Z",
    "highway": "track",
    "source": "maxar",
    "surface": "concrete",
    "tracktype": "grade1"
   }
  },
  {
   "type": "Feature",
   "geometry": {
    "type": "LineString",
    "coordinates": [
     [
      177580.44019946328,
      272784.5927201051
     ],
     [
      177582.35774647107,
      272770.45391842676
     ],
     [
      177583.14987260764,
      272692.0156031143
     ],
     [
      177589.23976096726,
      272582.733330757
     ],
     [
      177588.82792535974,
      272567.3909973462
     ]
    ]
   },
   "properties": {
    "osm_id": "882802559",
    "osm_type": "way",
    "osm_version": "3",
    "osm_timestamp": "2025-03-05T02:52:45Z",
    "highway": "track",
    "source": "maxar",
    "surface": "concrete",
    "tracktype": "grade1"
   }
  },
  {
   "type": "Feature",
   "geometry": {
    "type": "LineString",
    "coordinates": [
     [
      178325.83882034142,
      272077.282194868
     ],
     [
      178321.19428076284,
      272080.9210684932
     ],
     [
      178317.0941184592,
      272106.2589722097
     ],
     [
      178314.21551507525,
      272131.15019950893
     ],
     [
      178311.0700004601,
      272143.5721431008
     ],
     [
      178304.48130538987,
      272154.5267597077
     ],
     [
      178302.56366213737,
      272169.153533749
     ],
     [
      178305.55318220478,
      272190.82454772526
     ],
     [
      178302.10437668144,
      272290.3480806033
     ]
    ]
   },
   "properties": {
    "osm_id": "882802560",
    "osm_type": "way",
    "osm_version": "2",
    "osm_timestamp": "2020-12-09T14:20:02Z",
    "highway": "track",
    "source": "maxar",
    "tracktype": "grade1"
   }
  },
  {
   "type": "Feature",
   "geometry": {
    "type": "LineString",
    "coordinates": [
     [
      178972.51370691013,
      272909.8635368499
     ],
     [
      178970.51409183067,
      272905.1974806112
     ],
     [
      178969.92703813923,
      272903.82315094024
     ],
     [
      178961.70778723387,
      272888.3213006632
     ],
     [
      178956.2426274256,
      272884.1957827349
     ],
     [
      178953.496779348,
      272880.34133546817
     ],
     [
      178949.7455572628,
      272871.7519726362
     ],
     [
      178943.53384917713,
      272852.5289249455
     ],
     [
      178927.55839608036,
      272793.06747847126
     ],
     [
      178911.78610158563,
      272746.5636664036
     ],
     [
      178896.66487140566,
      272701.5560966475
     ],
     [
      178873.771340275,
      272621.57535918406
     ],
     [
      178857.9985397475,
      272555.4570359106
     ],
     [
      178864.62056342454,
      272456.536531503
     ],
     [
      178868.98422881743,
      272438.01012017427
     ],
     [
      178891.13666484735,
      272406.71735481307
     ],
     [
      178912.03493025058,
      272393.2227040521
     ],
     [
      178952.02700621952,
      272370.9749587375
     ]
    ]
   },
   "properties": {
    "osm_id": "882802561",
    "osm_type": "way",
    "osm_version": "5",
    "osm_timestamp": "2026-02-16T08:28:03Z",
    "highway": "unclassified",
    "source": "maxar",
    "surface": "asphalt"
   }
  },
  {
   "type": "Feature",
   "geometry": {
    "type": "LineString",
    "coordinates": [
     [
      176137.0406511167,
      271133.38832174643
     ],
     [
      176139.2575368096,
      271154.10655265587
     ],
     [
      176139.54715753876,
      271167.1304315097
     ],
     [
      176140.55810332397,
      271183.81351999607
     ],
     [
      176138.41010554574,
      271203.31172862713
     ],
     [
      176142.93478864938,
      271248.12060740654
     ],
     [
      176168.64032646554,
      271346.1374925399
     ],
     [
      176191.35929133385,
      271422.33989074914
     ],
     [
      176206.6460927239,
      271465.4232601761
     ],
     [
      176240.5045027341,
      271544.7585480965
     ],
     [
      176271.13628777408,
      271604.6208785862
     ],
     [
      176316.3692446313,
      271683.01709190645
     ],
     [
      176365.26212511156,
      271755.1024989215
     ],
     [
      176386.5616936629,
      271784.60230909137
     ],
     [
      176413.4959003289,
      271816.0845351137
     ],
     [
      176457.31650663743,
      271864.33094631485
     ],
     [
      176501.72215364917,
      271909.64717654354
     ],
     [
      176561.4695527537,
      271967.39404916024
     ],
     [
      176575.43369701455,
      271979.7171030515
     ],
     [
      176589.00458824018,
      271991.6972677941
     ],
     [
      176747.4128206989,
      272140.46457611735
     ],
     [
      176826.89048856666,
      272215.5475026853
     ],
     [
      176910.4821228095,
      272294.41491968755
     ],
     [
      176934.33498023325,
      272317.3750214769
     ],
     [
      176976.58695589975,
      272357.09642319666
     ],
     [
      177032.9406067308,
      272410.0622499479
     ],
     [
      177123.46012945674,
      272495.2267705458
     ],
     [
      177154.2464286774,
      272525.71411666146
     ],
     [
      177173.50283927738,
      272542.5956364019
     ],
     [
      177235.5513949513,
      272597.2347613439
     ],
     [
      177300.77726434192,
      272649.47002498
     ],
     [
      177330.92878043465,
      272670.9621105119
     ],
     [
      177348.2075513493,
      272685.2861517242
     ],
     [
      177460.33269315216,
      272755.04582163476
     ],
     [
      177516.689870908,
      272785.72626957385
     ],
     [
      177595.09544128235,
      272823.009315175
     ],
     [
      177673.73027283116,
      272857.3192110952
     ],
     [
      177704.08703942693,
      272870.13631783135
     ],
     [
      177781.37478179878,
      272898.5926744234
     ],
     [
      177831.8224028928,
      272916.0096731083
     ],
     [
      177859.67383049,
      272922.94235108263
     ],
     [
      177945.18138972964,
      272944.2354027393
     ],
     [
      177968.09955911766,
      272948.4289929712
     ],
     [
      178039.68367269306,
      272961.6689362366
     ],
     [
      178124.38367342955,
      272973.73519826325
     ],
     [
      178231.2083634852,
      272982.65400435706
     ],
     [
      178353.4410302185,
      272983.66048515076
     ],
     [
      178476.27673712774,
      272981.216869865
     ],
     [
      178512.11717619072,
      272979.5567958763
     ],
     [
      178640.94064217643,
      272974.49412037915
     ],
     [
      178729.0184557998,
      272968.4411720864
     ],
     [
      178833.80806144857,
      272957.72389547626
     ],
     [
      178864.2576043012,
      272952.4277418267
     ],
     [
      178929.26904199237,
      272936.922563509
     ],
     [
      178990.8078713128,
      272922.7460818573
     ],
     [
      179011.9711893358,
      272917.8268807674
     ],
     [
      179108.6430007807,
      272903.51477648463
     ],
     [
      179128.847232854,
      272898.0433375342
     ],
     [
      179298.54359865986,
      272872.9156172696
     ],
     [
      179491.786376373,
      272835.04617335316
     ],
     [
      179516.38730517658,
      272829.11082826974
     ],
     [
      179581.3673586342,
      272819.0798536125
     ],
     [
      179590.257551826,
      272812.824952701
     ],
     [
      179594.7003845163,
      272804.61635046336
     ]
    ]
   },
   "properties": {
    "osm_id": "882802562",
    "osm_type": "way",
    "osm_version": "6",
    "osm_timestamp": "2026-08-30T01:27:43Z",
    "highway": "unclassified",
    "source": "maxar",
    "surface": "concrete"
   }
  },
  {
   "type": "Feature",
   "geometry": {
    "type": "LineString",
    "coordinates": [
     [
      176806.69054250282,
      271825.2367416408
     ],
     [
      176810.5477196963,
      271802.816542988
     ],
     [
      176804.3210200506,
      271776.18403031415
     ]
    ]
   },
   "properties": {
    "osm_id": "882802563",
    "osm_type": "way",
    "osm_version": "2",
    "osm_timestamp": "2023-11-06T06:46:13Z",
    "highway": "service",
    "source": "maxar"
   }
  },
  {
   "type": "Feature",
   "geometry": {
    "type": "LineString",
    "coordinates": [
     [
      178666.30813082625,
      272420.2106576544
     ],
     [
      178662.81283341366,
      272423.6913464529
     ],
     [
      178655.9572138654,
      272492.1033982045
     ],
     [
      178640.91533658814,
      272753.7852659262
     ]
    ]
   },
   "properties": {
    "osm_id": "882802564",
    "osm_type": "way",
    "osm_version": "4",
    "osm_timestamp": "2025-03-05T02:52:45Z",
    "highway": "track",
    "source": "maxar",
    "surface": "concrete",
    "tracktype": "grade1"
   }
  },
  {
   "type": "Feature",
   "geometry": {
    "type": "LineString",
    "coordinates": [
     [
      176215.59592991846,
      271440.44892363535
     ],
     [
      176217.44572296567,
      271446.4793608068
     ],
     [
      176256.2707197521,
      271537.41740859795
     ],
     [
      176279.15293815488,
      271582.178519599
     ],
     [
      176290.95631153314,
      271605.3014682886
     ],
     [
      176300.0554697218,
      271620.13297494757
     ],
     [
      176314.05643396737,
      271642.76208737365
     ],
     [
      176321.21946883402,
      271653.4383098395
     ],
     [
      176375.7294618737,
      271734.6952009525
     ],
     [
      176418.08558470305,
      271787.98201059055
     ],
     [
      176467.78885279878,
      271845.8319492128
     ],
     [
      176497.17940526112,
      271867.6449832142
     ],
     [
      176507.0360114784,
      271882.7631929801
     ]
    ]
   },
   "properties": {
    "osm_id": "882802565",
    "osm_type": "way",
    "osm_version": "4",
    "osm_timestamp": "2025-03-05T02:52:45Z",
    "highway": "track",
    "source": "maxar",
    "surface": "concrete",
    "tracktype": "grade1"
   }
  },
  {
   "type": "Feature",
   "geometry": {
    "type": "LineString",
    "coordinates": [
     [
      176787.18227119907,
      271334.61038062983
     ],
     [
      176762.37207893448,
      271338.12396703777
     ],
     [
      176732.02356668524,
      271338.2014633334
     ],
     [
      176721.2614972965,
      271340.18155482877
     ]
    ]
   },
   "properties": {
    "osm_id": "882802566",
    "osm_type": "way",
    "osm_version": "1",
    "osm_timestamp": "2020-12-09T14:12:24Z",
    "highway": "track",
    "source": "maxar",
    "tracktype": "grade1"
   }
  },
  {
   "type": "Feature",
   "geometry": {
    "type": "LineString",
    "coordinates": [
     [
      178808.53536948055,
      272941.25228098425
     ],
     [
      178822.48776309864,
      272911.27643826435
     ],
     [
      178837.27101825457,
      272905.0847460376
     ],
     [
      178843.87718131268,
      272901.60798337037
     ],
     [
      178850.3340846245,
      272837.8232650035
     ],
     [
      178851.99708354555,
      272819.3031095519
     ],
     [
      178854.30514173215,
      272760.3540385409
     ]
    ]
   },
   "properties": {
    "osm_id": "882802567",
    "osm_type": "way",
    "osm_version": "3",
    "osm_timestamp": "2025-03-05T02:52:45Z",
    "highway": "track",
    "source": "maxar",
    "surface": "concrete",
    "tracktype": "grade1"
   }
  },
  {
   "type": "Feature",
   "geometry": {
    "type": "LineString",
    "coordinates": [
     [
      177987.73521108786,
      271493.1277927031
     ],
     [
      177995.47058685333,
      271492.2104637018
     ],
     [
      178008.77353861913,
      271488.1844035569
     ],
     [
      178025.35713637393,
      271482.4197456479
     ],
     [
      178034.5907842869,
      271478.48120441654
     ],
     [
      178041.27611378173,
      271473.47267759417
     ],
     [
      178045.38722079594,
      271468.00440453656
     ],
     [
      178048.21349045448,
      271463.24926131853
     ],
     [
      178057.9029798965,
      271440.2053863792
     ],
     [
      178063.29565601397,
      271428.86518791097
     ],
     [
      178069.25301200536,
      271420.874089268
     ],
     [
      178089.76721824388,
      271402.79658809665
     ],
     [
      178103.92989416127,
      271388.15142628603
     ],
     [
      178112.61685109153,
      271373.0978665485
     ],
     [
      178114.47402704722,
      271371.32942098146
     ],
     [
      178116.49712600972,
      271370.25951323274
     ],
     [
      178118.7595708198,
      271370.06547458103
     ],
     [
      178120.70494755055,
      271370.8263016713
     ],
     [
      178124.65820316173,
      271375.5762264403
     ]
    ]
   },
   "properties": {
    "osm_id": "882802568",
    "osm_type": "way",
    "osm_version": "3",
    "osm_timestamp": "2026-03-02T07:05:17Z",
    "highway": "track",
    "name": "촌곡본촌길",
    "name:en": "Chongokbonchon-gil",
    "source": "maxar",
    "tracktype": "grade1"
   }
  },
  {
   "type": "Feature",
   "geometry": {
    "type": "LineString",
    "coordinates": [
     [
      176837.500134494,
      271580.23072223365
     ],
     [
      176876.2932431395,
      271578.64549349435
     ],
     [
      176878.2092066772,
      271560.6124884904
     ],
     [
      176878.13993209112,
      271533.3319299562
     ],
     [
      176883.97401635794,
      271516.75341849675
     ],
     [
      176876.11382970776,
      271507.99783350894
     ],
     [
      176863.36194694653,
      271495.28294599825
     ],
     [
      176861.02345098334,
      271490.66259074997
     ],
     [
      176859.17612384533,
      271485.43080474285
     ],
     [
      176861.48831932177,
      271479.70030187425
     ],
     [
      176861.47901611513,
      271476.03922687017
     ],
     [
      176859.14206503963,
      271472.0290513694
     ],
     [
      176851.42628399987,
      271469.85200407554
     ],
     [
      176846.90022400033,
      271469.74147477886
     ],
     [
      176843.973929412,
      271474.3863076063
     ],
     [
      176839.46119061523,
      271479.5122287228
     ],
     [
      176828.8166422853,
      271481.00374921085
     ],
     [
      176815.25833654622,
      271481.30452290457
     ]
    ]
   },
   "properties": {
    "osm_id": "882802569",
    "osm_type": "way",
    "osm_version": "1",
    "osm_timestamp": "2020-12-09T14:12:24Z",
    "highway": "service",
    "service": "alley",
    "source": "maxar"
   }
  },
  {
   "type": "Feature",
   "geometry": {
    "type": "LineString",
    "coordinates": [
     [
      179085.4347214355,
      272312.27852171706
     ],
     [
      179071.84522068463,
      272548.4949085262
     ],
     [
      179064.41657303154,
      272666.5546764987
     ],
     [
      179061.5265236002,
      272687.2742676151
     ],
     [
      179056.2710540349,
      272691.04730591486
     ],
     [
      179035.16759677435,
      272698.4291816775
     ],
     [
      179019.91644466767,
      272707.65035311173
     ]
    ]
   },
   "properties": {
    "osm_id": "882802570",
    "osm_type": "way",
    "osm_version": "4",
    "osm_timestamp": "2025-03-05T02:52:45Z",
    "highway": "track",
    "source": "maxar",
    "surface": "concrete",
    "tracktype": "grade1"
   }
  },
  {
   "type": "Feature",
   "geometry": {
    "type": "LineString",
    "coordinates": [
     [
      178207.32233735462,
      272958.98056612775
     ],
     [
      178212.13576186134,
      272885.09243158967
     ],
     [
      178217.45514819794,
      272809.10628451494
     ],
     [
      178218.83226333625,
      272766.96703634143
     ]
    ]
   },
   "properties": {
    "osm_id": "882802571",
    "osm_type": "way",
    "osm_version": "4",
    "osm_timestamp": "2025-03-05T02:52:45Z",
    "highway": "track",
    "source": "maxar",
    "surface": "concrete",
    "tracktype": "grade1"
   }
  },
  {
   "type": "Feature",
   "geometry": {
    "type": "LineString",
    "coordinates": [
     [
      176731.82768547715,
      271843.5557540883
     ],
     [
      176732.0135638926,
      271859.164882762
     ],
     [
      176752.07520395913,
      271861.79844163737
     ],
     [
      176762.86690946273,
      271868.09461190284
     ],
     [
      176770.466753504,
      271875.0202159702
     ],
     [
      176775.16447119368,
      271892.4261971709
     ],
     [
      176778.11362810858,
      271896.8119959195
     ],
     [
      176783.5005342082,
      271898.2516037547
     ],
     [
      176819.2130061502,
      271891.33764466934
     ],
     [
      176827.29052163314,
      271892.3821295968
     ],
     [
      176831.3427056121,
      271896.3879336622
     ],
     [
      176837.83302264177,
      271897.59178655193
     ],
     [
      176853.12631240077,
      271898.0854160125
     ],
     [
      176864.85381862667,
      271892.0869037823
     ],
     [
      176880.0393736712,
      271893.26869546034
     ],
     [
      176891.05750527172,
      271898.95425852726
     ],
     [
      176902.93430291303,
      271901.4425139119
     ],
     [
      176921.29942552597,
      271904.35810494074
     ],
     [
      176927.4544545223,
      271902.87806429935
     ]
    ]
   },
   "properties": {
    "osm_id": "882802572",
    "osm_type": "way",
    "osm_version": "1",
    "osm_timestamp": "2020-12-09T14:12:24Z",
    "highway": "service",
    "service": "alley",
    "source": "maxar"
   }
  },
  {
   "type": "Feature",
   "geometry": {
    "type": "LineString",
    "coordinates": [
     [
      176929.64399816177,
      271917.1840915828
     ],
     [
      176895.64957169662,
      271971.8983628225
     ],
     [
      176887.89247142445,
      272003.5921257036
     ],
     [
      176880.67806574592,
      272051.3600835395
     ],
     [
      176876.31638696403,
      272069.15524027054
     ]
    ]
   },
   "properties": {
    "osm_id": "882802573",
    "osm_type": "way",
    "osm_version": "2",
    "osm_timestamp": "2022-08-18T02:48:19Z",
    "highway": "track",
    "source": "maxar"
   }
  },
  {
   "type": "Feature",
   "geometry": {
    "type": "LineString",
    "coordinates": [
     [
      178011.75327866976,
      272642.48824364226
     ],
     [
      178012.44723233234,
      272627.620276384
     ],
     [
      178017.45222625654,
      272520.29354718165
     ],
     [
      178027.77261076184,
      272286.6571552563
     ],
     [
      178024.24772231092,
      272243.7864235775
     ],
     [
      178024.14185464862,
      272199.9311484716
     ],
     [
      178027.01503624365,
      272173.1316249322
     ],
     [
      178029.91672923596,
      272161.91944022244
     ],
     [
      178039.2821685432,
      272084.3037408746
     ],
     [
      178046.85439990278,
      272068.9088648551
     ],
     [
      178061.4772428911,
      272052.58727500966
     ],
     [
      178066.33360380755,
      272038.4415159334
     ],
     [
      178065.7927729779,
      272018.4620991535
     ],
     [
      178086.34062255983,
      271908.7904789467
     ],
     [
      178089.16859887066,
      271866.8807512117
     ],
     [
      178098.41189508667,
      271840.55408396764
     ],
     [
      178094.42475630436,
      271814.059553908
     ],
     [
      178101.93415544782,
      271783.7875180419
     ],
     [
      178102.55008890378,
      271778.1168841087
     ],
     [
      178101.897969488,
      271757.36114484264
     ],
     [
      178102.8240461008,
      271744.068028236
     ],
     [
      178104.6779955025,
      271718.22510530514
     ],
     [
      178105.58516481583,
      271708.4489064257
     ],
     [
      178105.19839902755,
      271695.5916231298
     ],
     [
      178104.6461946704,
      271686.0297243498
     ],
     [
      178106.1636556584,
      271668.2309300296
     ],
     [
      178105.89569143657,
      271659.2452480478
     ],
     [
      178103.55650880435,
      271650.2645469162
     ],
     [
      178096.87755397748,
      271631.331666841
     ],
     [
      178108.9834221847,
      271554.519395678
     ],
     [
      178106.42095139375,
      271505.810802309
     ],
     [
      178107.78713465016,
      271466.82240357075
     ],
     [
      178108.53564710735,
      271451.7657384665
     ],
     [
      178110.6519338615,
      271436.3285819999
     ],
     [
      178117.0496745278,
      271398.9478520381
     ],
     [
      178118.25439002467,
      271395.26167412085
     ],
     [
      178124.65820316173,
      271375.5762264403
     ],
     [
      178136.1314054269,
      271361.8473037648
     ],
     [
      178137.15771701228,
      271359.85897338076
     ],
     [
      178137.7361778015,
      271357.5610800458
     ],
     [
      178137.55047045837,
      271341.02003709663
     ],
     [
      178138.3167674998,
      271337.1463130464
     ],
     [
      178140.06708663196,
      271332.6711386977
     ],
     [
      178152.92814914393,
      271307.8779659229
     ]
    ]
   },
   "properties": {
    "osm_id": "882802574",
    "osm_type": "way",
    "osm_version": "4",
    "osm_timestamp": "2026-03-02T07:05:17Z",
    "highway": "track",
    "name": "촌곡길",
    "source": "maxar",
    "surface": "concrete",
    "tracktype": "grade1"
   }
  },
  {
   "type": "Feature",
   "geometry": {
    "type": "LineString",
    "coordinates": [
     [
      178469.857037565,
      272338.33174951747
     ],
     [
      178453.28465009388,
      272367.5599021071
     ],
     [
      178447.55890593526,
      272434.7157925094
     ],
     [
      178428.77675289442,
      272767.17707572645
     ],
     [
      178426.54179699684,
      272801.91845628945
     ],
     [
      178417.73850585095,
      272959.9103157609
     ]
    ]
   },
   "properties": {
    "osm_id": "882802575",
    "osm_type": "way",
    "osm_version": "4",
    "osm_timestamp": "2025-03-05T02:52:45Z",
    "highway": "track",
    "source": "maxar",
    "surface": "concrete",
    "tracktype": "grade1"
   }
  },
  {
   "type": "Feature",
   "geometry": {
    "type": "LineString",
    "coordinates": [
     [
      176863.3422349921,
      271670.66074259364
     ],
     [
      177000.15295546598,
      271659.8966329572
     ],
     [
      177032.41218268473,
      271665.34013347083
     ],
     [
      177076.96435355122,
      271668.145644595
     ],
     [
      177093.62668956,
      271675.9029608621
     ],
     [
      177149.9914583973,
      271706.4590933867
     ]
    ]
   },
   "properties": {
    "osm_id": "882802576",
    "osm_type": "way",
    "osm_version": "2",
    "osm_timestamp": "2022-08-18T02:48:19Z",
    "highway": "track",
    "source": "maxar"
   }
  },
  {
   "type": "Feature",
   "geometry": {
    "type": "LineString",
    "coordinates": [
     [
      179074.7303903662,
      272307.3329053233
     ],
     [
      179085.4347214355,
      272312.27852171706
     ],
     [
      179094.08604457858,
      272317.1512056731
     ],
     [
      179184.73262802715,
      272362.2634178838
     ],
     [
      179196.49271056126,
      272366.1306098111
     ],
     [
      179210.15669775108,
      272368.7176317338
     ],
     [
      179213.44240359755,
      272369.2426513775
     ],
     [
      179277.26720332998,
      272379.45914363716
     ],
     [
      179289.93576906162,
      272381.64915885474
     ],
     [
      179297.22483012764,
      272385.3491459934
     ],
     [
      179298.25700411768,
      272385.8793216913
     ],
     [
      179312.5541673822,
      272394.112020952
     ],
     [
      179323.0078966908,
      272401.299520078
     ],
     [
      179326.84316377534,
      272402.77743617474
     ],
     [
      179336.64522914877,
      272404.2418073463
     ],
     [
      179366.2717792007,
      272409.2557615536
     ],
     [
      179379.91004031044,
      272412.6196921844
     ],
     [
      179408.47101739276,
      272418.4904531056
     ],
     [
      179477.7338883212,
      272429.1509113091
     ],
     [
      179508.2003143385,
      272434.462977293
     ],
     [
      179530.58920434868,
      272438.3732439939
     ],
     [
      179555.52557658678,
      272443.18757061515
     ],
     [
      179562.36438865834,
      272445.5352844645
     ],
     [
      179570.87409274332,
      272448.45615329524
     ],
     [
      179613.51647371985,
      272464.2696773063
     ],
     [
      179618.18120783192,
      272465.43521968124
     ]
    ]
   },
   "properties": {
    "osm_id": "882802577",
    "osm_type": "way",
    "osm_version": "5",
    "osm_timestamp": "2025-03-05T02:52:45Z",
    "highway": "unclassified",
    "source": "maxar",
    "surface": "asphalt"
   }
  },
  {
   "type": "Feature",
   "geometry": {
    "type": "LineString",
    "coordinates": [
     [
      178636.91977737585,
      271564.2376374602
     ],
     [
      178649.54092476904,
      271584.5659351154
     ],
     [
      178653.7975161157,
      271590.4247996035
     ],
     [
      178658.40995203322,
      271596.28283203545
     ],
     [
      178665.10627001972,
      271603.6447982377
     ],
     [
      178775.28112360148,
      271716.17119248677
     ],
     [
      178853.51557045706,
      271788.09052250104
     ],
     [
      178862.35552928835,
      271799.2751630555
     ],
     [
      178863.36559942662,
      271802.035280306
     ],
     [
      178881.0783668253,
      271850.39828492684
     ],
     [
      178904.6823389548,
      271901.4990423197
     ],
     [
      178913.56161926233,
      271929.73546944745
     ],
     [
      178959.78239346432,
      272019.7691351703
     ],
     [
      178966.67450308125,
      272033.1328490829
     ],
     [
      178978.1295440546,
      272125.9429021149
     ],
     [
      178977.18142469772,
      272138.12655628007
     ],
     [
      178970.38569282196,
      272162.49408810236
     ],
     [
      178969.436460399,
      272174.1896002472
     ],
     [
      179019.92955964836,
      272210.61748982803
     ]
    ]
   },
   "properties": {
    "osm_id": "882802578",
    "osm_type": "way",
    "osm_version": "5",
    "osm_timestamp": "2026-03-02T07:05:17Z",
    "highway": "track",
    "name": "촌곡신가길",
    "name:en": "Chongoksinga-gil",
    "source": "maxar",
    "tracktype": "grade1"
   }
  },
  {
   "type": "Feature",
   "geometry": {
    "type": "LineString",
    "coordinates": [
     [
      177667.58879972485,
      272451.3623756493
     ],
     [
      177676.0305833556,
      272448.65686087916
     ],
     [
      177688.27238948367,
      272451.555727788
     ],
     [
      177707.8752905472,
      272461.2484485963
     ],
     [
      177710.81107780026,
      272464.15904632775
     ],
     [
      177740.21297629795,
      272477.73302234465
     ],
     [
      177744.12694953042,
      272477.72345184913
     ],
     [
      177769.6052494123,
      272487.40194162645
     ],
     [
      177844.05709121184,
      272515.233391051
     ],
     [
      177853.48600718143,
      272517.01880764443
     ],
     [
      177867.78326000678,
      272509.81715038436
     ],
     [
      177875.25929183335,
      272515.1685910644
     ],
     [
      177938.27961446985,
      272516.95712362713
     ],
     [
      178017.45222625654,
      272520.29354718165
     ]
    ]
   },
   "properties": {
    "osm_id": "882802579",
    "osm_type": "way",
    "osm_version": "3",
    "osm_timestamp": "2025-03-05T02:52:45Z",
    "highway": "track",
    "source": "maxar",
    "surface": "concrete",
    "tracktype": "grade1"
   }
  },
  {
   "type": "Feature",
   "geometry": {
    "type": "LineString",
    "coordinates": [
     [
      177667.58879972485,
      272451.3623756493
     ],
     [
      177664.41814335517,
      272456.8507130874
     ],
     [
      177638.1993233305,
      272487.4908313121
     ],
     [
      177623.93648049555,
      272512.3437143832
     ],
     [
      177611.76418027404,
      272537.6796261397
     ],
     [
      177588.82792535974,
      272567.3909973462
     ],
     [
      177581.27411834535,
      272574.96478303097
     ],
     [
      177551.3727671678,
      272606.7014687135
     ],
     [
      177465.22053876048,
      272698.87460803514
     ],
     [
      177451.67189776356,
      272713.3972567522
     ],
     [
      177445.44185183052,
      272717.5508492185
     ],
     [
      177439.8119041605,
      272717.1986916543
     ],
     [
      177351.12128370436,
      272675.6490887093
     ],
     [
      177340.95944554976,
      272672.61236644874
     ],
     [
      177330.92878043465,
      272670.9621105119
     ]
    ]
   },
   "properties": {
    "osm_id": "882802580",
    "osm_type": "way",
    "osm_version": "4",
    "osm_timestamp": "2025-03-05T02:52:45Z",
    "highway": "track",
    "source": "maxar",
    "surface": "concrete",
    "tracktype": "grade1"
   }
  },
  {
   "type": "Feature",
   "geometry": {
    "type": "LineString",
    "coordinates": [
     [
      178891.13666484735,
      272406.71735481307
     ],
     [
      178886.27611907868,
      272403.78865499306
     ],
     [
      178825.38148215637,
      272421.7918219144
     ],
     [
      178818.04950836857,
      272427.1673964621
     ],
     [
      178805.82051673118,
      272429.6254990968
     ],
     [
      178691.80270580144,
      272437.20278627024
     ],
     [
      178666.30813082625,
      272420.2106576544
     ],
     [
      178646.2020437825,
      272401.7415187199
     ],
     [
      178595.73371281888,
      272376.0437579668
     ],
     [
      178469.857037565,
      272338.33174951747
     ],
     [
      178438.5102765373,
      272327.68890952953
     ]
    ]
   },
   "properties": {
    "osm_id": "882802581",
    "osm_type": "way",
    "osm_version": "3",
    "osm_timestamp": "2025-03-05T02:52:45Z",
    "highway": "track",
    "source": "maxar",
    "surface": "concrete",
    "tracktype": "grade1"
   }
  },
  {
   "type": "Feature",
   "geometry": {
    "type": "LineString",
    "coordinates": [
     [
      178464.16181923132,
      272048.2087710718
     ],
     [
      178483.1155307319,
      272045.7232234555
     ],
     [
      178496.35565128314,
      272053.97933245724
     ],
     [
      178509.60385601135,
      272069.53544696275
     ],
     [
      178525.54470880865,
      272085.57337511604
     ],
     [
      178540.01135767135,
      272095.5351662305
     ],
     [
      178553.73204327747,
      272102.5698599243
     ],
     [
      178557.6576473772,
      272107.4309814328
     ],
     [
      178586.58963472952,
      272130.74952681427
     ],
     [
      178615.98559465125,
      272145.79077576706
     ],
     [
      178641.21863954005,
      272152.05525242904
     ],
     [
      178671.56726584537,
      272157.09854088345
     ],
     [
      178705.08525810993,
      272151.90563325793
     ],
     [
      178728.0640963521,
      272142.3219649687
     ],
     [
      178738.90519078006,
      272131.4353862212
     ]
    ]
   },
   "properties": {
    "osm_id": "882802582",
    "osm_type": "way",
    "osm_version": "4",
    "osm_timestamp": "2025-03-05T02:52:45Z",
    "highway": "track",
    "source": "maxar",
    "surface": "concrete",
    "tracktype": "grade1"
   }
  },
  {
   "type": "Feature",
   "geometry": {
    "type": "LineString",
    "coordinates": [
     [
      177045.08801268818,
      272227.0763242332
     ],
     [
      176966.5094461952,
      272315.463002472
     ]
    ]
   },
   "properties": {
    "osm_id": "882802583",
    "osm_type": "way",
    "osm_version": "3",
    "osm_timestamp": "2025-03-05T02:52:45Z",
    "highway": "track",
    "source": "maxar",
    "surface": "concrete",
    "tracktype": "grade1"
   }
  },
  {
   "type": "Feature",
   "geometry": {
    "type": "LineString",
    "coordinates": [
     [
      176934.13003403798,
      271775.5325153714
     ],
     [
      176975.26431322392,
      271761.9599893717
     ],
     [
      176975.01462717037,
      271757.0347773857
     ],
     [
      176975.85412312878,
      271749.84358575055
     ],
     [
      176979.37429021532,
      271741.9133961584
     ],
     [
      176988.40416397766,
      271729.8311291986
     ],
     [
      176990.34382507912,
      271724.7117819208
     ],
     [
      176996.16627051783,
      271703.49597498967
     ],
     [
      177001.99123755272,
      271683.2675536855
     ],
     [
      177003.07280275424,
      271674.3672411386
     ],
     [
      177002.67687828373,
      271665.72582805
     ],
     [
      177000.15295546598,
      271659.8966329572
     ]
    ]
   },
   "properties": {
    "osm_id": "882802584",
    "osm_type": "way",
    "osm_version": "2",
    "osm_timestamp": "2022-08-18T02:48:19Z",
    "highway": "track",
    "source": "maxar"
   }
  },
  {
   "type": "Feature",
   "geometry": {
    "type": "LineString",
    "coordinates": [
     [
      178679.43691078672,
      271933.22070731915
     ],
     [
      178692.57766777574,
      271930.21669005207
     ],
     [
      178698.66226358098,
      271918.020988247
     ],
     [
      178700.57490341377,
      271897.0595151383
     ],
     [
      178700.04742453594,
      271882.1944828953
     ],
     [
      178694.8900621235,
      271873.442109643
     ],
     [
      178742.2563065349,
      271823.8733259338
     ]
    ]
   },
   "properties": {
    "osm_id": "882804403",
    "osm_type": "way",
    "osm_version": "1",
    "osm_timestamp": "2020-12-09T14:20:02Z",
    "highway": "track",
    "tracktype": "grade1"
   }
  },
  {
   "type": "Feature",
   "geometry": {
    "type": "LineString",
    "coordinates": [
     [
      178317.71793973335,
      272061.71413247066
     ],
     [
      178325.83882034142,
      272077.282194868
     ],
     [
      178330.96999256642,
      272074.9290965994
     ],
     [
      178344.8120694228,
      272083.0504226725
     ],
     [
      178354.85471339797,
      272085.71134465566
     ],
     [
      178361.84053925888,
      272088.2464118847
     ],
     [
      178373.60786254378,
      272098.7025024552
     ],
     [
      178377.30197715404,
      272109.7768683634
     ]
    ]
   },
   "properties": {
    "osm_id": "882804404",
    "osm_type": "way",
    "osm_version": "1",
    "osm_timestamp": "2020-12-09T14:20:02Z",
    "highway": "service",
    "service": "alley",
    "source": "maxar",
    "surface": "asphalt",
    "tracktype": "grade1"
   }
  },
  {
   "type": "Feature",
   "geometry": {
    "type": "LineString",
    "coordinates": [
     [
      178538.18500442663,
      272029.0739227568
     ],
     [
      178543.79794875882,
      272041.40857305337
     ],
     [
      178550.66033292038,
      272045.7746241472
     ],
     [
      178556.77560386248,
      272042.8424351839
     ]
    ]
   },
   "properties": {
    "osm_id": "882804405",
    "osm_type": "way",
    "osm_version": "1",
    "osm_timestamp": "2020-12-09T14:20:02Z",
    "highway": "service",
    "service": "alley",
    "surface": "asphalt"
   }
  },
  {
   "type": "Feature",
   "geometry": {
    "type": "LineString",
    "coordinates": [
     [
      178593.32240958244,
      272080.0330475756
     ],
     [
      178582.42785232305,
      272025.4861428992
     ],
     [
      178538.18500442663,
      272029.0739227568
     ],
     [
      178511.96734353178,
      272031.04397429386
     ],
     [
      178490.15870396193,
      272022.3310313758
     ],
     [
      178456.62709318267,
      272021.922171366
     ]
    ]
   },
   "properties": {
    "osm_id": "882804407",
    "osm_type": "way",
    "osm_version": "1",
    "osm_timestamp": "2020-12-09T14:20:02Z",
    "highway": "service",
    "service": "alley",
    "source": "maxar",
    "surface": "asphalt"
   }
  },
  {
   "type": "Feature",
   "geometry": {
    "type": "LineString",
    "coordinates": [
     [
      179667.14468294304,
      271442.9710197004
     ],
     [
      179655.0090735636,
      271463.4114786567
     ],
     [
      179649.4281596485,
      271477.1363979172
     ],
     [
      179624.99556703347,
      271494.73098848487
     ],
     [
      179602.05354799147,
      271525.9681906831
     ],
     [
      179594.75681637472,
      271543.52449370944
     ],
     [
      179570.36349936176,
      271582.56426594924
     ],
     [
      179545.48386490718,
      271616.23559871456
     ],
     [
      179523.9895100467,
      271637.7179379662
     ],
     [
      179507.917326611,
      271672.3458670702
     ],
     [
      179461.49802818513,
      271707.042232095
     ],
     [
      179440.49792181727,
      271729.0228991497
     ],
     [
      179419.09801928463,
      271788.0259334896
     ],
     [
      179407.8641437021,
      271799.25649741467
     ],
     [
      179395.15136657824,
      271806.09711074026
     ],
     [
      179366.30105125828,
      271818.34390327864
     ],
     [
      179352.12158653815,
      271826.17528709746
     ],
     [
      179333.54099704456,
      271832.5522449693
     ],
     [
      179311.50982603448,
      271830.1615512211
     ],
     [
      179284.06771818144,
      271815.6128587151
     ],
     [
      179277.69462654943,
      271813.6747786227
     ],
     [
      179243.93397838884,
      271817.1687016537
     ],
     [
      179206.26776549328,
      271828.4598136946
     ],
     [
      179188.64796551978,
      271828.0119263263
     ],
     [
      179175.60610377765,
      271822.5279178252
     ],
     [
      179166.3535605352,
      271818.2667150437
     ],
     [
      179153.73456187328,
      271810.1857218829
     ],
     [
      179137.63953436044,
      271782.3317104384
     ],
     [
      179128.324125347,
      271774.55382150045
     ],
     [
      179109.22404838982,
      271769.23911666835
     ],
     [
      179021.10967751322,
      271764.56026192545
     ]
    ]
   },
   "properties": {
    "osm_id": "882804408",
    "osm_type": "way",
    "osm_version": "1",
    "osm_timestamp": "2020-12-09T14:20:02Z",
    "highway": "track",
    "source": "maxar",
    "tracktype": "grade1"
   }
  },
  {
   "type": "Feature",
   "geometry": {
    "type": "LineString",
    "coordinates": [
     [
      178210.29748592287,
      272067.57319351955
     ],
     [
      178215.92403215854,
      272066.3504566663
     ],
     [
      178255.07444319632,
      272062.3516894204
     ],
     [
      178317.71793973335,
      272061.71413247066
     ],
     [
      178346.82286191065,
      272053.84561437275
     ]
    ]
   },
   "properties": {
    "osm_id": "882804409",
    "osm_type": "way",
    "osm_version": "1",
    "osm_timestamp": "2020-12-09T14:20:02Z",
    "highway": "residential",
    "source": "maxar",
    "surface": "asphalt"
   }
  },
  {
   "type": "Feature",
   "geometry": {
    "type": "LineString",
    "coordinates": [
     [
      178464.16181923132,
      272048.2087710718
     ],
     [
      178459.03743511363,
      272030.31480225665
     ],
     [
      178456.62709318267,
      272021.922171366
     ],
     [
      178449.51001181704,
      272010.20131741255
     ],
     [
      178447.26164908466,
      271993.1548043408
     ],
     [
      178436.7060359682,
      271978.1138318398
     ],
     [
      178423.6594875172,
      271947.65779212804
     ],
     [
      178416.04529844876,
      271937.96838745
     ]
    ]
   },
   "properties": {
    "osm_id": "882804410",
    "osm_type": "way",
    "osm_version": "1",
    "osm_timestamp": "2020-12-09T14:20:02Z",
    "highway": "service",
    "service": "alley",
    "source": "maxar"
   }
  },
  {
   "type": "Feature",
   "geometry": {
    "type": "LineString",
    "coordinates": [
     [
      178407.84424832911,
      271984.7611171642
     ],
     [
      178376.7901018348,
      271997.98148718727
     ],
     [
      178361.38382317554,
      271999.7376980509
     ]
    ]
   },
   "properties": {
    "osm_id": "882804411",
    "osm_type": "way",
    "osm_version": "1",
    "osm_timestamp": "2020-12-09T14:20:02Z",
    "highway": "service",
    "service": "alley",
    "source": "maxar",
    "surface": "asphalt"
   }
  },
  {
   "type": "Feature",
   "geometry": {
    "type": "LineString",
    "coordinates": [
     [
      178146.25090590864,
      272137.44289641856
     ],
     [
      178155.91180545354,
      272121.699175848
     ],
     [
      178174.42787741995,
      272096.603979169
     ],
     [
      178189.28019563822,
      272080.7812857518
     ],
     [
      178210.29748592287,
      272067.57319351955
     ],
     [
      178221.4188376847,
      272010.0562549658
     ],
     [
      178234.1048097164,
      271992.48593184544
     ],
     [
      178245.35447703244,
      271988.56496708846
     ],
     [
      178266.39318302175,
      271988.0265722074
     ],
     [
      178273.24178885343,
      271986.5457866987
     ],
     [
      178287.4246371905,
      271980.6209125815
     ],
     [
      178304.29802106606,
      271974.2458793073
     ],
     [
      178325.09782226733,
      271972.9870645261
     ],
     [
      178340.2454840078,
      271962.222890704
     ],
     [
      178355.4043120099,
      271956.1404821351
     ],
     [
      178381.30103631254,
      271938.0508238606
     ],
     [
      178398.9021957809,
      271930.7090410696
     ],
     [
      178416.04529844876,
      271937.96838745
     ]
    ]
   },
   "properties": {
    "osm_id": "882804412",
    "osm_type": "way",
    "osm_version": "2",
    "osm_timestamp": "2026-02-16T08:28:03Z",
    "highway": "residential",
    "source": "maxar",
    "surface": "asphalt"
   }
  },
  {
   "type": "Feature",
   "geometry": {
    "type": "LineString",
    "coordinates": [
     [
      178355.4043120099,
      271956.1404821351
     ],
     [
      178361.38382317554,
      271999.7376980509
     ],
     [
      178346.82286191065,
      272053.84561437275
     ],
     [
      178420.18286832276,
      272028.3432917709
     ],
     [
      178427.03309785598,
      272027.55046043324
     ],
     [
      178435.60740427795,
      272030.459024193
     ],
     [
      178445.02329547456,
      272030.4367258384
     ],
     [
      178452.9793585568,
      272030.4178921844
     ],
     [
      178459.03743511363,
      272030.31480225665
     ]
    ]
   },
   "properties": {
    "osm_id": "882804414",
    "osm_type": "way",
    "osm_version": "1",
    "osm_timestamp": "2020-12-09T14:20:02Z",
    "highway": "service",
    "service": "alley",
    "source": "maxar",
    "surface": "asphalt"
   }
  },
  {
   "type": "Feature",
   "geometry": {
    "type": "LineString",
    "coordinates": [
     [
      179440.49792181727,
      271729.0228991497
     ],
     [
      179406.65488318875,
      271700.287693604
     ],
     [
      179366.2167117653,
      271672.4218119259
     ],
     [
      179314.23697572676,
      271636.96059437987
     ],
     [
      179290.7100083949,
      271618.9970629975
     ],
     [
      179283.84877393657,
      271615.11860015226
     ],
     [
      179280.90986452682,
      271610.7319764648
     ],
     [
      179258.8481956902,
      271595.194826968
     ],
     [
      179233.8670001138,
      271587.8186396575
     ],
     [
      179189.2608917519,
      271561.24997735984
     ],
     [
      179177.36225298795,
      271561.0885782059
     ],
     [
      179149.75552501358,
      271562.7604141616
     ],
     [
      179133.29484710898,
      271566.65891036775
     ],
     [
      179125.03590915335,
      271554.14137300506
     ],
     [
      179114.6728737202,
      271543.22623674304
     ],
     [
      179104.97686867596,
      271540.685717117
     ],
     [
      179092.07687984232,
      271545.5302201336
     ],
     [
      179076.600385629,
      271556.82640344737
     ],
     [
      179069.49505592775,
      271557.9632498224
     ],
     [
      179059.9669667354,
      271557.01995978184
     ],
     [
      179048.01794874735,
      271554.79532051773
     ]
    ]
   },
   "properties": {
    "osm_id": "882804416",
    "osm_type": "way",
    "osm_version": "2",
    "osm_timestamp": "2024-05-06T14:34:28Z",
    "highway": "track",
    "source": "maxar",
    "tracktype": "grade1"
   }
  },
  {
   "type": "Feature",
   "geometry": {
    "type": "LineString",
    "coordinates": [
     [
      175395.88610797608,
      274544.4094120447
     ],
     [
      175386.69006801525,
      274523.5991891625
     ],
     [
      175378.58975498867,
      274513.3366919715
     ],
     [
      175370.18323952617,
      274507.90105281124
     ],
     [
      175360.8094019774,
      274505.6742950151
     ],
     [
      175133.38282055373,
      274509.1887724079
     ],
     [
      174871.75443312654,
      274514.0791982342
     ],
     [
      174769.07048161147,
      274516.3049388912
     ],
     [
      174665.5382756308,
      274518.5342015077
     ],
     [
      174563.7938214909,
      274520.72636070836
     ],
     [
      174553.54764040466,
      274519.75652973435
     ]
    ]
   },
   "properties": {
    "osm_id": "893292687",
    "osm_type": "way",
    "osm_version": "5",
    "osm_timestamp": "2026-07-20T08:30:14Z",
    "highway": "track",
    "surface": "concrete",
    "tracktype": "grade1"
   }
  },
  {
   "type": "Feature",
   "geometry": {
    "type": "LineString",
    "coordinates": [
     [
      175524.13463400514,
      273666.39377232053
     ],
     [
      175510.44798823644,
      273658.46490056306
     ],
     [
      175476.94819272478,
      273640.6378506015
     ],
     [
      175458.65360644198,
      273628.938324415
     ],
     [
      175447.6621220876,
      273619.1717204575
     ],
     [
      175435.2544496147,
      273605.21531223995
     ],
     [
      175421.18713145118,
      273598.26389905805
     ],
     [
      175347.76969847796,
      273578.0379264788
     ],
     [
      175339.6097534845,
      273573.0232308335
     ],
     [
      175333.08886316587,
      273553.44839377597
     ],
     [
      175329.42398528985,
      273547.58945135976
     ],
     [
      175323.22607670075,
      273542.84680818237
     ],
     [
      175289.45868133736,
      273527.5506682974
     ],
     [
      175270.31522007662,
      273519.20429897035
     ],
     [
      175262.72535595193,
      273515.87445433525
     ],
     [
      175259.5017645577,
      273511.2901833306
     ],
     [
      175258.210490537,
      273509.45204253023
     ],
     [
      175231.54876178488,
      273450.3809302685
     ],
     [
      175230.2071197284,
      273446.8011275701
     ],
     [
      175229.43031825864,
      273442.9424303254
     ],
     [
      175229.7553793537,
      273438.35960509354
     ],
     [
      175232.24393766036,
      273427.60246774816
     ],
     [
      175233.5163264821,
      273422.49563292216
     ],
     [
      175233.35837836252,
      273418.0916311623
     ],
     [
      175230.96157742987,
      273402.2333256593
     ],
     [
      175230.34852598913,
      273398.2077685603
     ],
     [
      175229.22762977355,
      273395.2930225066
     ],
     [
      175226.7180775377,
      273391.6387397948
     ],
     [
      175221.50265047513,
      273385.9393824745
     ],
     [
      175211.33337460895,
      273376.8031985148
     ],
     [
      175204.5914627546,
      273370.00967493636
     ],
     [
      175190.24759108116,
      273352.1647818079
     ],
     [
      175159.55585251702,
      273314.29495929263
     ],
     [
      175154.13064450302,
      273305.3012104681
     ],
     [
      175152.10535685823,
      273301.94517190376
     ],
     [
      175143.71681412574,
      273283.50719038496
     ],
     [
      175134.7479886022,
      273259.7122628781
     ],
     [
      175126.91683385347,
      273244.9671711325
     ],
     [
      175115.54913822951,
      273224.69570822007
     ],
     [
      175113.30398350564,
      273217.67916587705
     ],
     [
      175106.21275292218,
      273199.9809893396
     ],
     [
      175099.85133439867,
      273178.9525365841
     ],
     [
      175097.78308753762,
      273169.91635471844
     ],
     [
      175074.0472202008,
      273117.29458401713
     ],
     [
      175064.92013712673,
      273092.46839353367
     ],
     [
      175058.78160472054,
      273072.9370888701
     ],
     [
      175054.0603221273,
      273057.90618234145
     ],
     [
      175037.26177092272,
      273000.2176012721
     ],
     [
      175028.64985379475,
      272983.6774646236
     ],
     [
      175018.56619631374,
      272962.759134936
     ],
     [
      175016.82966135524,
      272954.9646222491
     ],
     [
      175015.81737861637,
      272941.8095842283
     ],
     [
      175015.03897257667,
      272927.4446279534
     ],
     [
      175004.18615118988,
      272895.5672780978
     ],
     [
      175003.30553415525,
      272890.4996107585
     ],
     [
      175026.64640911212,
      272875.2807498095
     ],
     [
      175038.36178899027,
      272865.7519086178
     ],
     [
      175044.45266955806,
      272854.52998411556
     ],
     [
      175049.55157650087,
      272840.8700420157
     ],
     [
      175056.37258772578,
      272819.7500285107
     ]
    ]
   },
   "properties": {
    "osm_id": "893296461",
    "osm_type": "way",
    "osm_version": "2",
    "osm_timestamp": "2025-02-28T15:11:47Z",
    "highway": "service"
   }
  },
  {
   "type": "Feature",
   "geometry": {
    "type": "LineString",
    "coordinates": [
     [
      175248.99112922698,
      273275.96459070954
     ],
     [
      175227.27355698205,
      273280.6832840414
     ],
     [
      175205.40179782367,
      273285.72418376466
     ],
     [
      175190.02238549493,
      273289.6380052724
     ],
     [
      175164.6444537898,
      273300.23570547975
     ],
     [
      175154.13064450302,
      273305.3012104681
     ]
    ]
   },
   "properties": {
    "osm_id": "893296462",
    "osm_type": "way",
    "osm_version": "1",
    "osm_timestamp": "2021-01-08T10:20:44Z",
    "highway": "service"
   }
  },
  {
   "type": "Feature",
   "geometry": {
    "type": "LineString",
    "coordinates": [
     [
      175134.7479886022,
      273259.7122628781
     ],
     [
      175189.13245483406,
      273234.2577654232
     ],
     [
      175245.05903036986,
      273208.82159002457
     ],
     [
      175263.7750014483,
      273203.96687374194
     ]
    ]
   },
   "properties": {
    "osm_id": "893296463",
    "osm_type": "way",
    "osm_version": "1",
    "osm_timestamp": "2021-01-08T10:20:44Z",
    "highway": "service"
   }
  },
  {
   "type": "Feature",
   "geometry": {
    "type": "LineString",
    "coordinates": [
     [
      175259.5017645577,
      273511.2901833306
     ],
     [
      175249.9942228515,
      273513.9564787184
     ],
     [
      175239.772569363,
      273515.68171275203
     ],
     [
      175234.2404335896,
      273517.6049852318
     ],
     [
      175228.50600404522,
      273522.2912895094
     ],
     [
      175218.52765727427,
      273536.3083565354
     ],
     [
      175210.04487405464,
      273550.12166327756
     ],
     [
      175203.0408373365,
      273557.56282668724
     ],
     [
      175190.73650866377,
      273571.6417359625
     ],
     [
      175188.40592104074,
      273580.07975046977
     ],
     [
      175189.9350686097,
      273595.5521147732
     ],
     [
      175188.67641976583,
      273602.33415769064
     ],
     [
      175185.72117976597,
      273612.52677445835
     ],
     [
      175173.47481847048,
      273651.1572158029
     ],
     [
      175162.00688690375,
      273664.1244561546
     ],
     [
      175154.99846017984,
      273673.2520031033
     ]
    ]
   },
   "properties": {
    "osm_id": "893296464",
    "osm_type": "way",
    "osm_version": "1",
    "osm_timestamp": "2021-01-08T10:20:44Z",
    "highway": "service"
   }
  },
  {
   "type": "Feature",
   "geometry": {
    "type": "LineString",
    "coordinates": [
     [
      175471.48650021572,
      272907.15415373497
     ],
     [
      175477.53154571308,
      272882.1202736429
     ],
     [
      175481.90460602546,
      272873.09994094336
     ],
     [
      175509.66693006054,
      272846.17705142923
     ],
     [
      175531.60572394016,
      272824.8946995394
     ],
     [
      175538.59375278561,
      272817.9752778121
     ]
    ]
   },
   "properties": {
    "osm_id": "893296465",
    "osm_type": "way",
    "osm_version": "1",
    "osm_timestamp": "2021-01-08T10:20:44Z",
    "highway": "service"
   }
  },
  {
   "type": "Feature",
   "geometry": {
    "type": "LineString",
    "coordinates": [
     [
      175437.3746937754,
      272900.2345684861
     ],
     [
      175460.88379571913,
      272879.4803294023
     ],
     [
      175509.66693006054,
      272846.17705142923
     ],
     [
      175489.99618416294,
      272876.24001511745
     ],
     [
      175487.80545668124,
      272882.58074587694
     ],
     [
      175488.07278496635,
      272890.3793011446
     ],
     [
      175491.02941719125,
      272897.4272976674
     ],
     [
      175498.87340927645,
      272903.4969349804
     ],
     [
      175532.0786125372,
      272919.35007884144
     ]
    ]
   },
   "properties": {
    "osm_id": "893296466",
    "osm_type": "way",
    "osm_version": "1",
    "osm_timestamp": "2021-01-08T10:20:44Z",
    "highway": "service",
    "oneway": "yes"
   }
  },
  {
   "type": "Feature",
   "geometry": {
    "type": "LineString",
    "coordinates": [
     [
      175538.59375278561,
      272817.9752778121
     ],
     [
      175546.64479036303,
      272809.41105314257
     ],
     [
      175578.71263154323,
      272775.29881928104
     ],
     [
      175587.6916928456,
      272765.75584617676
     ],
     [
      175618.8137299279,
      272732.65587379667
     ],
     [
      175688.83579773392,
      272746.59158082464
     ],
     [
      175707.67979808175,
      272792.6823396565
     ],
     [
      175711.85813914367,
      272802.9001066819
     ],
     [
      175728.73669196453,
      272844.1701480273
     ],
     [
      175729.63918959015,
      272847.329608822
     ],
     [
      175732.62279772584,
      272857.7169858925
     ],
     [
      175745.78200271598,
      272903.5678187898
     ],
     [
      175567.05366882414,
      272867.268350012
     ],
     [
      175531.60572394016,
      272824.8946995394
     ]
    ]
   },
   "properties": {
    "osm_id": "893296467",
    "osm_type": "way",
    "osm_version": "1",
    "osm_timestamp": "2021-01-08T10:20:44Z",
    "highway": "service",
    "oneway": "yes"
   }
  },
  {
   "type": "Feature",
   "geometry": {
    "type": "LineString",
    "coordinates": [
     [
      175546.64479036303,
      272809.41105314257
     ],
     [
      175729.63918959015,
      272847.329608822
     ]
    ]
   },
   "properties": {
    "osm_id": "893296468",
    "osm_type": "way",
    "osm_version": "1",
    "osm_timestamp": "2021-01-08T10:20:44Z",
    "highway": "service",
    "oneway": "yes"
   }
  },
  {
   "type": "Feature",
   "geometry": {
    "type": "LineString",
    "coordinates": [
     [
      175732.62279772584,
      272857.7169858925
     ],
     [
      175538.59375278561,
      272817.9752778121
     ]
    ]
   },
   "properties": {
    "osm_id": "893296469",
    "osm_type": "way",
    "osm_version": "1",
    "osm_timestamp": "2021-01-08T10:20:44Z",
    "highway": "service",
    "oneway": "yes"
   }
  },
  {
   "type": "Feature",
   "geometry": {
    "type": "LineString",
    "coordinates": [
     [
      175587.6916928456,
      272765.75584617676
     ],
     [
      175707.67979808175,
      272792.6823396565
     ]
    ]
   },
   "properties": {
    "osm_id": "893296470",
    "osm_type": "way",
    "osm_version": "1",
    "osm_timestamp": "2021-01-08T10:20:44Z",
    "highway": "service",
    "oneway": "yes"
   }
  },
  {
   "type": "Feature",
   "geometry": {
    "type": "LineString",
    "coordinates": [
     [
      175711.85813914367,
      272802.9001066819
     ],
     [
      175578.71263154323,
      272775.29881928104
     ]
    ]
   },
   "properties": {
    "osm_id": "893296471",
    "osm_type": "way",
    "osm_version": "1",
    "osm_timestamp": "2021-01-08T10:20:44Z",
    "highway": "service",
    "oneway": "yes"
   }
  },
  {
   "type": "Feature",
   "geometry": {
    "type": "LineString",
    "coordinates": [
     [
      178567.0759095605,
      274649.2910739005
     ],
     [
      178531.01121702374,
      274622.7165806927
     ]
    ]
   },
   "properties": {
    "osm_id": "898504076",
    "osm_type": "way",
    "osm_version": "2",
    "osm_timestamp": "2025-03-05T02:52:45Z",
    "bridge": "yes",
    "highway": "tertiary",
    "layer": "1",
    "surface": "asphalt"
   }
  },
  {
   "type": "Feature",
   "geometry": {
    "type": "LineString",
    "coordinates": [
     [
      178860.78005969964,
      274141.5180253125
     ],
     [
      178867.53563196762,
      274132.0611115592
     ],
     [
      178873.3567713398,
      274124.80303724034
     ]
    ]
   },
   "properties": {
    "osm_id": "898504081",
    "osm_type": "way",
    "osm_version": "1",
    "osm_timestamp": "2021-01-22T15:07:31Z",
    "highway": "unclassified"
   }
  },
  {
   "type": "Feature",
   "geometry": {
    "type": "LineString",
    "coordinates": [
     [
      178522.50291152718,
      274600.3595134225
     ],
     [
      178860.78005969964,
      274141.5180253125
     ]
    ]
   },
   "properties": {
    "osm_id": "898504082",
    "osm_type": "way",
    "osm_version": "2",
    "osm_timestamp": "2025-03-05T02:52:45Z",
    "bridge": "yes",
    "highway": "tertiary",
    "layer": "1",
    "surface": "asphalt"
   }
  },
  {
   "type": "Feature",
   "geometry": {
    "type": "LineString",
    "coordinates": [
     [
      179087.80677824226,
      273320.78391738766
     ],
     [
      179170.5626150864,
      273306.6042713528
     ],
     [
      179325.75670327025,
      273282.02053260716
     ],
     [
      179330.27789022255,
      273292.4499480386
     ],
     [
      179336.85232070799,
      273299.1470365555
     ],
     [
      179356.7116623554,
      273302.8296314269
     ],
     [
      179392.00249530497,
      273316.79495939176
     ],
     [
      179485.31690500994,
      273356.6121569615
     ],
     [
      179499.74124615785,
      273365.35519918386
     ],
     [
      179509.60300313932,
      273369.4933302891
     ]
    ]
   },
   "properties": {
    "osm_id": "901476854",
    "osm_type": "way",
    "osm_version": "2",
    "osm_timestamp": "2025-03-05T02:52:45Z",
    "highway": "track",
    "surface": "concrete",
    "tracktype": "grade1"
   }
  },
  {
   "type": "Feature",
   "geometry": {
    "type": "LineString",
    "coordinates": [
     [
      179606.26413306786,
      274361.5240415783
     ],
     [
      179596.33192327776,
      274362.07883797254
     ],
     [
      179595.17327830917,
      274378.2568708247
     ],
     [
      179594.97818166274,
      274478.3386547763
     ],
     [
      179557.45749145656,
      274464.42193611915
     ],
     [
      179510.99192367602,
      274447.9960223747
     ],
     [
      179408.80369412593,
      274391.768051168
     ],
     [
      179221.7038751691,
      274293.0107620025
     ],
     [
      179076.04296465442,
      274219.2016567316
     ],
     [
      179034.5366107557,
      274194.4682537376
     ]
    ]
   },
   "properties": {
    "osm_id": "901476857",
    "osm_type": "way",
    "osm_version": "2",
    "osm_timestamp": "2025-03-05T02:52:45Z",
    "highway": "track",
    "surface": "concrete",
    "tracktype": "grade1"
   }
  },
  {
   "type": "Feature",
   "geometry": {
    "type": "LineString",
    "coordinates": [
     [
      175475.39507235077,
      271255.7738625011
     ],
     [
      175465.9442517701,
      271246.5245283699
     ],
     [
      175459.87425189506,
      271242.3916352173
     ],
     [
      175450.60655168217,
      271236.76964254695
     ],
     [
      175441.3212194781,
      271234.76443165564
     ],
     [
      175422.8789926971,
      271237.77635066764
     ],
     [
      175414.96165746526,
      271238.8849584286
     ],
     [
      175405.43672305,
      271239.38773109077
     ],
     [
      175397.36142332578,
      271239.4428272048
     ],
     [
      175388.86398721015,
      271238.61153145623
     ],
     [
      175378.8390291478,
      271236.4197809033
     ],
     [
      175370.4890574809,
      271232.7590701418
     ],
     [
      175359.71198609483,
      271225.7655650959
     ],
     [
      175351.15734446922,
      271217.29052185203
     ],
     [
      175344.45303179306,
      271208.07825631363
     ],
     [
      175339.59604781287,
      271197.0193477417
     ],
     [
      175337.63594543285,
      271190.9228192876
     ],
     [
      175336.03485265252,
      271182.61756355106
     ],
     [
      175335.27074462135,
      271173.38921861694
     ],
     [
      175335.0081194486,
      271157.28108192445
     ],
     [
      175334.2979862586,
      271151.13679206226
     ],
     [
      175318.48559223086,
      271117.8525144371
     ],
     [
      175314.2550826372,
      271112.39451719343
     ],
     [
      175303.36614015527,
      271101.2299448505
     ]
    ]
   },
   "properties": {
    "osm_id": "947395836",
    "osm_type": "way",
    "osm_version": "4",
    "osm_timestamp": "2026-08-30T01:27:43Z",
    "highway": "secondary_link",
    "lanes": "1",
    "oneway": "yes",
    "surface": "asphalt"
   }
  },
  {
   "type": "Feature",
   "geometry": {
    "type": "LineString",
    "coordinates": [
     [
      178566.08150386682,
      274687.92368500354
     ],
     [
      178562.19201654627,
      274674.6973799915
     ],
     [
      178560.25357331178,
      274672.6938849065
     ],
     [
      178546.38780525947,
      274675.9882951546
     ],
     [
      178534.76493694284,
      274678.8780394488
     ],
     [
      178527.36506550296,
      274681.6912628312
     ],
     [
      178517.39530780376,
      274685.4868577671
     ],
     [
      178447.70220711388,
      274717.49230092665
     ],
     [
      178395.64907999217,
      274741.39082667703
     ],
     [
      178383.6859321171,
      274746.8887289465
     ],
     [
      178337.09537811365,
      274770.2088045223
     ],
     [
      178319.59926760732,
      274777.19551047945
     ],
     [
      178317.25734782225,
      274778.13301248976
     ],
     [
      178291.25978602318,
      274784.9070637224
     ],
     [
      178255.80454959197,
      274792.0920943374
     ],
     [
      178181.02430020605,
      274793.9907874875
     ],
     [
      178122.78336807466,
      274793.15438880614
     ],
     [
      178059.8496243319,
      274790.4547479678
     ],
     [
      177977.93768393813,
      274781.4999195005
     ],
     [
      177836.2406040621,
      274763.25007681793
     ],
     [
      177766.59926351142,
      274721.9385132874
     ],
     [
      177745.29847858107,
      274705.9704593578
     ],
     [
      177730.03660104345,
      274690.2761191165
     ],
     [
      177708.17297316343,
      274679.17992032855
     ],
     [
      177684.87302778393,
      274670.0842685186
     ],
     [
      177668.74936490352,
      274656.38911599596
     ],
     [
      177650.04504198235,
      274646.70536888554
     ],
     [
      177629.0470266784,
      274635.3187812753
     ],
     [
      177610.3313668986,
      274621.06429860456
     ],
     [
      177601.69395058104,
      274613.87427912425
     ],
     [
      177585.68954231884,
      274600.5450910016
     ],
     [
      177570.5991113856,
      274587.9791827643
     ],
     [
      177555.0547324316,
      274576.2908679588
     ],
     [
      177527.4165673329,
      274554.04850349954
     ],
     [
      177510.70437222626,
      274534.9188855505
     ],
     [
      177491.95010794917,
      274505.2214996023
     ],
     [
      177482.69266076002,
      274479.7830325516
     ],
     [
      177478.04231455046,
      274458.3382035351
     ],
     [
      177473.40612311763,
      274442.61799169023
     ],
     [
      177461.86271598825,
      274422.34404931084
     ],
     [
      177452.90772422368,
      274404.9149361096
     ],
     [
      177449.1330337915,
      274387.1845372457
     ],
     [
      177448.50732938157,
      274366.5951031635
     ],
     [
      177452.18061507412,
      274343.41004587134
     ],
     [
      177468.41495035417,
      274283.5827489526
     ],
     [
      177473.63117758872,
      274268.2819146367
     ],
     [
      177478.2427198927,
      274259.2730367166
     ],
     [
      177482.37686236488,
      274252.7060842383
     ],
     [
      177482.05010592408,
      274249.6781550233
     ],
     [
      177480.31143827463,
      274243.7581141765
     ],
     [
      177478.8064141652,
      274240.10072805244
     ],
     [
      177473.16543273223,
      274231.2281777356
     ],
     [
      177467.12179386755,
      274225.5184975408
     ],
     [
      177460.49933148443,
      274221.8183197668
     ]
    ]
   },
   "properties": {
    "osm_id": "1016585585",
    "osm_type": "way",
    "osm_version": "4",
    "osm_timestamp": "2026-03-18T05:56:00Z",
    "highway": "unclassified"
   }
  },
  {
   "type": "Feature",
   "geometry": {
    "type": "LineString",
    "coordinates": [
     [
      177436.22943131215,
      270796.51768627245
     ],
     [
      177436.790355233,
      270787.1971504595
     ]
    ]
   },
   "properties": {
    "osm_id": "1081106487",
    "osm_type": "way",
    "osm_version": "1",
    "osm_timestamp": "2022-07-25T08:53:04Z",
    "highway": "service"
   }
  },
  {
   "type": "Feature",
   "geometry": {
    "type": "LineString",
    "coordinates": [
     [
      177105.15351751618,
      271045.53286994185
     ],
     [
      177095.14189210374,
      271037.67004780925
     ],
     [
      177077.9863066613,
      271022.9246045694
     ],
     [
      177022.94768098855,
      270970.010698234
     ],
     [
      177002.8795646647,
      270951.10131485364
     ],
     [
      176991.54441057442,
      270939.5475704275
     ],
     [
      176980.84818843007,
      270924.46426060906
     ],
     [
      176967.5475995793,
      270900.7118632727
     ],
     [
      176972.1002257673,
      270781.29318841075
     ]
    ]
   },
   "properties": {
    "osm_id": "1120315116",
    "osm_type": "way",
    "osm_version": "3",
    "osm_timestamp": "2026-08-30T01:27:43Z",
    "highway": "residential"
   }
  },
  {
   "type": "Feature",
   "geometry": {
    "type": "LineString",
    "coordinates": [
     [
      176528.1872789899,
      271055.03385991184
     ],
     [
      176524.83815691373,
      271044.3143677161
     ],
     [
      176516.5943378032,
      271007.39182207227
     ],
     [
      176512.05458727924,
      270991.4500212612
     ],
     [
      176510.62767988464,
      270983.05536669196
     ],
     [
      176510.61251433814,
      270977.175462106
     ],
     [
      176513.10766319183,
      270964.5770722141
     ],
     [
      176527.3182331687,
      270916.1141100086
     ],
     [
      176536.57174398476,
      270905.73934691446
     ],
     [
      176578.3799683934,
      270872.6042057941
     ],
     [
      176583.92822340445,
      270869.1174448567
     ]
    ]
   },
   "properties": {
    "osm_id": "1120315117",
    "osm_type": "way",
    "osm_version": "2",
    "osm_timestamp": "2025-12-23T15:05:33Z",
    "highway": "residential"
   }
  },
  {
   "type": "Feature",
   "geometry": {
    "type": "LineString",
    "coordinates": [
     [
      177523.6874609302,
      271155.93179691135
     ],
     [
      177455.0330755995,
      271156.3677647032
     ],
     [
      177397.9675273309,
      271156.9086107917
     ]
    ]
   },
   "properties": {
    "osm_id": "1120315118",
    "osm_type": "way",
    "osm_version": "2",
    "osm_timestamp": "2026-03-01T13:51:32Z",
    "highway": "residential",
    "name": "광탄길",
    "name:en": "Gwangtan-gil"
   }
  },
  {
   "type": "Feature",
   "geometry": {
    "type": "LineString",
    "coordinates": [
     [
      177592.93171786217,
      271046.6272621243
     ],
     [
      177595.90132748976,
      271059.3783142795
     ],
     [
      177597.32603078967,
      271063.57952059613
     ],
     [
      177599.60759963904,
      271067.4236042746
     ],
     [
      177624.62013369118,
      271097.56059466966
     ],
     [
      177647.9095728039,
      271124.66206526995
     ],
     [
      177663.4296511028,
      271142.7075722519
     ],
     [
      177666.75542805422,
      271148.19105707045
     ],
     [
      177670.09110306753,
      271157.7128169455
     ],
     [
      177675.2769828239,
      271173.808918046
     ],
     [
      177683.42001480557,
      271193.92497908004
     ],
     [
      177708.12578840178,
      271251.83180069533
     ],
     [
      177716.34876564515,
      271271.1156297254
     ],
     [
      177727.05585117434,
      271287.57545653806
     ],
     [
      177735.55380895897,
      271303.6634933294
     ],
     [
      177743.69930565322,
      271324.8890270499
     ],
     [
      177760.4026076612,
      271383.0263494181
     ],
     [
      177762.55082909504,
      271395.84603126143
     ],
     [
      177770.27225011814,
      271445.25196837774
     ],
     [
      177772.40917793437,
      271453.45648158994
     ],
     [
      177775.38347086296,
      271460.8046958707
     ],
     [
      177781.5347590089,
      271472.57175620366
     ],
     [
      177793.83458908694,
      271491.2577177835
     ],
     [
      177795.75288439263,
      271495.87933368335
     ],
     [
      177798.08897392557,
      271503.45099650667
     ],
     [
      177798.94882809994,
      271508.07519396394
     ],
     [
      177799.5984044232,
      271516.27224636474
     ],
     [
      177798.77434699633,
      271522.58687264624
     ],
     [
      177796.25520255516,
      271529.74879390065
     ],
     [
      177789.96603204872,
      271551.20928037656
     ],
     [
      177785.79634792576,
      271573.7296471956
     ],
     [
      177785.4084296323,
      271586.76631563425
     ],
     [
      177785.0164254515,
      271598.12776531297
     ],
     [
      177782.71126106766,
      271606.9643983187
     ],
     [
      177777.92116688858,
      271625.74752849265
     ]
    ]
   },
   "properties": {
    "osm_id": "1120315119",
    "osm_type": "way",
    "osm_version": "4",
    "osm_timestamp": "2026-03-07T16:01:09Z",
    "highway": "residential",
    "name": "영산로"
   }
  },
  {
   "type": "Feature",
   "geometry": {
    "type": "LineString",
    "coordinates": [
     [
      177524.7968209167,
      271047.1390791614
     ],
     [
      177523.6852490084,
      271106.9729809746
     ],
     [
      177522.99542380747,
      271126.94429076655
     ],
     [
      177522.77351426275,
      271147.9462093865
     ],
     [
      177523.6874609302,
      271155.93179691135
     ],
     [
      177524.58110993294,
      271159.3909901097
     ],
     [
      177526.93696322036,
      271167.4506791043
     ],
     [
      177530.71491047638,
      271174.95214847836
     ],
     [
      177539.76181829374,
      271191.44913518406
     ],
     [
      177570.54122870215,
      271247.57662972057
     ],
     [
      177609.72529977094,
      271319.0268791473
     ],
     [
      177777.92116688858,
      271625.74752849265
     ]
    ]
   },
   "properties": {
    "osm_id": "1120315120",
    "osm_type": "way",
    "osm_version": "7",
    "osm_timestamp": "2026-03-07T16:01:09Z",
    "highway": "tertiary",
    "lanes": "2",
    "name": "신가로",
    "name:en": "Singa-ro",
    "surface": "asphalt"
   }
  },
  {
   "type": "Feature",
   "geometry": {
    "type": "LineString",
    "coordinates": [
     [
      177790.06614278082,
      271648.36122404283
     ],
     [
      177795.0658056341,
      271648.1604279126
     ],
     [
      177799.75112200488,
      271650.01283398276
     ],
     [
      177819.56014878137,
      271665.00833617116
     ],
     [
      177830.2291089099,
      271673.5692883368
     ],
     [
      177842.43352056126,
      271686.94141323905
     ],
     [
      177846.12426134385,
      271692.54611415486
     ],
     [
      177848.89790062825,
      271699.98359613883
     ],
     [
      177854.5683914312,
      271720.50522778806
     ],
     [
      177867.5306182434,
      271764.15170677705
     ],
     [
      177894.8116094004,
      271835.3436973866
     ]
    ]
   },
   "properties": {
    "osm_id": "1120315121",
    "osm_type": "way",
    "osm_version": "2",
    "osm_timestamp": "2026-03-02T07:05:17Z",
    "highway": "residential",
    "lanes": "1",
    "name": "촌곡본촌길",
    "name:en": "Chongokbonchon-gil",
    "surface": "asphalt"
   }
  },
  {
   "type": "Feature",
   "geometry": {
    "type": "LineString",
    "coordinates": [
     [
      177846.12426134385,
      271692.54611415486
     ],
     [
      177875.15378032034,
      271679.60621749447
     ],
     [
      177889.9050838555,
      271670.9612602916
     ],
     [
      177906.22076031394,
      271660.2379098325
     ],
     [
      177915.03774350914,
      271653.8928074273
     ],
     [
      177921.6304782929,
      271648.4073626684
     ],
     [
      177942.33796037632,
      271631.34971792117
     ],
     [
      177948.82385817816,
      271623.17974824354
     ],
     [
      177950.00642174992,
      271621.69025744667
     ],
     [
      177958.33477298185,
      271609.46643898985
     ],
     [
      177963.86407973428,
      271590.58176988544
     ],
     [
      177969.5444463481,
      271573.78245453886
     ],
     [
      177977.15005625944,
      271556.96739237994
     ],
     [
      177976.2368126844,
      271549.0926984021
     ],
     [
      177975.25486586947,
      271542.9932474508
     ],
     [
      177975.89491747553,
      271539.774372825
     ],
     [
      177979.10084151762,
      271529.79290707386
     ],
     [
      177984.24818175327,
      271522.7134363394
     ],
     [
      177987.46189892068,
      271515.94928135443
     ],
     [
      177987.76940596852,
      271507.2728512244
     ],
     [
      177987.73521108786,
      271493.1277927031
     ]
    ]
   },
   "properties": {
    "osm_id": "1120315122",
    "osm_type": "way",
    "osm_version": "3",
    "osm_timestamp": "2026-03-02T07:05:17Z",
    "highway": "residential",
    "name": "촌곡본촌길",
    "name:en": "Chongokbonchon-gil",
    "oneway": "no"
   }
  },
  {
   "type": "Feature",
   "geometry": {
    "type": "LineString",
    "coordinates": [
     [
      177915.03774350914,
      271653.8928074273
     ],
     [
      177902.35534344544,
      271631.52432470437
     ],
     [
      177894.47139311332,
      271620.0498382837
     ],
     [
      177865.70911743614,
      271577.86178605654
     ],
     [
      177858.15360701302,
      271566.4087213802
     ],
     [
      177847.08294279178,
      271550.2935434539
     ],
     [
      177843.40499564118,
      271546.21981558314
     ],
     [
      177835.83272484207,
      271539.1490313392
     ],
     [
      177827.13103937978,
      271532.9130708343
     ],
     [
      177810.65195867617,
      271521.5705337142
     ],
     [
      177799.5984044232,
      271516.27224636474
     ]
    ]
   },
   "properties": {
    "osm_id": "1120315123",
    "osm_type": "way",
    "osm_version": "3",
    "osm_timestamp": "2026-03-02T07:05:17Z",
    "highway": "residential",
    "name": "촌곡본촌길",
    "name:en": "Chongokbonchon-gil"
   }
  },
  {
   "type": "Feature",
   "geometry": {
    "type": "LineString",
    "coordinates": [
     [
      177981.93948498718,
      271654.6959775403
     ],
     [
      177972.92821220873,
      271644.86609600467
     ],
     [
      177962.714066591,
      271635.6826000133
     ],
     [
      177948.82385817816,
      271623.17974824354
     ]
    ]
   },
   "properties": {
    "osm_id": "1120315124",
    "osm_type": "way",
    "osm_version": "2",
    "osm_timestamp": "2026-03-02T07:05:17Z",
    "highway": "service",
    "name": "촌곡본촌길",
    "name:en": "Chongokbonchon-gil"
   }
  },
  {
   "type": "Feature",
   "geometry": {
    "type": "LineString",
    "coordinates": [
     [
      177916.1148507043,
      271601.40338744386
     ],
     [
      177894.47139311332,
      271620.0498382837
     ]
    ]
   },
   "properties": {
    "osm_id": "1120315125",
    "osm_type": "way",
    "osm_version": "2",
    "osm_timestamp": "2026-03-02T07:05:17Z",
    "highway": "service"
   }
  },
  {
   "type": "Feature",
   "geometry": {
    "type": "LineString",
    "coordinates": [
     [
      177667.58879972485,
      272451.3623756493
     ],
     [
      177655.928332009,
      272443.70267753326
     ],
     [
      177649.1267890647,
      272438.161157804
     ],
     [
      177643.04125526673,
      272430.6874855906
     ],
     [
      177636.71174727893,
      272424.17961630726
     ],
     [
      177626.51244198432,
      272420.8209339046
     ],
     [
      177602.70775086648,
      272412.902710308
     ],
     [
      177589.13827704798,
      272419.2265459567
     ],
     [
      177581.85173571392,
      272416.82594227075
     ],
     [
      177576.74036134325,
      272412.2455135268
     ],
     [
      177564.8309423305,
      272403.5769683686
     ],
     [
      177557.78716231976,
      272399.7335334174
     ],
     [
      177550.98534961542,
      272397.8199061662
     ],
     [
      177538.37042018012,
      272399.04920391797
     ],
     [
      177553.52152461908,
      272342.24257032934
     ]
    ]
   },
   "properties": {
    "osm_id": "1120315129",
    "osm_type": "way",
    "osm_version": "1",
    "osm_timestamp": "2022-12-08T12:11:25Z",
    "highway": "service"
   }
  },
  {
   "type": "Feature",
   "geometry": {
    "type": "LineString",
    "coordinates": [
     [
      177379.0597892041,
      272493.2344883373
     ],
     [
      177390.06531476323,
      272483.244508373
     ],
     [
      177413.70338669315,
      272424.0090985438
     ],
     [
      177418.30237832325,
      272420.6139425714
     ],
     [
      177442.04551950103,
      272403.6363440761
     ],
     [
      177457.299370636,
      272392.249140234
     ],
     [
      177463.11617382802,
      272386.9205924381
     ],
     [
      177471.82231087593,
      272376.7478054346
     ],
     [
      177478.35451615523,
      272369.24302468676
     ],
     [
      177491.72860924262,
      272379.83823453065
     ],
     [
      177497.33195896505,
      272387.801145056
     ],
     [
      177500.96749301662,
      272385.86175955913
     ],
     [
      177508.71194579612,
      272377.86585760186
     ],
     [
      177546.25103035374,
      272346.37646638515
     ],
     [
      177553.52152461908,
      272342.24257032934
     ],
     [
      177565.36909469587,
      272333.1826477282
     ],
     [
      177575.0766788051,
      272325.7699606972
     ],
     [
      177589.3309123296,
      272315.8831673171
     ],
     [
      177622.7701228634,
      272297.67290942004
     ],
     [
      177646.28249953053,
      272286.7538766847
     ],
     [
      177677.80903567956,
      272277.2464075596
     ],
     [
      177783.77166123252,
      272243.4160127003
     ],
     [
      177792.5039259821,
      272240.01096229366
     ],
     [
      177796.62135266635,
      272237.33830065554
     ],
     [
      177799.52475829786,
      272234.4356223896
     ],
     [
      177803.15157170562,
      272228.86856304604
     ],
     [
      177807.23779550786,
      272213.3932272479
     ],
     [
      177808.37289156637,
      272207.4439465579
     ],
     [
      177809.95905554236,
      272203.1355143201
     ],
     [
      177812.19765883038,
      272200.73370172956
     ],
     [
      177814.76685456876,
      272199.2075291217
     ],
     [
      177816.51767018848,
      272198.81496408343
     ],
     [
      177823.5612128264,
      272198.79780297977
     ],
     [
      177887.38176262748,
      272202.33693923353
     ]
    ]
   },
   "properties": {
    "osm_id": "1120315130",
    "osm_type": "way",
    "osm_version": "1",
    "osm_timestamp": "2022-12-08T12:11:25Z",
    "highway": "service"
   }
  },
  {
   "type": "Feature",
   "geometry": {
    "type": "LineString",
    "coordinates": [
     [
      177532.39314361993,
      272287.6222496623
     ],
     [
      177533.22769060923,
      272293.0563702697
     ],
     [
      177537.66207840253,
      272300.55623149656
     ],
     [
      177544.5384125932,
      272310.45752215985
     ],
     [
      177547.8163357013,
      272315.17558551894
     ],
     [
      177554.0917737256,
      272325.5997951001
     ],
     [
      177557.0450258372,
      272328.1552844108
     ],
     [
      177565.36909469587,
      272333.1826477282
     ],
     [
      177574.16345564718,
      272336.5336288859
     ],
     [
      177606.21282002548,
      272354.21661750606
     ],
     [
      177641.5769239341,
      272376.8285157594
     ],
     [
      177654.47502677882,
      272386.8704201553
     ],
     [
      177658.5275518694,
      272391.25379446306
     ],
     [
      177660.37859885217,
      272394.54424265795
     ],
     [
      177661.11700565007,
      272398.0149295827
     ],
     [
      177661.68298995434,
      272401.863244074
     ],
     [
      177659.4894653636,
      272407.72638927156
     ],
     [
      177648.3097487896,
      272424.961010271
     ],
     [
      177643.04125526673,
      272430.6874855906
     ]
    ]
   },
   "properties": {
    "osm_id": "1120315131",
    "osm_type": "way",
    "osm_version": "1",
    "osm_timestamp": "2022-12-08T12:11:25Z",
    "highway": "service"
   }
  },
  {
   "type": "Feature",
   "geometry": {
    "type": "LineString",
    "coordinates": [
     [
      177552.1789417706,
      272278.7757013265
     ],
     [
      177547.5728976968,
      272290.4582067047
     ],
     [
      177545.20273640603,
      272302.36817832454
     ],
     [
      177544.5384125932,
      272310.45752215985
     ]
    ]
   },
   "properties": {
    "osm_id": "1120315132",
    "osm_type": "way",
    "osm_version": "1",
    "osm_timestamp": "2022-12-08T12:11:25Z",
    "highway": "service",
    "oneway": "yes"
   }
  },
  {
   "type": "Feature",
   "geometry": {
    "type": "LineString",
    "coordinates": [
     [
      177879.09546278036,
      270687.89504044363
     ],
     [
      177876.63393552214,
      270711.3874746919
     ],
     [
      177871.7387277512,
      270758.5497877506
     ],
     [
      177870.66766685806,
      270768.4151491731
     ]
    ]
   },
   "properties": {
    "osm_id": "1153680507",
    "osm_type": "way",
    "osm_version": "2",
    "osm_timestamp": "2026-02-28T08:36:16Z",
    "highway": "service"
   }
  },
  {
   "type": "Feature",
   "geometry": {
    "type": "LineString",
    "coordinates": [
     [
      177847.89871350233,
      270730.2952980939
     ],
     [
      177850.1720921168,
      270708.26774897234
     ],
     [
      177851.41293042217,
      270696.9264422765
     ]
    ]
   },
   "properties": {
    "osm_id": "1153680508",
    "osm_type": "way",
    "osm_version": "1",
    "osm_timestamp": "2023-03-12T08:02:49Z",
    "highway": "service",
    "service": "parking_aisle"
   }
  },
  {
   "type": "Feature",
   "geometry": {
    "type": "LineString",
    "coordinates": [
     [
      177876.63393552214,
      270711.3874746919
     ],
     [
      177850.1720921168,
      270708.26774897234
     ]
    ]
   },
   "properties": {
    "osm_id": "1153680509",
    "osm_type": "way",
    "osm_version": "1",
    "osm_timestamp": "2023-03-12T08:02:49Z",
    "highway": "service",
    "service": "parking_aisle"
   }
  },
  {
   "type": "Feature",
   "geometry": {
    "type": "LineString",
    "coordinates": [
     [
      177871.7387277512,
      270758.5497877506
     ],
     [
      177880.46476577644,
      270759.49378818885
     ],
     [
      177881.5972068449,
      270759.8682413665
     ],
     [
      177883.7633009212,
      270761.27194683254
     ],
     [
      177884.72225508175,
      270761.60244480125
     ],
     [
      177886.22877501004,
      270761.953801802
     ],
     [
      177906.9761929185,
      270764.31089589885
     ],
     [
      177907.58744656085,
      270764.2539421048
     ],
     [
      177908.10701768135,
      270764.0197032657
     ],
     [
      177908.6262659172,
      270763.6523346387
     ],
     [
      177908.99894594128,
      270763.052342983
     ],
     [
      177909.22303961686,
      270761.3876669158
     ],
     [
      177909.54963633497,
      270760.599185377
     ],
     [
      177910.11394577293,
      270759.9987289894
     ],
     [
      177913.05659689129,
      270758.01682185836
     ],
     [
      177913.65824153053,
      270757.7601958776
     ],
     [
      177914.43377621556,
      270757.713938387
     ],
     [
      177950.98051788882,
      270761.519459725
     ],
     [
      177953.95458101315,
      270761.20162228704
     ],
     [
      177956.3529780494,
      270760.5634468091
     ],
     [
      177958.9951516043,
      270758.8485430313
     ],
     [
      177960.34949117558,
      270756.64861079067
     ],
     [
      177964.98573406966,
      270719.18331980484
     ],
     [
      177952.06006200268,
      270713.6563981299
     ]
    ]
   },
   "properties": {
    "osm_id": "1153680510",
    "osm_type": "way",
    "osm_version": "2",
    "osm_timestamp": "2026-02-28T08:36:16Z",
    "highway": "service"
   }
  },
  {
   "type": "Feature",
   "geometry": {
    "type": "LineString",
    "coordinates": [
     [
      178156.72368660013,
      270885.4564263166
     ],
     [
      178193.84931519532,
      270860.70501753275
     ],
     [
      178197.72009912453,
      270857.6115585184
     ],
     [
      178201.39599239957,
      270853.15397910454
     ],
     [
      178203.5229569009,
      270849.6763990157
     ],
     [
      178204.4905557387,
      270846.0018979974
     ],
     [
      178204.57282525202,
      270838.4354460945
     ],
     [
      178217.68963576702,
      270847.7121124477
     ],
     [
      178226.62415332324,
      270851.9398329544
     ],
     [
      178240.79416583976,
      270855.18985560833
     ],
     [
      178258.26928203244,
      270859.1975104949
     ],
     [
      178297.44924948877,
      270869.2441760517
     ],
     [
      178235.61311803406,
      270878.95495116775
     ],
     [
      178230.96303947785,
      270880.51925500756
     ],
     [
      178227.12581049383,
      270882.3811617849
     ],
     [
      178223.98662476818,
      270886.13851209765
     ],
     [
      178221.2862684971,
      270894.05514523934
     ],
     [
      178219.6429150303,
      270908.9697020313
     ],
     [
      178208.86384257657,
      270892.7424594242
     ],
     [
      178204.39058697657,
      270888.11578112555
     ],
     [
      178198.36930390546,
      270884.84630498145
     ],
     [
      178191.57884032474,
      270884.2745691973
     ],
     [
      178183.43062640718,
      270884.4937801744
     ],
     [
      178156.72368660013,
      270885.4564263166
     ]
    ]
   },
   "properties": {
    "osm_id": "1153680514",
    "osm_type": "way",
    "osm_version": "1",
    "osm_timestamp": "2023-03-12T08:02:49Z",
    "highway": "tertiary_link",
    "oneway": "yes"
   }
  },
  {
   "type": "Feature",
   "geometry": {
    "type": "LineString",
    "coordinates": [
     [
      177446.06834043426,
      270535.64602797
     ],
     [
      177441.61724367837,
      270540.1945854874
     ],
     [
      177439.80664260758,
      270542.36244225636
     ],
     [
      177434.86134995392,
      270550.0186081593
     ],
     [
      177420.51660941742,
      270587.0311857052
     ],
     [
      177416.7784919223,
      270595.7272262926
     ],
     [
      177412.04536863143,
      270607.9647918649
     ],
     [
      177407.0405618113,
      270621.03510055115
     ],
     [
      177403.6263168744,
      270631.5276073433
     ],
     [
      177397.94575535247,
      270655.4275565509
     ],
     [
      177394.7774537798,
      270673.0863231861
     ],
     [
      177393.5195352916,
      270684.6718111323
     ],
     [
      177393.29646998222,
      270686.7137013229
     ],
     [
      177393.0147491798,
      270694.5358259345
     ],
     [
      177393.1396728939,
      270700.74827933527
     ],
     [
      177393.59810057568,
      270705.29577192565
     ],
     [
      177394.6109930653,
      270708.96544497524
     ],
     [
      177397.17735248178,
      270713.50770629756
     ],
     [
      177405.45822887652,
      270726.2455136843
     ],
     [
      177413.18106789628,
      270738.4300014869
     ],
     [
      177417.96906052687,
      270737.30870684976
     ],
     [
      177420.9806602811,
      270737.41218263813
     ],
     [
      177433.91550391802,
      270739.15520095534
     ],
     [
      177446.06832056533,
      270742.00959618273
     ],
     [
      177452.4293621051,
      270745.98776598374
     ],
     [
      177454.2106469881,
      270746.73776340124
     ],
     [
      177455.32507681136,
      270747.2009620632
     ],
     [
      177460.68432427454,
      270748.2971200037
     ],
     [
      177469.93036275232,
      270749.1617811286
     ],
     [
      177473.1695394342,
      270749.0428267776
     ],
     [
      177475.41338188841,
      270748.64897955966
     ],
     [
      177479.49922869774,
      270747.72914973117
     ],
     [
      177481.8616995468,
      270747.3350107838
     ],
     [
      177484.6535220036,
      270747.1284127981
     ],
     [
      177511.94676981604,
      270746.9500406032
     ],
     [
      177513.7248174893,
      270746.39093963173
     ],
     [
      177515.72880479903,
      270744.94374362775
     ],
     [
      177518.50405493545,
      270741.71956907574
     ],
     [
      177524.9673029265,
      270735.357723986
     ],
     [
      177526.36154656342,
      270734.57768821385
     ],
     [
      177528.12200400262,
      270734.2848947703
     ],
     [
      177536.04363302665,
      270734.64255673613
     ]
    ]
   },
   "properties": {
    "osm_id": "1153680515",
    "osm_type": "way",
    "osm_version": "5",
    "osm_timestamp": "2026-03-07T16:07:59Z",
    "highway": "residential",
    "name": "금구길"
   }
  },
  {
   "type": "Feature",
   "geometry": {
    "type": "LineString",
    "coordinates": [
     [
      177715.26046057953,
      270796.51852232736
     ],
     [
      177682.20559502929,
      270813.7844069584
     ],
     [
      177665.3166913655,
      270821.98005951126
     ],
     [
      177661.56963281074,
      270823.3649324796
     ],
     [
      177657.7377276024,
      270823.6405931229
     ],
     [
      177653.58516340726,
      270823.39561379247
     ],
     [
      177649.18447775982,
      270822.4412151631
     ],
     [
      177632.72825167765,
      270817.30061386584
     ],
     [
      177626.26462370346,
      270816.08503154846
     ],
     [
      177620.35054740004,
      270815.70016994386
     ],
     [
      177615.09549895473,
      270816.134664699
     ],
     [
      177608.63797734425,
      270817.40418524906
     ],
     [
      177569.98484763375,
      270832.7205678536
     ],
     [
      177554.75266770064,
      270839.21493080474
     ],
     [
      177552.37453779345,
      270840.6519464608
     ],
     [
      177550.40873454048,
      270842.7757881099
     ],
     [
      177548.12885881268,
      270847.05268341326
     ],
     [
      177547.23827227115,
      270852.2469746228
     ],
     [
      177546.81351485,
      270861.32309514476
     ],
     [
      177546.83121088555,
      270868.5010130537
     ],
     [
      177547.98382060166,
      270891.8626032683
     ]
    ]
   },
   "properties": {
    "osm_id": "1153680517",
    "osm_type": "way",
    "osm_version": "2",
    "osm_timestamp": "2026-02-28T08:36:16Z",
    "highway": "service"
   }
  },
  {
   "type": "Feature",
   "geometry": {
    "type": "LineString",
    "coordinates": [
     [
      175372.00746722086,
      271092.41273238766
     ],
     [
      175400.96323300223,
      271079.75359725044
     ]
    ]
   },
   "properties": {
    "osm_id": "1195247306",
    "osm_type": "way",
    "osm_version": "2",
    "osm_timestamp": "2026-08-30T01:27:43Z",
    "highway": "secondary_link",
    "oneway": "yes",
    "review": "no"
   }
  },
  {
   "type": "Feature",
   "geometry": {
    "type": "LineString",
    "coordinates": [
     [
      175400.96323300223,
      271079.75359725044
     ],
     [
      175416.60366302292,
      271069.7043539899
     ],
     [
      175430.42195415747,
      271057.3191680439
     ],
     [
      175451.1505420293,
      271022.2165490859
     ],
     [
      175461.31899004732,
      270999.6900177472
     ]
    ]
   },
   "properties": {
    "osm_id": "1195247307",
    "osm_type": "way",
    "osm_version": "2",
    "osm_timestamp": "2026-08-30T01:27:43Z",
    "bridge": "yes",
    "highway": "secondary_link",
    "layer": "1",
    "oneway": "yes",
    "review": "no"
   }
  },
  {
   "type": "Feature",
   "geometry": {
    "type": "LineString",
    "coordinates": [
     [
      175291.74871701185,
      274394.264027954
     ],
     [
      175299.3137599829,
      274398.8032413414
     ],
     [
      175347.31250600464,
      274432.72144754685
     ],
     [
      175362.1307364678,
      274447.9470604375
     ],
     [
      175376.4299085326,
      274470.2522671927
     ],
     [
      175406.3847582514,
      274527.4733032271
     ],
     [
      175407.65923672696,
      274529.9106041786
     ]
    ]
   },
   "properties": {
    "osm_id": "1216297658",
    "osm_type": "way",
    "osm_version": "1",
    "osm_timestamp": "2023-10-17T17:14:30Z",
    "highway": "tertiary",
    "name": "유곡로",
    "name:en": "Yugok-ro",
    "name:ko": "유곡로",
    "ref": "27",
    "review": "no",
    "surface": "asphalt"
   }
  },
  {
   "type": "Feature",
   "geometry": {
    "type": "LineString",
    "coordinates": [
     [
      179203.41149438464,
      270729.5289523115
     ],
     [
      179190.0796411902,
      270725.60986630805
     ],
     [
      179175.8591287518,
      270704.19727015623
     ],
     [
      179170.0016213792,
      270688.64549500984
     ],
     [
      179167.53820145782,
      270676.8579896382
     ],
     [
      179166.17466186953,
      270659.2102293095
     ],
     [
      179167.2446969982,
      270656.25672347145
     ],
     [
      179180.18433755427,
      270648.2282151938
     ]
    ]
   },
   "properties": {
    "osm_id": "1226415872",
    "osm_type": "way",
    "osm_version": "2",
    "osm_timestamp": "2025-01-11T11:12:22Z",
    "highway": "service",
    "oneway": "yes",
    "service": "drive-through"
   }
  },
  {
   "type": "Feature",
   "geometry": {
    "type": "LineString",
    "coordinates": [
     [
      175476.4125023572,
      271294.74521691736
     ],
     [
      175483.81410992797,
      271302.0585853259
     ],
     [
      175484.21474415998,
      271305.1306136261
     ],
     [
      175485.58498083905,
      271315.8661576365
     ],
     [
      175490.49543117432,
      271367.21931394824
     ],
     [
      175501.82408512867,
      271440.2777494822
     ],
     [
      175512.61204640812,
      271475.2067168693
     ],
     [
      175521.202774305,
      271500.64492535027
     ],
     [
      175523.49488162049,
      271548.8543829183
     ],
     [
      175521.06588268283,
      271558.3354043121
     ],
     [
      175548.4802437988,
      271648.32489135046
     ],
     [
      175569.5359878437,
      271708.2882859183
     ],
     [
      175589.37839349598,
      271758.2146842134
     ],
     [
      175623.88655692647,
      271829.83549818443
     ],
     [
      175649.65514839822,
      271878.28172568436
     ],
     [
      175688.80346470425,
      271938.49657927384
     ],
     [
      175719.0080416213,
      271984.4016703091
     ],
     [
      175738.56375084576,
      272009.4447464955
     ],
     [
      175797.45443935957,
      272083.10919101944
     ],
     [
      175859.70095481028,
      272149.5871319023
     ],
     [
      175878.61074424884,
      272168.7300760474
     ],
     [
      175958.68101054957,
      272244.4473774076
     ],
     [
      176053.20581734105,
      272335.5261780477
     ],
     [
      176125.6270484702,
      272404.0870821685
     ],
     [
      176160.66283369728,
      272435.8468820282
     ],
     [
      176211.21259353778,
      272483.1647899658
     ],
     [
      176216.74799018342,
      272492.6470129664
     ],
     [
      176227.40588253544,
      272517.7143913595
     ],
     [
      176228.0552183213,
      272525.30117047427
     ],
     [
      176226.82342374377,
      272539.2276860475
     ],
     [
      176227.26952625054,
      272549.3444878845
     ],
     [
      176232.8511285814,
      272576.5441374081
     ],
     [
      176246.55431548794,
      272632.3901689042
     ],
     [
      176248.06234982127,
      272640.4073859566
     ],
     [
      176251.461276575,
      272652.8240921722
     ]
    ]
   },
   "properties": {
    "osm_id": "1229451603",
    "osm_type": "way",
    "osm_version": "2",
    "osm_timestamp": "2026-09-09T08:48:05Z",
    "highway": "unclassified"
   }
  },
  {
   "type": "Feature",
   "geometry": {
    "type": "LineString",
    "coordinates": [
     [
      179064.90661497164,
      272728.8809829706
     ],
     [
      179061.36293079617,
      272750.99995385064
     ],
     [
      179054.1123434469,
      272795.6487648153
     ],
     [
      179052.1196937884,
      272805.8933348675
     ],
     [
      179049.9283126245,
      272813.03197553894
     ],
     [
      179046.64006487525,
      272819.26341418707
     ],
     [
      179043.33595471893,
      272822.56601099053
     ],
     [
      179039.84767267143,
      272825.12571900315
     ],
     [
      179033.4226156926,
      272828.0693973402
     ],
     [
      179022.41032093688,
      272831.7558718784
     ],
     [
      178986.59455763962,
      272840.4365293437
     ],
     [
      178943.53384917713,
      272852.5289249455
     ]
    ]
   },
   "properties": {
    "osm_id": "1246222255",
    "osm_type": "way",
    "osm_version": "1",
    "osm_timestamp": "2024-02-05T04:28:45Z",
    "highway": "service"
   }
  },
  {
   "type": "Feature",
   "geometry": {
    "type": "LineString",
    "coordinates": [
     [
      179022.41032093688,
      272831.7558718784
     ],
     [
      179028.49657221997,
      272840.151281053
     ],
     [
      179040.45768172157,
      272848.355655527
     ],
     [
      179048.37430171375,
      272855.293517434
     ],
     [
      179068.53433233147,
      272874.20719002903
     ]
    ]
   },
   "properties": {
    "osm_id": "1246222256",
    "osm_type": "way",
    "osm_version": "1",
    "osm_timestamp": "2024-02-05T04:28:45Z",
    "highway": "service"
   }
  },
  {
   "type": "Feature",
   "geometry": {
    "type": "LineString",
    "coordinates": [
     [
      178968.31493105364,
      271510.92392052314
     ],
     [
      178960.56676872307,
      271518.1863459962
     ],
     [
      178949.49540917997,
      271528.5739362697
     ],
     [
      178942.14606409552,
      271526.7825718414
     ]
    ]
   },
   "properties": {
    "osm_id": "1280208010",
    "osm_type": "way",
    "osm_version": "1",
    "osm_timestamp": "2024-05-06T14:34:28Z",
    "highway": "service",
    "service": "parking_aisle"
   }
  },
  {
   "type": "Feature",
   "geometry": {
    "type": "LineString",
    "coordinates": [
     [
      178942.14606409552,
      271526.7825718414
     ],
     [
      178931.06780208243,
      271526.28677036555
     ],
     [
      178918.82276156478,
      271530.23137190664
     ],
     [
      178909.23913292936,
      271532.90508389316
     ],
     [
      178896.45682056775,
      271533.3673747631
     ],
     [
      178883.02494226772,
      271529.14942871185
     ],
     [
      178860.30148424918,
      271515.84471384535
     ],
     [
      178845.15888471532,
      271505.8063292421
     ],
     [
      178827.77359517265,
      271496.61634492973
     ],
     [
      178802.71040892668,
      271485.64700027904
     ],
     [
      178788.63799718133,
      271480.6984655057
     ],
     [
      178781.1862484416,
      271481.9805684134
     ],
     [
      178754.2508803463,
      271489.8980843208
     ],
     [
      178731.89204590954,
      271496.096479526
     ],
     [
      178713.66866320264,
      271499.25653880934
     ],
     [
      178697.14941141882,
      271501.4918271895
     ],
     [
      178684.299608452,
      271500.42357084394
     ],
     [
      178671.5257636786,
      271496.725823997
     ]
    ]
   },
   "properties": {
    "osm_id": "1280208011",
    "osm_type": "way",
    "osm_version": "1",
    "osm_timestamp": "2024-05-06T14:34:28Z",
    "highway": "track",
    "tracktype": "grade1"
   }
  },
  {
   "type": "Feature",
   "geometry": {
    "type": "LineString",
    "coordinates": [
     [
      178586.3158709487,
      270931.8418003755
     ],
     [
      178583.9889925191,
      270951.2510518757
     ],
     [
      178581.46510576995,
      270972.2472405918
     ],
     [
      178581.1695649195,
      270974.62209754885
     ],
     [
      178580.86516017158,
      270977.107917517
     ],
     [
      178580.89282944522,
      270981.112863891
     ],
     [
      178581.2814533729,
      270983.39735810313
     ],
     [
      178582.22519391082,
      270988.9200575066
     ],
     [
      178584.295190944,
      270996.09314654826
     ],
     [
      178587.42615748383,
      271004.3176919204
     ],
     [
      178622.78930028866,
      271068.1151055588
     ],
     [
      178674.4204592047,
      271158.7003644435
     ],
     [
      178676.29779698397,
      271161.5804646967
     ],
     [
      178682.184881728,
      271170.04266322963
     ],
     [
      178685.10553015504,
      271174.24053486774
     ]
    ]
   },
   "properties": {
    "osm_id": "1280208012",
    "osm_type": "way",
    "osm_version": "4",
    "osm_timestamp": "2026-03-11T09:15:19Z",
    "highway": "residential",
    "name": "촌곡신가길",
    "name:en": "Chongoksinga-gil",
    "tracktype": "grade1"
   }
  },
  {
   "type": "Feature",
   "geometry": {
    "type": "LineString",
    "coordinates": [
     [
      178644.23137968965,
      271304.81539823493
     ],
     [
      178650.90523401223,
      271318.06843563286
     ],
     [
      178658.8459879309,
      271330.7194209744
     ],
     [
      178664.62975105725,
      271337.96148760343
     ],
     [
      178670.41997901298,
      271344.07193235523
     ],
     [
      178675.1459252251,
      271347.6997678555
     ],
     [
      178681.14731241227,
      271350.47036475234
     ],
     [
      178696.84117853845,
      271354.1391055481
     ],
     [
      178702.13723613136,
      271355.7464732728
     ],
     [
      178705.45390248497,
      271357.63582817797
     ],
     [
      178709.92503930145,
      271361.56382146303
     ],
     [
      178712.3193447046,
      271367.0276741807
     ],
     [
      178712.40743586794,
      271373.4843042099
     ],
     [
      178712.002021755,
      271379.60926140985
     ],
     [
      178711.44320235928,
      271386.4667958581
     ],
     [
      178710.22741533376,
      271393.3258663943
     ],
     [
      178708.4452073306,
      271399.8867176224
     ],
     [
      178671.5257636786,
      271496.725823997
     ],
     [
      178636.91977737585,
      271564.2376374602
     ]
    ]
   },
   "properties": {
    "osm_id": "1280208013",
    "osm_type": "way",
    "osm_version": "2",
    "osm_timestamp": "2026-03-02T07:05:17Z",
    "highway": "residential",
    "name": "촌곡신가길",
    "name:en": "Chongoksinga-gil",
    "tracktype": "grade1"
   }
  },
  {
   "type": "Feature",
   "geometry": {
    "type": "LineString",
    "coordinates": [
     [
      178863.36559942662,
      271802.035280306
     ],
     [
      178876.3649932656,
      271793.0520712808
     ],
     [
      178889.31913394426,
      271788.15166092815
     ],
     [
      178898.482514923,
      271781.42950684344
     ],
     [
      178902.2646229174,
      271775.57408548036
     ]
    ]
   },
   "properties": {
    "osm_id": "1280208019",
    "osm_type": "way",
    "osm_version": "1",
    "osm_timestamp": "2024-05-06T14:34:28Z",
    "highway": "track",
    "tracktype": "grade1"
   }
  },
  {
   "type": "Feature",
   "geometry": {
    "type": "LineString",
    "coordinates": [
     [
      178881.0783668253,
      271850.39828492684
     ],
     [
      178898.2527980277,
      271839.7856656743
     ],
     [
      178924.77012383495,
      271825.1020552608
     ],
     [
      178937.0067101591,
      271825.5618842796
     ],
     [
      178958.18848259328,
      271831.48159926163
     ],
     [
      178967.2799779661,
      271844.98445301544
     ],
     [
      178977.94681543566,
      271857.1412770649
     ]
    ]
   },
   "properties": {
    "osm_id": "1280208020",
    "osm_type": "way",
    "osm_version": "1",
    "osm_timestamp": "2024-05-06T14:34:28Z",
    "highway": "track",
    "tracktype": "grade1"
   }
  },
  {
   "type": "Feature",
   "geometry": {
    "type": "LineString",
    "coordinates": [
     [
      178881.0783668253,
      271850.39828492684
     ],
     [
      178868.92496522574,
      271858.2479138722
     ],
     [
      178858.089352289,
      271883.4902469647
     ]
    ]
   },
   "properties": {
    "osm_id": "1280208021",
    "osm_type": "way",
    "osm_version": "1",
    "osm_timestamp": "2024-05-06T14:34:28Z",
    "highway": "track",
    "tracktype": "grade1"
   }
  },
  {
   "type": "Feature",
   "geometry": {
    "type": "LineString",
    "coordinates": [
     [
      178624.85964386156,
      270939.38407429296
     ],
     [
      178644.30005617387,
      270882.7246994399
     ],
     [
      178649.60106352365,
      270870.75271007075
     ],
     [
      178648.2370258852,
      270864.98691753484
     ],
     [
      178647.60406522587,
      270863.5683423318
     ],
     [
      178646.40534846377,
      270862.1510936344
     ],
     [
      178644.70571350912,
      270861.14550547476
     ],
     [
      178642.3584304176,
      270860.24128428823
     ],
     [
      178629.9152219802,
      270857.8408403014
     ],
     [
      178628.57294720036,
      270857.46678672393
     ],
     [
      178627.4405496195,
      270857.09224082355
     ],
     [
      178626.30786554763,
      270856.59565940313
     ],
     [
      178625.04688314823,
      270855.8664007783
     ],
     [
      178621.4104832695,
      270853.91126040154
     ],
     [
      178620.44040963694,
      270852.7153626444
     ],
     [
      178619.0493567711,
      270850.9990253046
     ],
     [
      178617.65489131093,
      270847.8293544091
     ],
     [
      178616.77407053232,
      270841.89601897646
     ]
    ]
   },
   "properties": {
    "osm_id": "1280208028",
    "osm_type": "way",
    "osm_version": "3",
    "osm_timestamp": "2026-03-11T09:15:19Z",
    "highway": "residential",
    "name": "영산로",
    "name:en": "Yeongsan-ro",
    "name:ko": "영산로"
   }
  },
  {
   "type": "Feature",
   "geometry": {
    "type": "LineString",
    "coordinates": [
     [
      178649.60106352365,
      270870.75271007075
     ],
     [
      178671.0350886831,
      270850.8771317604
     ],
     [
      178675.33278753946,
      270846.873151845
     ],
     [
      178676.54315443087,
      270845.4724472951
     ],
     [
      178677.50698780012,
      270844.00575482124
     ],
     [
      178678.14161608383,
      270842.24028944236
     ],
     [
      178678.56569165926,
      270840.1868675328
     ],
     [
      178680.40839077107,
      270820.4459520838
     ],
     [
      178688.71739614435,
      270787.52107681864
     ],
     [
      178690.2306569846,
      270782.96890979883
     ],
     [
      178692.1663509509,
      270779.5584584277
     ],
     [
      178719.09307144902,
      270743.6279225047
     ]
    ]
   },
   "properties": {
    "osm_id": "1280208029",
    "osm_type": "way",
    "osm_version": "2",
    "osm_timestamp": "2026-03-11T09:15:19Z",
    "highway": "residential",
    "name": "영산로",
    "name:en": "Yeongsan-ro",
    "name:ko": "영산로"
   }
  },
  {
   "type": "Feature",
   "geometry": {
    "type": "LineString",
    "coordinates": [
     [
      178719.09307144902,
      270743.6279225047
     ],
     [
      178725.70752622304,
      270746.9518270333
     ],
     [
      178727.71636806396,
      270747.5018454504
     ],
     [
      178729.62384781518,
      270747.6305210702
     ],
     [
      178757.11704343482,
      270747.1114928629
     ],
     [
      178763.21012277718,
      270745.99895692215
     ],
     [
      178766.89406996843,
      270744.8587585063
     ],
     [
      178774.03688603593,
      270739.9717516101
     ],
     [
      178777.20897169126,
      270738.46664141637
     ],
     [
      178780.78445488086,
      270737.7704697559
     ],
     [
      178817.90182164675,
      270735.9533743947
     ]
    ]
   },
   "properties": {
    "osm_id": "1280208030",
    "osm_type": "way",
    "osm_version": "2",
    "osm_timestamp": "2026-03-11T09:15:19Z",
    "highway": "residential",
    "name": "영산로",
    "name:en": "Yeongsan-ro",
    "name:ko": "영산로",
    "tracktype": "grade1"
   }
  },
  {
   "type": "Feature",
   "geometry": {
    "type": "LineString",
    "coordinates": [
     [
      178719.09307144902,
      270743.6279225047
     ],
     [
      178720.49731887926,
      270739.27571145026
     ],
     [
      178720.55258995216,
      270735.5923048172
     ],
     [
      178719.3900846,
      270730.14776417904
     ],
     [
      178716.0657777592,
      270713.3699936049
     ],
     [
      178716.00897771897,
      270708.5885222839
     ],
     [
      178715.58141259948,
      270705.25016457646
     ],
     [
      178712.3234841143,
      270693.45354044024
     ],
     [
      178704.96735454368,
      270673.45678416744
     ],
     [
      178704.4957656295,
      270670.80637096247
     ],
     [
      178704.94715353494,
      270668.7196044201
     ],
     [
      178706.97864345572,
      270667.2393252579
     ],
     [
      178711.11856911963,
      270665.9649081142
     ],
     [
      178714.93299283367,
      270665.9781816846
     ],
     [
      178717.56201001705,
      270666.3714297257
     ],
     [
      178728.55650384657,
      270669.6185375463
     ]
    ]
   },
   "properties": {
    "osm_id": "1280208031",
    "osm_type": "way",
    "osm_version": "2",
    "osm_timestamp": "2026-03-11T09:15:19Z",
    "highway": "residential",
    "name": "영산로",
    "name:en": "Yeongsan-ro",
    "name:ko": "영산로"
   }
  },
  {
   "type": "Feature",
   "geometry": {
    "type": "LineString",
    "coordinates": [
     [
      178680.40839077107,
      270820.4459520838
     ],
     [
      178662.16919341992,
      270817.42666315695
     ],
     [
      178652.55613037435,
      270815.6186452757
     ],
     [
      178646.69141666556,
      270812.9143116953
     ],
     [
      178641.94714134722,
      270809.3752884745
     ],
     [
      178629.3797198829,
      270796.84612137405
     ],
     [
      178619.34189019733,
      270785.1430988087
     ],
     [
      178612.8431592181,
      270780.58754208905
     ],
     [
      178606.4208630233,
      270777.4962463008
     ],
     [
      178592.35319724045,
      270775.0774805156
     ],
     [
      178586.6374158724,
      270773.63757545815
     ],
     [
      178581.20187833413,
      270771.076499603
     ],
     [
      178579.17081615905,
      270768.8402456288
     ],
     [
      178572.08783786042,
      270756.4424848128
     ]
    ]
   },
   "properties": {
    "osm_id": "1280208032",
    "osm_type": "way",
    "osm_version": "2",
    "osm_timestamp": "2026-03-11T09:15:19Z",
    "highway": "track",
    "tracktype": "grade1"
   }
  },
  {
   "type": "Feature",
   "geometry": {
    "type": "LineString",
    "coordinates": [
     [
      178606.193370444,
      274670.8550107548
     ],
     [
      178582.3224816395,
      274655.20169274154
     ],
     [
      178575.39079650337,
      274651.55690605345
     ],
     [
      178567.0759095605,
      274649.2910739005
     ]
    ]
   },
   "properties": {
    "osm_id": "1280429624",
    "osm_type": "way",
    "osm_version": "3",
    "osm_timestamp": "2026-03-18T05:56:00Z",
    "highway": "unclassified",
    "surface": "asphalt"
   }
  },
  {
   "type": "Feature",
   "geometry": {
    "type": "LineString",
    "coordinates": [
     [
      178518.84745258198,
      274574.2633167953
     ],
     [
      178512.33337679078,
      274569.81880402076
     ],
     [
      178508.68034274795,
      274567.9303132048
     ],
     [
      178496.82306599812,
      274564.3194135171
     ],
     [
      178474.54213256197,
      274561.62073180336
     ],
     [
      178469.82739909078,
      274562.0645666984
     ],
     [
      178463.95569454174,
      274563.12132828863
     ],
     [
      178449.52616045473,
      274563.3662938568
     ],
     [
      178434.09222805832,
      274567.01960600645
     ],
     [
      178414.75015785277,
      274565.0685142345
     ],
     [
      178391.20433975483,
      274552.1219276725
     ],
     [
      178366.01924694414,
      274544.12734718685
     ],
     [
      178312.9153649742,
      274536.99814381654
     ],
     [
      178285.87491384844,
      274535.1433427972
     ],
     [
      178285.9405979735,
      274497.700005791
     ]
    ]
   },
   "properties": {
    "osm_id": "1280429625",
    "osm_type": "way",
    "osm_version": "1",
    "osm_timestamp": "2024-05-07T02:45:09Z",
    "highway": "service"
   }
  },
  {
   "type": "Feature",
   "geometry": {
    "type": "LineString",
    "coordinates": [
     [
      176153.84631893778,
      274750.22030745755
     ],
     [
      176147.35363283422,
      274740.4188768311
     ],
     [
      176139.4497442669,
      274728.13602973544
     ],
     [
      176132.40214504424,
      274718.9129690888
     ],
     [
      176127.31344595217,
      274708.8637943193
     ],
     [
      176125.04978696548,
      274701.3145183104
     ],
     [
      176123.0663731442,
      274696.2829130402
     ],
     [
      176119.11821405916,
      274689.85858475114
     ],
     [
      176112.35084618622,
      274683.16430408624
     ],
     [
      176100.80566152083,
      274673.6757231917
     ],
     [
      176099.55012743163,
      274671.4268795584
     ],
     [
      176094.87625621096,
      274663.0629665039
     ],
     [
      176089.69522195513,
      274652.6146609689
     ],
     [
      176081.02952028194,
      274635.11954751686
     ],
     [
      176077.41995043025,
      274625.66560379806
     ],
     [
      176074.2248358845,
      274610.79655414494
     ],
     [
      176071.1143112939,
      274603.8153288577
     ]
    ]
   },
   "properties": {
    "osm_id": "1334102626",
    "osm_type": "way",
    "osm_version": "2",
    "osm_timestamp": "2024-12-19T15:16:56Z",
    "highway": "residential"
   }
  },
  {
   "type": "Feature",
   "geometry": {
    "type": "LineString",
    "coordinates": [
     [
      176099.55012743163,
      274671.4268795584
     ],
     [
      176093.68412793992,
      274677.99902532576
     ],
     [
      176091.47212383,
      274683.1747824438
     ],
     [
      176088.52713208587,
      274690.5713267827
     ],
     [
      176087.23346522992,
      274694.63524108107
     ],
     [
      176086.139571362,
      274701.8272226962
     ],
     [
      176085.60114229037,
      274708.6627265397
     ],
     [
      176070.96687275934,
      274710.7314708929
     ],
     [
      176055.53692908707,
      274711.99244953616
     ],
     [
      176052.23570856598,
      274712.25630937587
     ],
     [
      176015.89907926653,
      274713.2728769853
     ],
     [
      175998.4809198129,
      274714.6168554124
     ],
     [
      175990.13887350803,
      274716.1144136638
     ],
     [
      175986.0631411548,
      274716.67988813395
     ],
     [
      175980.12521052174,
      274716.69556685106
     ],
     [
      175974.0009574541,
      274715.2361996524
     ],
     [
      175966.39466309675,
      274712.1166073355
     ],
     [
      175960.0835814138,
      274708.9935980676
     ],
     [
      175932.45090251605,
      274707.402526941
     ],
     [
      175910.38464786735,
      274706.72871702706
     ],
     [
      175874.40923776955,
      274702.94106074097
     ],
     [
      175863.5138024013,
      274701.2170664121
     ]
    ]
   },
   "properties": {
    "osm_id": "1343805570",
    "osm_type": "way",
    "osm_version": "1",
    "osm_timestamp": "2024-12-19T15:16:56Z",
    "highway": "service"
   }
  },
  {
   "type": "Feature",
   "geometry": {
    "type": "LineString",
    "coordinates": [
     [
      176089.69522195513,
      274652.6146609689
     ],
     [
      176069.28295848533,
      274653.1343012754
     ],
     [
      176057.97641976774,
      274654.6395964148
     ],
     [
      176047.22581688658,
      274655.9659328803
     ],
     [
      176030.91072431204,
      274657.11834042595
     ],
     [
      176027.09766807838,
      274656.99525751825
     ],
     [
      176020.52968514996,
      274656.7684955222
     ],
     [
      175991.12007903465,
      274655.8919648818
     ],
     [
      175986.5955304356,
      274655.75968265504
     ],
     [
      175979.55241710733,
      274655.22356420726
     ]
    ]
   },
   "properties": {
    "osm_id": "1343805572",
    "osm_type": "way",
    "osm_version": "1",
    "osm_timestamp": "2024-12-19T15:16:56Z",
    "highway": "service"
   }
  },
  {
   "type": "Feature",
   "geometry": {
    "type": "LineString",
    "coordinates": [
     [
      176027.09766807838,
      274656.99525751825
     ],
     [
      176025.49688404787,
      274665.6530297846
     ],
     [
      176024.5562864748,
      274675.6181896047
     ],
     [
      176024.0768672224,
      274680.6007936551
     ],
     [
      176022.63506456785,
      274683.8219410185
     ],
     [
      176020.7110930208,
      274687.5214146269
     ],
     [
      176019.92851879008,
      274698.60668298014
     ]
    ]
   },
   "properties": {
    "osm_id": "1343805573",
    "osm_type": "way",
    "osm_version": "1",
    "osm_timestamp": "2024-12-19T15:16:56Z",
    "highway": "service"
   }
  },
  {
   "type": "Feature",
   "geometry": {
    "type": "LineString",
    "coordinates": [
     [
      175966.39466309675,
      274712.1166073355
     ],
     [
      175972.80575076863,
      274701.3049156757
     ],
     [
      175976.5028085294,
      274695.5039258299
     ],
     [
      175979.5548388896,
      274690.6809393312
     ],
     [
      175981.00533636508,
      274687.3044418179
     ],
     [
      175982.76256031863,
      274682.64019589266
     ],
     [
      175983.71541414323,
      274677.33460474445
     ],
     [
      175991.12007903465,
      274655.8919648818
     ]
    ]
   },
   "properties": {
    "osm_id": "1343805574",
    "osm_type": "way",
    "osm_version": "1",
    "osm_timestamp": "2024-12-19T15:16:56Z",
    "highway": "service"
   }
  },
  {
   "type": "Feature",
   "geometry": {
    "type": "LineString",
    "coordinates": [
     [
      176221.26034373074,
      274488.02982127684
     ],
     [
      176208.87922573858,
      274486.808539319
     ],
     [
      176197.41803797174,
      274485.07452944625
     ],
     [
      176184.1831824567,
      274485.2644904392
     ],
     [
      176173.20513871673,
      274486.9019116694
     ],
     [
      176166.10863145933,
      274486.92050255026
     ],
     [
      176151.4097183208,
      274485.35035448556
     ],
     [
      176151.1123687345,
      274493.7051381184
     ],
     [
      176150.6529568643,
      274502.87023031164
     ],
     [
      176147.912866794,
      274504.9631422552
     ],
     [
      176143.4028084562,
      274506.9053767002
     ],
     [
      176134.37188786129,
      274510.146411574
     ],
     [
      176127.91809273176,
      274511.7609247303
     ],
     [
      176125.33547032365,
      274511.29064805
     ],
     [
      176123.98406879723,
      274510.7505745813
     ],
     [
      176120.1581325529,
      274509.2185104883
     ],
     [
      176114.8244459201,
      274506.6586373906
     ],
     [
      176112.08588258782,
      274505.85594505945
     ],
     [
      176106.42848174713,
      274505.0720142551
     ],
     [
      176078.02088092043,
      274503.8597382407
     ],
     [
      176076.42919979454,
      274512.5396636201
     ],
     [
      176076.92617481344,
      274517.6861099552
     ],
     [
      176076.9595535475,
      274530.3778970098
     ],
     [
      176077.13473907174,
      274534.55998599716
     ],
     [
      176076.4963962982,
      274538.08965107426
     ],
     [
      176074.8886740154,
      274540.6677563201
     ],
     [
      176073.28433774682,
      274544.53279136104
     ],
     [
      176070.08661405288,
      274556.4231948695
     ],
     [
      176068.81253541377,
      274564.4699119459
     ],
     [
      176068.8336672025,
      274572.5021273815
     ],
     [
      176069.36149433535,
      274589.3751647924
     ],
     [
      176070.02854987638,
      274596.7622119697
     ],
     [
      176071.1143112939,
      274603.8153288577
     ]
    ]
   },
   "properties": {
    "osm_id": "1343805575",
    "osm_type": "way",
    "osm_version": "1",
    "osm_timestamp": "2024-12-19T15:16:56Z",
    "highway": "service"
   }
  },
  {
   "type": "Feature",
   "geometry": {
    "type": "LineString",
    "coordinates": [
     [
      176071.1143112939,
      274603.8153288577
     ],
     [
      176083.92392692217,
      274601.54059207573
     ],
     [
      176091.50741643,
      274599.4349284663
     ],
     [
      176094.08581707324,
      274598.30762770784
     ],
     [
      176098.28333501142,
      274598.9400662999
     ],
     [
      176118.80012477387,
      274606.91844923224
     ],
     [
      176124.28486111216,
      274604.4965886908
     ],
     [
      176127.34879266797,
      274604.1668123434
     ],
     [
      176130.9065295722,
      274604.3127959995
     ],
     [
      176133.64587669793,
      274605.42613212497
     ],
     [
      176138.1772577842,
      274608.154535233
     ],
     [
      176140.44523169976,
      274610.3896339544
     ],
     [
      176144.65496079472,
      274615.6816665986
     ],
     [
      176147.41354822263,
      274620.65577177226
     ],
     [
      176149.83704494822,
      274623.06797376194
     ],
     [
      176152.90559570063,
      274624.5021871
     ],
     [
      176162.76632085966,
      274628.17074165144
     ],
     [
      176168.25036387655,
      274628.966255482
     ],
     [
      176171.05078723643,
      274629.02548457985
     ],
     [
      176174.87285785715,
      274629.10422710486
     ],
     [
      176179.068670579,
      274629.0932380906
     ],
     [
      176182.29593721963,
      274628.44131783524
     ],
     [
      176185.19062461847,
      274626.1815964206
     ],
     [
      176190.6753666445,
      274623.7597758735
     ]
    ]
   },
   "properties": {
    "osm_id": "1343805576",
    "osm_type": "way",
    "osm_version": "1",
    "osm_timestamp": "2024-12-19T15:16:56Z",
    "highway": "service"
   }
  },
  {
   "type": "Feature",
   "geometry": {
    "type": "LineString",
    "coordinates": [
     [
      176203.4943763844,
      274642.50887517
     ],
     [
      176199.26987678048,
      274638.5259811329
     ],
     [
      176198.36213393265,
      274636.71998598345
     ],
     [
      176197.32605347064,
      274634.67025223235
     ],
     [
      176190.6753666445,
      274623.7597758735
     ],
     [
      176185.15951619175,
      274614.2996860659
     ]
    ]
   },
   "properties": {
    "osm_id": "1343805577",
    "osm_type": "way",
    "osm_version": "1",
    "osm_timestamp": "2024-12-19T15:16:56Z",
    "highway": "service"
   }
  },
  {
   "type": "Feature",
   "geometry": {
    "type": "LineString",
    "coordinates": [
     [
      176198.36213393265,
      274636.71998598345
     ],
     [
      176196.21393844078,
      274641.9066440893
     ],
     [
      176193.96741443613,
      274647.8590666041
     ],
     [
      176192.19883452577,
      274651.7134165999
     ],
     [
      176189.62633248756,
      274655.0928165609
     ],
     [
      176186.5687477802,
      274657.8411122749
     ],
     [
      176183.34611005214,
      274660.2570122878
     ],
     [
      176179.31658699617,
      274661.06635337765
     ],
     [
      176173.02373281616,
      274661.4045699918
     ],
     [
      176167.0703272831,
      274669.4524384208
     ]
    ]
   },
   "properties": {
    "osm_id": "1343805578",
    "osm_type": "way",
    "osm_version": "1",
    "osm_timestamp": "2024-12-19T15:16:56Z",
    "highway": "service"
   }
  },
  {
   "type": "Feature",
   "geometry": {
    "type": "LineString",
    "coordinates": [
     [
      176171.05078723643,
      274629.02548457985
     ],
     [
      176163.6757079318,
      274648.0049620092
     ],
     [
      176159.32146853185,
      274646.72943492647
     ],
     [
      176152.8635779172,
      274646.74636334274
     ]
    ]
   },
   "properties": {
    "osm_id": "1343805579",
    "osm_type": "way",
    "osm_version": "1",
    "osm_timestamp": "2024-12-19T15:16:56Z",
    "highway": "service"
   }
  },
  {
   "type": "Feature",
   "geometry": {
    "type": "LineString",
    "coordinates": [
     [
      176123.98406879723,
      274510.7505745813
     ],
     [
      176118.47804739163,
      274522.4584158858
     ],
     [
      176116.0714108701,
      274526.4808696263
     ],
     [
      176113.00468311325,
      274529.2292133796
     ],
     [
      176109.95042940206,
      274533.25336947286
     ],
     [
      176105.9360683556,
      274539.8539252755
     ],
     [
      176103.85122724035,
      274544.84074092895
     ],
     [
      176103.0541688167,
      274550.456548783
     ],
     [
      176102.78601250218,
      274569.9055550865
     ],
     [
      176101.66845523662,
      274575.04515053914
     ],
     [
      176098.6306926154,
      274585.33754531486
     ],
     [
      176094.08581707324,
      274598.30762770784
     ]
    ]
   },
   "properties": {
    "osm_id": "1343805580",
    "osm_type": "way",
    "osm_version": "1",
    "osm_timestamp": "2024-12-19T15:16:56Z",
    "highway": "service"
   }
  },
  {
   "type": "Feature",
   "geometry": {
    "type": "LineString",
    "coordinates": [
     [
      177289.25661147048,
      274539.9511662362
     ],
     [
      177297.82764868374,
      274553.3094788005
     ]
    ]
   },
   "properties": {
    "osm_id": "1343805581",
    "osm_type": "way",
    "osm_version": "1",
    "osm_timestamp": "2024-12-19T15:16:56Z",
    "highway": "service",
    "service": "parking_aisle"
   }
  },
  {
   "type": "Feature",
   "geometry": {
    "type": "LineString",
    "coordinates": [
     [
      177168.06684675204,
      274655.490906306
     ],
     [
      177129.89239137882,
      274651.2378473755
     ],
     [
      177091.34381366335,
      274646.9415134886
     ]
    ]
   },
   "properties": {
    "osm_id": "1343805582",
    "osm_type": "way",
    "osm_version": "1",
    "osm_timestamp": "2024-12-19T15:16:56Z",
    "highway": "service"
   }
  },
  {
   "type": "Feature",
   "geometry": {
    "type": "LineString",
    "coordinates": [
     [
      177137.9394414788,
      274593.97109342954
     ],
     [
      177133.88000364858,
      274622.8375391272
     ],
     [
      177129.89239137882,
      274651.2378473755
     ],
     [
      177127.90297423385,
      274665.36587876716
     ],
     [
      177125.92265686367,
      274679.48279376375
     ]
    ]
   },
   "properties": {
    "osm_id": "1343805583",
    "osm_type": "way",
    "osm_version": "1",
    "osm_timestamp": "2024-12-19T15:16:56Z",
    "highway": "service"
   }
  },
  {
   "type": "Feature",
   "geometry": {
    "type": "LineString",
    "coordinates": [
     [
      176866.23852212468,
      273797.167674422
     ],
     [
      176863.34063509636,
      273809.1013904531
     ],
     [
      176858.3863084217,
      273826.6540421203
     ],
     [
      176852.44921106592,
      273827.2238586227
     ],
     [
      176836.13158018768,
      273827.9976092796
     ],
     [
      176799.6131557416,
      273830.67562139843
     ],
     [
      176786.6398948953,
      273833.65978925605
     ],
     [
      176777.93769334888,
      273837.3763903008
     ],
     [
      176768.86574100744,
      273842.7580855642
     ],
     [
      176752.94746943717,
      273857.01051448414
     ],
     [
      176742.76688092656,
      273864.04811645416
     ],
     [
      176738.968129001,
      273866.07698634104
     ],
     [
      176728.51015310784,
      273871.6508688472
     ],
     [
      176709.47006479552,
      273881.49583750486
     ]
    ]
   },
   "properties": {
    "osm_id": "1343805584",
    "osm_type": "way",
    "osm_version": "1",
    "osm_timestamp": "2024-12-19T15:16:56Z",
    "highway": "service"
   }
  },
  {
   "type": "Feature",
   "geometry": {
    "type": "LineString",
    "coordinates": [
     [
      176742.95464597864,
      273926.79688087624
     ],
     [
      176770.26463091018,
      273908.3217017736
     ]
    ]
   },
   "properties": {
    "osm_id": "1343805585",
    "osm_type": "way",
    "osm_version": "1",
    "osm_timestamp": "2024-12-19T15:16:56Z",
    "highway": "service"
   }
  },
  {
   "type": "Feature",
   "geometry": {
    "type": "LineString",
    "coordinates": [
     [
      176738.968129001,
      273866.07698634104
     ],
     [
      176770.26463091018,
      273908.3217017736
     ],
     [
      176797.12136226855,
      273944.5758415276
     ],
     [
      176776.4529296311,
      273959.7278904854
     ]
    ]
   },
   "properties": {
    "osm_id": "1343805586",
    "osm_type": "way",
    "osm_version": "1",
    "osm_timestamp": "2024-12-19T15:16:56Z",
    "highway": "service"
   }
  },
  {
   "type": "Feature",
   "geometry": {
    "type": "LineString",
    "coordinates": [
     [
      177026.0994062911,
      274672.51199056365
     ],
     [
      176995.66293693837,
      274683.90509157215
     ],
     [
      176822.23850614854,
      274744.54297962255
     ]
    ]
   },
   "properties": {
    "osm_id": "1343920742",
    "osm_type": "way",
    "osm_version": "1",
    "osm_timestamp": "2024-12-20T03:41:26Z",
    "highway": "track",
    "tracktype": "grade1"
   }
  },
  {
   "type": "Feature",
   "geometry": {
    "type": "LineString",
    "coordinates": [
     [
      177285.32921629405,
      274662.0757789304
     ],
     [
      177292.6245977733,
      274679.664197333
     ],
     [
      177296.18355229328,
      274691.28212645504
     ],
     [
      177298.97898253184,
      274700.31699363707
     ]
    ]
   },
   "properties": {
    "osm_id": "1343920743",
    "osm_type": "way",
    "osm_version": "1",
    "osm_timestamp": "2024-12-20T03:41:26Z",
    "highway": "service"
   }
  },
  {
   "type": "Feature",
   "geometry": {
    "type": "LineString",
    "coordinates": [
     [
      177321.93087508285,
      274683.09687805065
     ],
     [
      177323.1860736319,
      274667.04031550064
     ],
     [
      177323.3338929,
      274649.4998798157
     ],
     [
      177322.76645735442,
      274645.07467417367
     ],
     [
      177321.57868891497,
      274640.6177323378
     ]
    ]
   },
   "properties": {
    "osm_id": "1343920744",
    "osm_type": "way",
    "osm_version": "1",
    "osm_timestamp": "2024-12-20T03:41:26Z",
    "highway": "service"
   }
  },
  {
   "type": "Feature",
   "geometry": {
    "type": "LineString",
    "coordinates": [
     [
      177263.19481661855,
      274247.2936198841
     ],
     [
      177244.18484754246,
      274261.7969992536
     ],
     [
      177236.94207808893,
      274269.048590442
     ],
     [
      177232.760178802,
      274274.68385590805
     ],
     [
      177196.85325907462,
      274320.4933256197
     ]
    ]
   },
   "properties": {
    "osm_id": "1343920745",
    "osm_type": "way",
    "osm_version": "1",
    "osm_timestamp": "2024-12-20T03:41:26Z",
    "highway": "service"
   }
  },
  {
   "type": "Feature",
   "geometry": {
    "type": "LineString",
    "coordinates": [
     [
      177319.89329155118,
      274319.4978924581
     ],
     [
      177298.88274301396,
      274314.52458949713
     ],
     [
      177294.835847088,
      274312.12723017175
     ],
     [
      177292.24841245296,
      274309.7262294653
     ],
     [
      177290.14159889234,
      274306.1924129834
     ],
     [
      177272.78157608554,
      274269.1143029246
     ],
     [
      177263.19481661855,
      274247.2936198841
     ],
     [
      177257.34692896734,
      274232.3642418526
     ],
     [
      177242.59018370707,
      274204.11073054164
     ],
     [
      177228.31924562826,
      274176.8323242337
     ],
     [
      177218.90892249643,
      274159.9814848197
     ],
     [
      177207.89231946936,
      274142.8129452756
     ],
     [
      177190.23269747448,
      274117.4734944381
     ],
     [
      177177.28215572544,
      274100.3098412348
     ],
     [
      177138.26477819905,
      274055.5758246472
     ],
     [
      177111.56186609014,
      274029.027791181
     ],
     [
      177097.8079389363,
      274015.33878148766
     ],
     [
      177083.7176438032,
      273998.4998648586
     ],
     [
      177074.81161782105,
      273986.47391614784
     ],
     [
      177062.7792529751,
      273968.2208734406
     ],
     [
      177059.58342605783,
      273963.36963741865
     ],
     [
      177049.2145665832,
      273950.06046626903
     ],
     [
      177038.53530978193,
      273940.2800705252
     ],
     [
      177026.24022648015,
      273930.02671332035
     ],
     [
      177020.74936911016,
      273926.667919558
     ],
     [
      177014.76549735008,
      273923.1439604433
     ],
     [
      177011.36481186483,
      273920.2680402708
     ],
     [
      177006.50393448645,
      273913.5239087409
     ],
     [
      176991.06106367684,
      273892.21756037616
     ],
     [
      176983.3467162805,
      273882.5739573393
     ],
     [
      176975.56976136667,
      273873.4297617507
     ],
     [
      176967.96816081507,
      273865.0950111211
     ],
     [
      176964.08596207973,
      273863.00802117266
     ],
     [
      176958.43615361908,
      273861.7464856278
     ],
     [
      176955.35914066213,
      273860.62266238825
     ],
     [
      176953.42160253323,
      273859.185314039
     ],
     [
      176951.47917364087,
      273855.81757432205
     ],
     [
      176946.7627242091,
      273844.9016608459
     ],
     [
      176934.75952474854,
      273820.3360707113
     ],
     [
      176925.34804657727,
      273799.79114589666
     ],
     [
      176922.10250927467,
      273793.375791513
     ],
     [
      176920.78686750564,
      273788.9747010459
     ]
    ]
   },
   "properties": {
    "osm_id": "1343920746",
    "osm_type": "way",
    "osm_version": "1",
    "osm_timestamp": "2024-12-20T03:41:26Z",
    "highway": "service"
   }
  },
  {
   "type": "Feature",
   "geometry": {
    "type": "LineString",
    "coordinates": [
     [
      177111.56186609014,
      274029.027791181
     ],
     [
      177150.90057967955,
      273994.5810249422
     ]
    ]
   },
   "properties": {
    "osm_id": "1343920747",
    "osm_type": "way",
    "osm_version": "1",
    "osm_timestamp": "2024-12-20T03:41:26Z",
    "highway": "service"
   }
  },
  {
   "type": "Feature",
   "geometry": {
    "type": "LineString",
    "coordinates": [
     [
      177108.85467499134,
      273950.0766289908
     ],
     [
      177106.20519564906,
      273952.0802653796
     ],
     [
      177101.45252744982,
      273955.6756773219
     ],
     [
      177096.64122105148,
      273957.7180406087
     ],
     [
      177062.7792529751,
      273968.2208734406
     ]
    ]
   },
   "properties": {
    "osm_id": "1343920748",
    "osm_type": "way",
    "osm_version": "2",
    "osm_timestamp": "2025-10-19T14:37:09Z",
    "highway": "service"
   }
  },
  {
   "type": "Feature",
   "geometry": {
    "type": "LineString",
    "coordinates": [
     [
      177386.29393580978,
      274585.22926107555
     ],
     [
      177418.58341223278,
      274570.3825523086
     ],
     [
      177421.7000893306,
      274569.232104425
     ],
     [
      177435.67958028277,
      274564.0718566945
     ],
     [
      177441.32214432885,
      274562.6156045206
     ],
     [
      177449.39974700793,
      274564.68130111234
     ],
     [
      177462.00040458288,
      274569.9531391875
     ],
     [
      177475.248665382,
      274575.2233909877
     ],
     [
      177480.09848996962,
      274577.785256655
     ],
     [
      177484.78371516825,
      274580.1811180592
     ],
     [
      177490.93274989564,
      274584.3484448921
     ]
    ]
   },
   "properties": {
    "osm_id": "1343920749",
    "osm_type": "way",
    "osm_version": "1",
    "osm_timestamp": "2024-12-20T03:41:26Z",
    "highway": "service"
   }
  },
  {
   "type": "Feature",
   "geometry": {
    "type": "LineString",
    "coordinates": [
     [
      177421.7000893306,
      274569.232104425
     ],
     [
      177422.155174939,
      274579.8592992407
     ],
     [
      177422.99129169612,
      274589.6534771574
     ],
     [
      177423.16392285645,
      274596.73120228393
     ],
     [
      177422.52586171194,
      274600.58250278473
     ],
     [
      177420.9384586841,
      274607.8199167121
     ]
    ]
   },
   "properties": {
    "osm_id": "1343920750",
    "osm_type": "way",
    "osm_version": "1",
    "osm_timestamp": "2024-12-20T03:41:26Z",
    "highway": "service"
   }
  },
  {
   "type": "Feature",
   "geometry": {
    "type": "LineString",
    "coordinates": [
     [
      176480.53030842982,
      273298.6145636447
     ],
     [
      176526.07061427753,
      273326.7762765803
     ],
     [
      176583.80744618573,
      273361.95168660354
     ]
    ]
   },
   "properties": {
    "osm_id": "1343920751",
    "osm_type": "way",
    "osm_version": "3",
    "osm_timestamp": "2025-11-20T11:59:50Z",
    "highway": "primary",
    "name": "건재로",
    "name:en": "Geonjae-ro",
    "name:ko": "건재로",
    "ref": "13",
    "surface": "asphalt"
   }
  },
  {
   "type": "Feature",
   "geometry": {
    "type": "LineString",
    "coordinates": [
     [
      177223.42534674538,
      270721.9949605853
     ],
     [
      177222.17687336038,
      270781.05263152905
     ],
     [
      177221.96428469304,
      270790.91592790704
     ],
     [
      177218.93609555543,
      270864.4338315687
     ],
     [
      177219.83693633837,
      270870.71090958704
     ],
     [
      177222.83494330346,
      270883.63927768666
     ],
     [
      177222.84093638443,
      270886.0356153296
     ],
     [
      177221.91941810146,
      270889.73229702713
     ],
     [
      177219.52563304955,
      270895.82901398436
     ],
     [
      177188.88293133987,
      270961.19523341145
     ],
     [
      177175.73726783905,
      270988.0983871374
     ],
     [
      177160.06688296128,
      271019.7673167707
     ],
     [
      177157.56033798237,
      271028.1719340124
     ],
     [
      177155.33455543465,
      271035.732686447
     ],
     [
      177152.93098189414,
      271045.1688101713
     ]
    ]
   },
   "properties": {
    "osm_id": "1350344174",
    "osm_type": "way",
    "osm_version": "2",
    "osm_timestamp": "2025-12-23T15:05:33Z",
    "highway": "residential"
   }
  },
  {
   "type": "Feature",
   "geometry": {
    "type": "LineString",
    "coordinates": [
     [
      177304.02113972016,
      274414.39358875173
     ],
     [
      177312.3541982013,
      274416.4141499383
     ],
     [
      177316.59571399132,
      274416.4035723922
     ],
     [
      177323.27533077393,
      274413.79085655895
     ],
     [
      177329.95008532802,
      274409.2255640725
     ],
     [
      177332.3871943601,
      274402.56292144174
     ],
     [
      177336.03733674408,
      274388.5195596912
     ]
    ]
   },
   "properties": {
    "osm_id": "1359805371",
    "osm_type": "way",
    "osm_version": "1",
    "osm_timestamp": "2025-02-14T08:43:35Z",
    "highway": "primary_link",
    "oneway": "yes"
   }
  },
  {
   "type": "Feature",
   "geometry": {
    "type": "LineString",
    "coordinates": [
     [
      175395.7343469135,
      272892.61433204764
     ],
     [
      175382.71469013044,
      272915.8809526017
     ],
     [
      175366.5058039425,
      272947.2883296521
     ],
     [
      175365.43845199837,
      272954.047633423
     ],
     [
      175367.22806453254,
      273011.89944767946
     ],
     [
      175331.40080299164,
      273018.2092842872
     ]
    ]
   },
   "properties": {
    "osm_id": "1363606882",
    "osm_type": "way",
    "osm_version": "1",
    "osm_timestamp": "2025-02-28T15:11:47Z",
    "highway": "service"
   }
  },
  {
   "type": "Feature",
   "geometry": {
    "type": "LineString",
    "coordinates": [
     [
      175370.99353823194,
      272394.0270043059
     ],
     [
      175355.62744479155,
      272389.96371304506
     ],
     [
      175347.3832924787,
      272387.93359668733
     ],
     [
      175342.44854578556,
      272388.3574503062
     ],
     [
      175331.34768695646,
      272392.69210270105
     ],
     [
      175322.75319245178,
      272409.5121201953
     ]
    ]
   },
   "properties": {
    "osm_id": "1363606889",
    "osm_type": "way",
    "osm_version": "1",
    "osm_timestamp": "2025-02-28T15:11:47Z",
    "highway": "service"
   }
  },
  {
   "type": "Feature",
   "geometry": {
    "type": "LineString",
    "coordinates": [
     [
      175298.0792458299,
      273658.5286204569
     ],
     [
      175295.40155219147,
      273673.5464641765
     ],
     [
      175292.34605256247,
      273683.80588455836
     ],
     [
      175285.61058009203,
      273706.145888847
     ],
     [
      175282.77603541742,
      273720.4985062306
     ],
     [
      175281.36922994503,
      273733.20529097866
     ],
     [
      175282.01046809385,
      273744.2645571192
     ],
     [
      175282.64217153867,
      273748.4564830942
     ],
     [
      175284.91701838392,
      273753.06552875723
     ],
     [
      175286.7788322839,
      273756.74377636623
     ],
     [
      175288.4505321667,
      273764.31663697114
     ],
     [
      175289.08621591484,
      273773.33456947503
     ],
     [
      175288.90499211213,
      273780.5019740314
     ],
     [
      175288.09156606797,
      273786.65042086696
     ],
     [
      175286.250340291,
      273790.54951824754
     ],
     [
      175282.15793837621,
      273798.54852518055
     ],
     [
      175277.44134801958,
      273805.11806643126
     ]
    ]
   },
   "properties": {
    "osm_id": "1363606890",
    "osm_type": "way",
    "osm_version": "1",
    "osm_timestamp": "2025-02-28T15:11:47Z",
    "highway": "service"
   }
  },
  {
   "type": "Feature",
   "geometry": {
    "type": "LineString",
    "coordinates": [
     [
      175235.99112847156,
      274113.88517423737
     ],
     [
      175180.7439246021,
      274075.32772059686
     ],
     [
      175156.7175071997,
      274095.6736746358
     ],
     [
      175117.51805697838,
      274058.0823762085
     ],
     [
      175085.29703405805,
      274087.2598083413
     ],
     [
      175080.36026756855,
      274089.93596104666
     ],
     [
      175074.39793283676,
      274091.18376165844
     ],
     [
      175062.67057394242,
      274092.447366607
     ],
     [
      175053.36793335015,
      274093.0830568561
     ],
     [
      175046.8281266664,
      274093.31178354606
     ],
     [
      175033.25364948937,
      274092.93853661546
     ],
     [
      175015.13138848252,
      274090.7250502512
     ],
     [
      174996.02340642537,
      274088.3146116007
     ]
    ]
   },
   "properties": {
    "osm_id": "1363606891",
    "osm_type": "way",
    "osm_version": "1",
    "osm_timestamp": "2025-02-28T15:11:47Z",
    "highway": "service"
   }
  },
  {
   "type": "Feature",
   "geometry": {
    "type": "LineString",
    "coordinates": [
     [
      176013.45891721308,
      272991.75681158155
     ],
     [
      176023.15156712517,
      273003.6576128379
     ],
     [
      176031.0431789513,
      273010.6594995151
     ],
     [
      176040.29199502894,
      273016.8590323091
     ],
     [
      176058.52000430902,
      273027.35062052537
     ],
     [
      176074.5619043373,
      273035.68460892246
     ],
     [
      176083.56280102892,
      273041.29684084724
     ]
    ]
   },
   "properties": {
    "osm_id": "1363606892",
    "osm_type": "way",
    "osm_version": "2",
    "osm_timestamp": "2025-10-19T14:37:09Z",
    "highway": "primary_link",
    "oneway": "yes"
   }
  },
  {
   "type": "Feature",
   "geometry": {
    "type": "LineString",
    "coordinates": [
     [
      176163.38267514983,
      272969.2409368487
     ],
     [
      176178.5731536873,
      272934.609233027
     ],
     [
      176179.80575573706,
      272931.4996116328
     ],
     [
      176180.2752755132,
      272929.63454563235
     ],
     [
      176180.1132733773,
      272926.99453365203
     ],
     [
      176179.16753168675,
      272924.6783067342
     ],
     [
      176174.3225616535,
      272920.96331451356
     ],
     [
      176159.32723420058,
      272911.68339644675
     ],
     [
      176156.821820862,
      272909.5154830017
     ],
     [
      176155.09773394078,
      272906.10296508705
     ],
     [
      176149.14756239418,
      272894.935533342
     ],
     [
      176143.9771790504,
      272888.90270787553
     ],
     [
      176135.2288822178,
      272882.24689299526
     ],
     [
      176125.2298943413,
      272875.28372769064
     ],
     [
      176122.10653747132,
      272874.0493633303
     ],
     [
      176114.9370100658,
      272874.5341349456
     ],
     [
      176110.88334951413,
      272876.8745703714
     ],
     [
      176107.46448458184,
      272881.23249807523
     ],
     [
      176100.46229161145,
      272886.3764347804
     ],
     [
      176096.56781157196,
      272890.2696563542
     ],
     [
      176094.395147697,
      272893.2264383614
     ],
     [
      176093.15831298236,
      272898.1888253976
     ],
     [
      176093.32686844416,
      272903.3139350074
     ],
     [
      176094.124914719,
      272908.4373911888
     ],
     [
      176095.69434017906,
      272912.00562372536
     ],
     [
      176098.03759210414,
      272914.9505451874
     ]
    ]
   },
   "properties": {
    "osm_id": "1363606893",
    "osm_type": "way",
    "osm_version": "1",
    "osm_timestamp": "2025-02-28T15:11:47Z",
    "highway": "service"
   }
  },
  {
   "type": "Feature",
   "geometry": {
    "type": "LineString",
    "coordinates": [
     [
      176129.71759632035,
      270999.23379360896
     ],
     [
      176117.18985996387,
      271020.4677263251
     ],
     [
      176108.59071655723,
      271053.961597886
     ],
     [
      176080.43704646543,
      271038.8807704768
     ],
     [
      176053.12530400432,
      271017.81802128226
     ],
     [
      176048.46794385783,
      270995.63069812045
     ],
     [
      176043.8216802396,
      270977.6702533114
     ]
    ]
   },
   "properties": {
    "osm_id": "1364659999",
    "osm_type": "way",
    "osm_version": "1",
    "osm_timestamp": "2025-03-05T02:52:45Z",
    "highway": "service",
    "surface": "concrete"
   }
  },
  {
   "type": "Feature",
   "geometry": {
    "type": "LineString",
    "coordinates": [
     [
      176140.55810332397,
      271183.81351999607
     ],
     [
      176146.71117276952,
      271195.3797877875
     ],
     [
      176161.49591680523,
      271234.6812504661
     ],
     [
      176185.76963714484,
      271343.5188154898
     ],
     [
      176215.59592991846,
      271440.44892363535
     ]
    ]
   },
   "properties": {
    "osm_id": "1364660000",
    "osm_type": "way",
    "osm_version": "1",
    "osm_timestamp": "2025-03-05T02:52:45Z",
    "highway": "track",
    "source": "maxar",
    "surface": "unpaved"
   }
  },
  {
   "type": "Feature",
   "geometry": {
    "type": "LineString",
    "coordinates": [
     [
      176507.0360114784,
      271882.7631929801
     ],
     [
      176519.91185057777,
      271897.56298748363
     ],
     [
      176565.79829930962,
      271940.56810612004
     ],
     [
      176657.25419331694,
      272024.43865801516
     ]
    ]
   },
   "properties": {
    "osm_id": "1364660001",
    "osm_type": "way",
    "osm_version": "1",
    "osm_timestamp": "2025-03-05T02:52:45Z",
    "highway": "track",
    "surface": "unpaved"
   }
  },
  {
   "type": "Feature",
   "geometry": {
    "type": "LineString",
    "coordinates": [
     [
      176519.91185057777,
      271897.56298748363
     ],
     [
      176570.47362570048,
      271966.86053732585
     ],
     [
      176575.43369701455,
      271979.7171030515
     ]
    ]
   },
   "properties": {
    "osm_id": "1364660002",
    "osm_type": "way",
    "osm_version": "1",
    "osm_timestamp": "2025-03-05T02:52:45Z",
    "highway": "track",
    "surface": "unpaved"
   }
  },
  {
   "type": "Feature",
   "geometry": {
    "type": "LineString",
    "coordinates": [
     [
      177994.0975128367,
      272932.1906753428
     ],
     [
      178056.18281670386,
      272940.9050778058
     ],
     [
      178178.25958314625,
      272956.5429025269
     ],
     [
      178207.32233735462,
      272958.98056612775
     ],
     [
      178309.50565563064,
      272961.1550085573
     ],
     [
      178408.74868180498,
      272962.22814797785
     ],
     [
      178417.73850585095,
      272959.9103157609
     ],
     [
      178439.96795719553,
      272958.47084741166
     ],
     [
      178460.50146880676,
      272953.5740415338
     ],
     [
      178492.48592095403,
      272953.1655735133
     ],
     [
      178517.22009369006,
      272957.70017489797
     ],
     [
      178629.49161752238,
      272955.2281014385
     ],
     [
      178722.2995803459,
      272950.9834402482
     ],
     [
      178808.53536948055,
      272941.25228098425
     ],
     [
      178866.35930840313,
      272938.17785120325
     ],
     [
      178942.49012973683,
      272921.914735271
     ],
     [
      178962.78025436646,
      272918.1401470376
     ],
     [
      178972.51370691013,
      272909.8635368499
     ],
     [
      179005.04891772676,
      272914.80302397045
     ],
     [
      179011.9711893358,
      272917.8268807674
     ]
    ]
   },
   "properties": {
    "osm_id": "1364660004",
    "osm_type": "way",
    "osm_version": "1",
    "osm_timestamp": "2025-03-05T02:52:45Z",
    "highway": "track",
    "surface": "concrete",
    "tracktype": "grade1"
   }
  },
  {
   "type": "Feature",
   "geometry": {
    "type": "LineString",
    "coordinates": [
     [
      178512.11717619072,
      272979.5567958763
     ],
     [
      178439.96795719553,
      272958.47084741166
     ]
    ]
   },
   "properties": {
    "osm_id": "1364660005",
    "osm_type": "way",
    "osm_version": "1",
    "osm_timestamp": "2025-03-05T02:52:45Z",
    "highway": "track",
    "surface": "concrete",
    "tracktype": "grade1"
   }
  },
  {
   "type": "Feature",
   "geometry": {
    "type": "LineString",
    "coordinates": [
     [
      179128.847232854,
      272898.0433375342
     ],
     [
      179146.4543888867,
      272889.8930874515
     ],
     [
      179198.1298380304,
      272870.88134054025
     ],
     [
      179231.76327497614,
      272865.3350708829
     ],
     [
      179261.23712843715,
      272860.02028780343
     ],
     [
      179283.2514044633,
      272856.07607410563
     ],
     [
      179356.74983455584,
      272845.07000233943
     ],
     [
      179464.49897659503,
      272822.90403882816
     ],
     [
      179469.0874086895,
      272822.67180253315
     ],
     [
      179512.7180378755,
      272828.33139609173
     ],
     [
      179516.38730517658,
      272829.11082826974
     ]
    ]
   },
   "properties": {
    "osm_id": "1364660006",
    "osm_type": "way",
    "osm_version": "1",
    "osm_timestamp": "2025-03-05T02:52:45Z",
    "highway": "track",
    "source": "maxar",
    "surface": "concrete",
    "tracktype": "grade1"
   }
  },
  {
   "type": "Feature",
   "geometry": {
    "type": "LineString",
    "coordinates": [
     [
      178952.02700621952,
      272370.9749587375
     ],
     [
      179068.12498236913,
      272311.36420361494
     ],
     [
      179074.7303903662,
      272307.3329053233
     ]
    ]
   },
   "properties": {
    "osm_id": "1364660013",
    "osm_type": "way",
    "osm_version": "1",
    "osm_timestamp": "2025-03-05T02:52:45Z",
    "highway": "track",
    "source": "maxar",
    "surface": "concrete",
    "tracktype": "grade1"
   }
  },
  {
   "type": "Feature",
   "geometry": {
    "type": "LineString",
    "coordinates": [
     [
      179053.616309658,
      272171.71010966075
     ],
     [
      179043.42109421233,
      272181.906982841
     ],
     [
      179019.92955964836,
      272210.61748982803
     ],
     [
      179003.31323160575,
      272237.48165132094
     ],
     [
      179002.0274377867,
      272249.632800924
     ],
     [
      179004.39555811314,
      272275.5656535567
     ],
     [
      178992.20018791367,
      272280.8413609879
     ],
     [
      178982.64616142857,
      272284.1473070245
     ],
     [
      178980.34999004367,
      272289.40018076584
     ],
     [
      178977.0881944131,
      272303.1978444905
     ],
     [
      178971.8420181822,
      272315.02531991346
     ],
     [
      178962.85870347024,
      272324.442891493
     ],
     [
      178950.17395589437,
      272342.94411389384
     ],
     [
      178941.37591006656,
      272361.43636259256
     ],
     [
      178923.0688298857,
      272375.01369841263
     ],
     [
      178912.03493025058,
      272393.2227040521
     ]
    ]
   },
   "properties": {
    "osm_id": "1364660014",
    "osm_type": "way",
    "osm_version": "1",
    "osm_timestamp": "2025-03-05T02:52:45Z",
    "highway": "residential",
    "surface": "asphalt"
   }
  },
  {
   "type": "Feature",
   "geometry": {
    "type": "LineString",
    "coordinates": [
     [
      178154.6828333994,
      273533.0348028069
     ],
     [
      178168.83969319504,
      273536.32910498884
     ],
     [
      178204.81926580978,
      273555.602338561
     ],
     [
      178226.9058558618,
      273552.26556145144
     ],
     [
      178247.6595290056,
      273544.67182856356
     ],
     [
      178296.768034584,
      273537.9867640412
     ],
     [
      178308.6362967015,
      273537.9584644279
     ],
     [
      178337.2973978959,
      273525.7530672711
     ],
     [
      178354.10377657195,
      273523.08373311703
     ],
     [
      178368.93373543612,
      273521.7393449404
     ],
     [
      178382.77143874057,
      273517.43517122045
     ],
     [
      178400.23053714196,
      273509.1839601067
     ],
     [
      178431.8140509156,
      273482.8489365458
     ],
     [
      178442.63962469329,
      273458.53795525857
     ],
     [
      178457.40733178597,
      273426.99529395
     ],
     [
      178461.96584975848,
      273402.6991772418
     ],
     [
      178468.17963392515,
      273383.968463217
     ],
     [
      178476.0685286275,
      273371.47985740966
     ],
     [
      178478.46626364655,
      273366.98101311934
     ],
     [
      178507.25675499556,
      273362.88575393736
     ],
     [
      178515.66469949437,
      273357.69597684214
     ]
    ]
   },
   "properties": {
    "osm_id": "1364660020",
    "osm_type": "way",
    "osm_version": "1",
    "osm_timestamp": "2025-03-05T02:52:45Z",
    "highway": "unclassified",
    "surface": "asphalt"
   }
  },
  {
   "type": "Feature",
   "geometry": {
    "type": "LineString",
    "coordinates": [
     [
      178708.35188884387,
      273337.6395511745
     ],
     [
      178690.0542559069,
      273346.469029427
     ],
     [
      178670.58404653808,
      273349.31039654656
     ],
     [
      178662.90500031164,
      273350.26031596895
     ],
     [
      178533.60509695762,
      273363.7998553689
     ],
     [
      178506.16272204553,
      273367.03758919326
     ],
     [
      178482.5250600784,
      273370.5104821774
     ],
     [
      178476.0685286275,
      273371.47985740966
     ],
     [
      178459.60451165505,
      273368.61211970233
     ],
     [
      178444.042250254,
      273369.01508088026
     ],
     [
      178428.5808318925,
      273361.92920728226
     ]
    ]
   },
   "properties": {
    "osm_id": "1364660021",
    "osm_type": "way",
    "osm_version": "1",
    "osm_timestamp": "2025-03-05T02:52:45Z",
    "highway": "unclassified",
    "surface": "asphalt"
   }
  },
  {
   "type": "Feature",
   "geometry": {
    "type": "LineString",
    "coordinates": [
     [
      178670.58404653808,
      273349.31039654656
     ],
     [
      178707.4119114517,
      273559.7154385128
     ],
     [
      178711.04162113764,
      273590.47131848475
     ],
     [
      178721.12371402135,
      273657.5679907996
     ],
     [
      178738.78997005688,
      273765.28522526904
     ],
     [
      178745.01923276368,
      273784.2862318193
     ],
     [
      178811.21082919443,
      273902.14148765506
     ],
     [
      178841.28991705202,
      273950.73091573047
     ],
     [
      178848.61913693656,
      273964.3154383552
     ],
     [
      178853.72907833208,
      273984.6282475923
     ],
     [
      178859.26711217326,
      274032.15429106436
     ]
    ]
   },
   "properties": {
    "osm_id": "1364660022",
    "osm_type": "way",
    "osm_version": "1",
    "osm_timestamp": "2025-03-05T02:52:45Z",
    "highway": "track",
    "surface": "concrete",
    "tracktype": "grade1"
   }
  },
  {
   "type": "Feature",
   "geometry": {
    "type": "LineString",
    "coordinates": [
     [
      179485.31690500994,
      273356.6121569615
     ],
     [
      179477.95396702245,
      273364.2726944669
     ],
     [
      179408.2263796282,
      273411.18136886804
     ],
     [
      179390.61085623413,
      273423.34726090945
     ],
     [
      179385.89451085852,
      273423.3579438713
     ],
     [
      179371.69581794503,
      273409.53340410674
     ],
     [
      179367.71164966276,
      273406.56917823554
     ],
     [
      179360.254053908,
      273404.6113140304
     ],
     [
      179270.19179535395,
      273466.91054813744
     ],
     [
      179261.51892975607,
      273476.0830661264
     ],
     [
      179238.72066118458,
      273503.5933231385
     ],
     [
      179171.02084931365,
      273566.57478565024
     ],
     [
      179149.19758935578,
      273585.4295250745
     ],
     [
      179134.3381524428,
      273605.74388202187
     ],
     [
      179119.20520476563,
      273618.1486891248
     ],
     [
      179075.06548572503,
      273655.3603688528
     ],
     [
      179067.8890151434,
      273668.4791901557
     ],
     [
      179062.46290900256,
      273685.06649145234
     ],
     [
      179028.50757896862,
      273723.7416050811
     ],
     [
      179016.8550893623,
      273738.11334326514
     ],
     [
      178992.12781093712,
      273786.89637854457
     ],
     [
      178979.75486661802,
      273809.19113015913
     ],
     [
      178973.82329075673,
      273824.0489530177
     ],
     [
      178973.40532433803,
      273832.6590633499
     ]
    ]
   },
   "properties": {
    "osm_id": "1364660023",
    "osm_type": "way",
    "osm_version": "1",
    "osm_timestamp": "2025-03-05T02:52:45Z",
    "highway": "track",
    "surface": "concrete",
    "tracktype": "grade1"
   }
  },
  {
   "type": "Feature",
   "geometry": {
    "type": "LineString",
    "coordinates": [
     [
      179030.48415595826,
      274197.3953851528
     ],
     [
      179034.5366107557,
      274194.4682537376
     ],
     [
      179155.49485987102,
      273909.18984653265
     ],
     [
      179280.1025262373,
      273612.74409263366
     ],
     [
      179367.71164966276,
      273406.56917823554
     ]
    ]
   },
   "properties": {
    "osm_id": "1364660024",
    "osm_type": "way",
    "osm_version": "2",
    "osm_timestamp": "2025-03-06T23:23:59Z",
    "highway": "track",
    "surface": "concrete",
    "tracktype": "grade1"
   }
  },
  {
   "type": "Feature",
   "geometry": {
    "type": "LineString",
    "coordinates": [
     [
      179214.60516142478,
      274304.09905413474
     ],
     [
      179209.782835607,
      274309.4242262388
     ],
     [
      179182.36485122028,
      274306.225214379
     ],
     [
      179167.6619604795,
      274306.7803026932
     ]
    ]
   },
   "properties": {
    "osm_id": "1365098075",
    "osm_type": "way",
    "osm_version": "1",
    "osm_timestamp": "2025-03-06T23:23:59Z",
    "highway": "track",
    "surface": "concrete",
    "tracktype": "grade1"
   }
  },
  {
   "type": "Feature",
   "geometry": {
    "type": "LineString",
    "coordinates": [
     [
      178976.78703057027,
      274202.6004888703
     ],
     [
      179024.17298426296,
      274209.7467562518
     ],
     [
      179026.26177616484,
      274205.7480052698
     ]
    ]
   },
   "properties": {
    "osm_id": "1365098077",
    "osm_type": "way",
    "osm_version": "1",
    "osm_timestamp": "2025-03-06T23:23:59Z",
    "highway": "track",
    "surface": "concrete",
    "tracktype": "grade1"
   }
  },
  {
   "type": "Feature",
   "geometry": {
    "type": "LineString",
    "coordinates": [
     [
      179026.26177616484,
      274205.7480052698
     ],
     [
      179030.48415595826,
      274197.3953851528
     ]
    ]
   },
   "properties": {
    "osm_id": "1365098078",
    "osm_type": "way",
    "osm_version": "1",
    "osm_timestamp": "2025-03-06T23:23:59Z",
    "bridge": "yes",
    "highway": "track",
    "layer": "1",
    "surface": "concrete",
    "tracktype": "grade1"
   }
  },
  {
   "type": "Feature",
   "geometry": {
    "type": "LineString",
    "coordinates": [
     [
      175225.7549594221,
      270751.05120598
     ],
     [
      175227.48286792572,
      270748.88312886044
     ],
     [
      175238.27774460107,
      270735.3298934135
     ],
     [
      175246.98098185967,
      270731.1237069683
     ],
     [
      175254.408930621,
      270731.1035227569
     ]
    ]
   },
   "properties": {
    "osm_id": "1378641535",
    "osm_type": "way",
    "osm_version": "2",
    "osm_timestamp": "2026-09-09T08:48:05Z",
    "highway": "unclassified",
    "name": "죽림길",
    "name:en": "Jungnim-gil",
    "name:ko": "죽림길"
   }
  },
  {
   "type": "Feature",
   "geometry": {
    "type": "LineString",
    "coordinates": [
     [
      176716.37374851672,
      272953.81953975424
     ],
     [
      176702.00566113993,
      272939.85534781904
     ],
     [
      176678.76287622273,
      272905.3562440334
     ],
     [
      176672.4563839001,
      272893.73452346073
     ]
    ]
   },
   "properties": {
    "osm_id": "1378644343",
    "osm_type": "way",
    "osm_version": "1",
    "osm_timestamp": "2025-04-18T12:58:49Z",
    "highway": "track",
    "surface": "concrete",
    "tracktype": "grade1"
   }
  },
  {
   "type": "Feature",
   "geometry": {
    "type": "LineString",
    "coordinates": [
     [
      176814.90457026547,
      273495.17905253835
     ],
     [
      176810.77895442242,
      273505.0412790679
     ]
    ]
   },
   "properties": {
    "osm_id": "1378644346",
    "osm_type": "way",
    "osm_version": "1",
    "osm_timestamp": "2025-04-18T12:58:49Z",
    "highway": "track",
    "surface": "concrete",
    "tracktype": "grade1"
   }
  },
  {
   "type": "Feature",
   "geometry": {
    "type": "LineString",
    "coordinates": [
     [
      176603.02566059495,
      273527.4510000146
     ],
     [
      176608.0143006562,
      273509.17699855
     ],
     [
      176598.51047692244,
      273470.87071799405
     ],
     [
      176598.4472671167,
      273453.38630533137
     ],
     [
      176601.54567189375,
      273437.924014973
     ],
     [
      176613.0239106792,
      273424.51481451927
     ],
     [
      176624.35116963377,
      273419.7928323593
     ],
     [
      176636.04851892596,
      273420.63923900557
     ],
     [
      176642.21005020046,
      273422.11005365034
     ],
     [
      176655.4916126688,
      273428.8545718962
     ],
     [
      176717.7035521836,
      273470.0213498206
     ],
     [
      176758.61899091196,
      273506.05080095195
     ],
     [
      176796.05064314924,
      273542.5996552335
     ],
     [
      176808.48404339748,
      273560.2855119931
     ],
     [
      176840.39477466242,
      273596.271719204
     ],
     [
      176898.62683573787,
      273691.12395798485
     ],
     [
      176950.72187259005,
      273780.1343406457
     ],
     [
      176951.1473336488,
      273789.6410570689
     ]
    ]
   },
   "properties": {
    "osm_id": "1378644347",
    "osm_type": "way",
    "osm_version": "1",
    "osm_timestamp": "2025-04-18T12:58:49Z",
    "highway": "track",
    "surface": "concrete",
    "tracktype": "grade1"
   }
  },
  {
   "type": "Feature",
   "geometry": {
    "type": "LineString",
    "coordinates": [
     [
      176579.09224842174,
      273380.1473333907
     ],
     [
      176597.1573543929,
      273352.65362701454
     ]
    ]
   },
   "properties": {
    "osm_id": "1378644348",
    "osm_type": "way",
    "osm_version": "1",
    "osm_timestamp": "2025-04-18T12:58:49Z",
    "highway": "track",
    "layer": "-1",
    "surface": "concrete",
    "tracktype": "grade1",
    "tunnel": "yes"
   }
  },
  {
   "type": "Feature",
   "geometry": {
    "type": "LineString",
    "coordinates": [
     [
      176601.53923289303,
      273520.56527759106
     ],
     [
      176594.55417321716,
      273518.0981242495
     ],
     [
      176580.86112625382,
      273461.31957715895
     ],
     [
      176576.80438405744,
      273430.5101267113
     ],
     [
      176579.09224842174,
      273380.1473333907
     ]
    ]
   },
   "properties": {
    "osm_id": "1378644349",
    "osm_type": "way",
    "osm_version": "1",
    "osm_timestamp": "2025-04-18T12:58:49Z",
    "highway": "track",
    "surface": "concrete",
    "tracktype": "grade1"
   }
  },
  {
   "type": "Feature",
   "geometry": {
    "type": "LineString",
    "coordinates": [
     [
      176470.05309093342,
      273416.8955053764
     ],
     [
      176484.4846717471,
      273416.7472572549
     ],
     [
      176614.22062034823,
      273631.0316597734
     ],
     [
      176623.94633197843,
      273638.61734225665
     ],
     [
      176632.7591458033,
      273642.4000426806
     ]
    ]
   },
   "properties": {
    "osm_id": "1378644350",
    "osm_type": "way",
    "osm_version": "1",
    "osm_timestamp": "2025-04-18T12:58:49Z",
    "highway": "track",
    "surface": "concrete",
    "tracktype": "grade1"
   }
  },
  {
   "type": "Feature",
   "geometry": {
    "type": "LineString",
    "coordinates": [
     [
      176505.81966135118,
      272973.953112368
     ],
     [
      176510.86996080616,
      272972.45344491745
     ]
    ]
   },
   "properties": {
    "osm_id": "1378644351",
    "osm_type": "way",
    "osm_version": "1",
    "osm_timestamp": "2025-04-18T12:58:49Z",
    "highway": "unclassified",
    "source": "digitalglobe"
   }
  },
  {
   "type": "Feature",
   "geometry": {
    "type": "LineString",
    "coordinates": [
     [
      176404.3494471029,
      272997.1807535193
     ],
     [
      176412.1166942275,
      272995.0305198244
     ]
    ]
   },
   "properties": {
    "osm_id": "1378644352",
    "osm_type": "way",
    "osm_version": "1",
    "osm_timestamp": "2025-04-18T12:58:49Z",
    "highway": "unclassified",
    "source": "digitalglobe"
   }
  },
  {
   "type": "Feature",
   "geometry": {
    "type": "LineString",
    "coordinates": [
     [
      176799.86903312503,
      273533.9031031814
     ],
     [
      176796.05064314924,
      273542.5996552335
     ]
    ]
   },
   "properties": {
    "osm_id": "1378644353",
    "osm_type": "way",
    "osm_version": "1",
    "osm_timestamp": "2025-04-18T12:58:49Z",
    "highway": "track",
    "surface": "concrete",
    "tracktype": "grade1"
   }
  },
  {
   "type": "Feature",
   "geometry": {
    "type": "LineString",
    "coordinates": [
     [
      176810.77895442242,
      273505.0412790679
     ],
     [
      176799.86903312503,
      273533.9031031814
     ]
    ]
   },
   "properties": {
    "osm_id": "1378644354",
    "osm_type": "way",
    "osm_version": "1",
    "osm_timestamp": "2025-04-18T12:58:49Z",
    "highway": "track",
    "layer": "-1",
    "surface": "concrete",
    "tracktype": "grade1",
    "tunnel": "yes"
   }
  },
  {
   "type": "Feature",
   "geometry": {
    "type": "LineString",
    "coordinates": [
     [
      177432.91204344016,
      273639.53719683806
     ],
     [
      177439.31314953382,
      273634.72859932407
     ],
     [
      177448.91168121714,
      273639.13141855027
     ],
     [
      177494.70460429476,
      273668.0739300781
     ],
     [
      177508.9870560903,
      273674.18484013615
     ]
    ]
   },
   "properties": {
    "osm_id": "1378644355",
    "osm_type": "way",
    "osm_version": "1",
    "osm_timestamp": "2025-04-18T12:58:49Z",
    "highway": "track",
    "surface": "concrete",
    "tracktype": "grade1"
   }
  },
  {
   "type": "Feature",
   "geometry": {
    "type": "LineString",
    "coordinates": [
     [
      177400.37772963548,
      273571.8430586162
     ],
     [
      177417.66245980372,
      273600.3235085923
     ],
     [
      177434.93856537493,
      273629.048087096
     ],
     [
      177439.31314953382,
      273634.72859932407
     ]
    ]
   },
   "properties": {
    "osm_id": "1378644356",
    "osm_type": "way",
    "osm_version": "1",
    "osm_timestamp": "2025-04-18T12:58:49Z",
    "highway": "track",
    "surface": "concrete",
    "tracktype": "grade1"
   }
  },
  {
   "type": "Feature",
   "geometry": {
    "type": "LineString",
    "coordinates": [
     [
      176737.96943601326,
      274196.15660906455
     ],
     [
      176609.36271096562,
      274239.4545351277
     ]
    ]
   },
   "properties": {
    "osm_id": "1378877646",
    "osm_type": "way",
    "osm_version": "1",
    "osm_timestamp": "2025-04-19T11:02:48Z",
    "highway": "track",
    "surface": "concrete",
    "tracktype": "grade1"
   }
  },
  {
   "type": "Feature",
   "geometry": {
    "type": "LineString",
    "coordinates": [
     [
      176528.19922463805,
      274286.2374016002
     ],
     [
      176460.1064391062,
      274311.28674044256
     ]
    ]
   },
   "properties": {
    "osm_id": "1378877647",
    "osm_type": "way",
    "osm_version": "1",
    "osm_timestamp": "2025-04-19T11:02:48Z",
    "highway": "track",
    "surface": "concrete",
    "tracktype": "grade1"
   }
  },
  {
   "type": "Feature",
   "geometry": {
    "type": "LineString",
    "coordinates": [
     [
      176299.2754134107,
      273930.7708837988
     ],
     [
      176296.09352424665,
      273938.4342293254
     ],
     [
      176296.80593188337,
      273963.2835707493
     ],
     [
      176294.3207275679,
      273993.25570971164
     ],
     [
      176295.6451503451,
      274011.42469846644
     ],
     [
      176283.50637174412,
      274022.927825179
     ],
     [
      176268.49670534872,
      274035.39256529335
     ],
     [
      176253.52373970574,
      274065.3973022813
     ],
     [
      176213.66429498472,
      274126.05405086227
     ],
     [
      176170.88620171914,
      274172.70654044417
     ],
     [
      176134.7819880864,
      274204.0316068728
     ],
     [
      176080.44789077798,
      274237.00231170654
     ],
     [
      176070.26230402675,
      274245.2499685297
     ]
    ]
   },
   "properties": {
    "osm_id": "1378877648",
    "osm_type": "way",
    "osm_version": "1",
    "osm_timestamp": "2025-04-19T11:02:48Z",
    "highway": "track",
    "surface": "concrete",
    "tracktype": "grade1"
   }
  },
  {
   "type": "Feature",
   "geometry": {
    "type": "LineString",
    "coordinates": [
     [
      176085.1898456692,
      274094.20633027446
     ],
     [
      176044.1329944505,
      274063.3945637241
     ],
     [
      175874.11458522908,
      273941.77336839226
     ],
     [
      175700.8610792404,
      273819.67582629545
     ],
     [
      175550.1144399288,
      273710.26839797996
     ],
     [
      175534.06976820648,
      273697.2535493735
     ],
     [
      175517.0896873036,
      273675.6431728496
     ]
    ]
   },
   "properties": {
    "osm_id": "1378877649",
    "osm_type": "way",
    "osm_version": "1",
    "osm_timestamp": "2025-04-19T11:02:48Z",
    "highway": "track",
    "surface": "concrete",
    "tracktype": "grade1"
   }
  },
  {
   "type": "Feature",
   "geometry": {
    "type": "LineString",
    "coordinates": [
     [
      176115.32330371864,
      273605.65691000916
     ],
     [
      176101.51318110334,
      273620.0158876065
     ],
     [
      176019.75613532038,
      273736.9317462806
     ],
     [
      175874.11458522908,
      273941.77336839226
     ],
     [
      175698.33069850376,
      274190.5980256853
     ],
     [
      175559.15078870676,
      274387.93903349986
     ]
    ]
   },
   "properties": {
    "osm_id": "1378877650",
    "osm_type": "way",
    "osm_version": "1",
    "osm_timestamp": "2025-04-19T11:02:48Z",
    "highway": "track",
    "surface": "concrete",
    "tracktype": "grade1"
   }
  },
  {
   "type": "Feature",
   "geometry": {
    "type": "LineString",
    "coordinates": [
     [
      175525.6066386336,
      274067.7812514578
     ],
     [
      175698.33069850376,
      274190.5980256853
     ],
     [
      175799.776612859,
      274263.3391503593
     ]
    ]
   },
   "properties": {
    "osm_id": "1378877651",
    "osm_type": "way",
    "osm_version": "1",
    "osm_timestamp": "2025-04-19T11:02:48Z",
    "highway": "track",
    "surface": "concrete",
    "tracktype": "grade1"
   }
  },
  {
   "type": "Feature",
   "geometry": {
    "type": "LineString",
    "coordinates": [
     [
      175951.1604611335,
      274190.5141594351
     ],
     [
      176044.1329944505,
      274063.3945637241
     ],
     [
      176183.00968028922,
      273869.75638537697
     ],
     [
      176187.79288998325,
      273864.00812060054
     ],
     [
      176189.0699312093,
      273860.4989846437
     ],
     [
      176187.45027161212,
      273855.089212866
     ],
     [
      176019.75613532038,
      273736.9317462806
     ],
     [
      175846.29733407882,
      273613.8113235686
     ],
     [
      175773.32679933068,
      273562.29485995125
     ],
     [
      175769.4830829943,
      273564.53504548233
     ],
     [
      175761.8363807075,
      273574.0299291348
     ],
     [
      175757.9337621227,
      273581.55115557305
     ],
     [
      175746.60591998097,
      273596.0815711284
     ],
     [
      175740.9383005045,
      273601.9544616099
     ],
     [
      175729.80138654244,
      273609.3840478374
     ],
     [
      175711.57070461486,
      273628.3595425429
     ],
     [
      175706.55436723537,
      273632.14499101916
     ],
     [
      175695.34900455136,
      273634.4159603833
     ],
     [
      175661.90097408238,
      273635.83667926706
     ],
     [
      175657.33021151496,
      273635.6713976308
     ],
     [
      175646.4581579231,
      273629.5431614038
     ],
     [
      175635.96316285434,
      273627.96258558845
     ],
     [
      175611.58055547043,
      273631.95528293954
     ],
     [
      175601.99581770526,
      273636.4408810487
     ],
     [
      175583.4306844245,
      273636.0469084235
     ],
     [
      175562.6985261575,
      273630.38900726376
     ],
     [
      175551.47933528185,
      273624.1064962898
     ]
    ]
   },
   "properties": {
    "osm_id": "1378877652",
    "osm_type": "way",
    "osm_version": "1",
    "osm_timestamp": "2025-04-19T11:02:48Z",
    "highway": "track",
    "surface": "concrete",
    "tracktype": "grade1"
   }
  },
  {
   "type": "Feature",
   "geometry": {
    "type": "LineString",
    "coordinates": [
     [
      176329.84845931848,
      273908.11442527873
     ],
     [
      176326.44082358602,
      273909.66539667617
     ]
    ]
   },
   "properties": {
    "osm_id": "1378877707",
    "osm_type": "way",
    "osm_version": "1",
    "osm_timestamp": "2025-04-19T11:02:48Z",
    "highway": "track",
    "surface": "concrete",
    "tracktype": "grade1"
   }
  },
  {
   "type": "Feature",
   "geometry": {
    "type": "LineString",
    "coordinates": [
     [
      176326.44082358602,
      273909.66539667617
     ],
     [
      176299.2754134107,
      273930.7708837988
     ]
    ]
   },
   "properties": {
    "osm_id": "1378877708",
    "osm_type": "way",
    "osm_version": "1",
    "osm_timestamp": "2025-04-19T11:02:48Z",
    "bridge": "yes",
    "highway": "track",
    "layer": "1",
    "surface": "concrete",
    "tracktype": "grade1"
   }
  },
  {
   "type": "Feature",
   "geometry": {
    "type": "LineString",
    "coordinates": [
     [
      177491.95010794917,
      274505.2214996023
     ],
     [
      177484.54331705504,
      274512.5398678116
     ],
     [
      177481.46152963734,
      274516.7411352655
     ],
     [
      177480.9091561612,
      274522.0566642073
     ],
     [
      177483.45380793375,
      274529.32821464096
     ],
     [
      177501.81674133803,
      274566.7703616839
     ],
     [
      177490.93274989564,
      274584.3484448921
     ],
     [
      177480.55349380427,
      274606.82896596455
     ],
     [
      177488.1660129514,
      274616.3290187048
     ],
     [
      177506.48101831376,
      274634.46724176843
     ],
     [
      177519.99703140775,
      274644.78479571076
     ],
     [
      177530.12845888332,
      274651.1944475068
     ],
     [
      177552.06841090476,
      274663.53259151615
     ],
     [
      177570.6104550746,
      274673.9598551469
     ],
     [
      177594.01174924872,
      274687.1265678948
     ]
    ]
   },
   "properties": {
    "osm_id": "1424994282",
    "osm_type": "way",
    "osm_version": "1",
    "osm_timestamp": "2025-08-26T12:16:37Z",
    "highway": "service"
   }
  },
  {
   "type": "Feature",
   "geometry": {
    "type": "LineString",
    "coordinates": [
     [
      177570.6104550746,
      274673.9598551469
     ],
     [
      177601.69395058104,
      274613.87427912425
     ]
    ]
   },
   "properties": {
    "osm_id": "1424994283",
    "osm_type": "way",
    "osm_version": "1",
    "osm_timestamp": "2025-08-26T12:16:37Z",
    "highway": "service"
   }
  },
  {
   "type": "Feature",
   "geometry": {
    "type": "LineString",
    "coordinates": [
     [
      177552.06841090476,
      274663.53259151615
     ],
     [
      177585.68954231884,
      274600.5450910016
     ]
    ]
   },
   "properties": {
    "osm_id": "1424994284",
    "osm_type": "way",
    "osm_version": "1",
    "osm_timestamp": "2025-08-26T12:16:37Z",
    "highway": "service"
   }
  },
  {
   "type": "Feature",
   "geometry": {
    "type": "LineString",
    "coordinates": [
     [
      175286.7788322839,
      273756.74377636623
     ],
     [
      175303.7244365096,
      273752.0603522513
     ],
     [
      175315.0051774659,
      273764.21127204754
     ],
     [
      175323.11188238123,
      273773.19784639217
     ],
     [
      175331.20614042197,
      273780.96408965765
     ],
     [
      175343.48060228457,
      273796.2853178254
     ],
     [
      175353.79108475335,
      273810.6244904333
     ],
     [
      175354.78880891576,
      273815.24810742354
     ],
     [
      175355.28349174088,
      273819.38493826025
     ],
     [
      175354.56495900685,
      273823.5361496261
     ],
     [
      175347.0340732475,
      273845.23479835957
     ]
    ]
   },
   "properties": {
    "osm_id": "1424994285",
    "osm_type": "way",
    "osm_version": "1",
    "osm_timestamp": "2025-08-26T12:16:37Z",
    "highway": "service"
   }
  },
  {
   "type": "Feature",
   "geometry": {
    "type": "LineString",
    "coordinates": [
     [
      176436.0942135701,
      273633.55474461045
     ],
     [
      176306.97650521173,
      273679.3322054656
     ]
    ]
   },
   "properties": {
    "osm_id": "1427957672",
    "osm_type": "way",
    "osm_version": "1",
    "osm_timestamp": "2025-09-08T12:45:42Z",
    "highway": "track",
    "tracktype": "grade1"
   }
  },
  {
   "type": "Feature",
   "geometry": {
    "type": "LineString",
    "coordinates": [
     [
      177513.8359904287,
      274218.75743995485
     ],
     [
      177482.37686236488,
      274252.7060842383
     ]
    ]
   },
   "properties": {
    "osm_id": "1427957673",
    "osm_type": "way",
    "osm_version": "1",
    "osm_timestamp": "2025-09-08T12:45:42Z",
    "highway": "service"
   }
  },
  {
   "type": "Feature",
   "geometry": {
    "type": "LineString",
    "coordinates": [
     [
      177447.69128972292,
      274221.39519657113
     ],
     [
      177438.75069317076,
      274235.6069469172
     ],
     [
      177414.6863788692,
      274238.8507163027
     ],
     [
      177412.7839850213,
      274244.15850480046
     ],
     [
      177398.30711378588,
      274247.57821553666
     ],
     [
      177355.9894316686,
      274272.50135420973
     ]
    ]
   },
   "properties": {
    "osm_id": "1427957674",
    "osm_type": "way",
    "osm_version": "1",
    "osm_timestamp": "2025-09-08T12:45:42Z",
    "highway": "service",
    "service": "parking_aisle"
   }
  },
  {
   "type": "Feature",
   "geometry": {
    "type": "LineString",
    "coordinates": [
     [
      175761.8363807075,
      273574.0299291348
     ],
     [
      175750.6851675376,
      273569.2669094041
     ],
     [
      175745.51323854143,
      273548.9226837241
     ],
     [
      175744.00425221788,
      273540.6614650589
     ],
     [
      175744.61342675172,
      273529.6321238428
     ],
     [
      175742.04332143607,
      273523.70353368367
     ],
     [
      175737.77861481876,
      273522.0174785586
     ],
     [
      175711.3271748164,
      273509.78448559716
     ],
     [
      175696.8282684832,
      273505.16359925526
     ],
     [
      175680.84291896844,
      273500.7464055374
     ],
     [
      175676.1574296278,
      273498.6399209941
     ],
     [
      175670.82198837708,
      273495.6920110724
     ],
     [
      175664.63471185992,
      273491.4594454847
     ],
     [
      175657.50567731785,
      273486.43061497546
     ]
    ]
   },
   "properties": {
    "osm_id": "1427957675",
    "osm_type": "way",
    "osm_version": "1",
    "osm_timestamp": "2025-09-08T12:45:42Z",
    "highway": "service"
   }
  },
  {
   "type": "Feature",
   "geometry": {
    "type": "LineString",
    "coordinates": [
     [
      178035.9097970943,
      274176.07816768595
     ],
     [
      178009.03081820605,
      274203.7567463278
     ],
     [
      177963.1804049057,
      274250.9628874455
     ],
     [
      177934.0633731297,
      274280.88815913786
     ]
    ]
   },
   "properties": {
    "osm_id": "1431963648",
    "osm_type": "way",
    "osm_version": "1",
    "osm_timestamp": "2025-09-22T11:50:45Z",
    "highway": "service",
    "service": "parking_aisle"
   }
  },
  {
   "type": "Feature",
   "geometry": {
    "type": "LineString",
    "coordinates": [
     [
      177934.0633731297,
      274280.88815913786
     ],
     [
      177895.77555913135,
      274320.5654853852
     ],
     [
      177908.10024003743,
      274332.36204485205
     ],
     [
      177946.3971789145,
      274292.684747687
     ],
     [
      177934.0633731297,
      274280.88815913786
     ]
    ]
   },
   "properties": {
    "osm_id": "1431963649",
    "osm_type": "way",
    "osm_version": "1",
    "osm_timestamp": "2025-09-22T11:50:45Z",
    "highway": "service",
    "service": "parking_aisle"
   }
  },
  {
   "type": "Feature",
   "geometry": {
    "type": "LineString",
    "coordinates": [
     [
      175481.56394980522,
      272909.2016295594
     ],
     [
      175489.08553426285,
      272910.7345684668
     ]
    ]
   },
   "properties": {
    "osm_id": "1443233731",
    "osm_type": "way",
    "osm_version": "2",
    "osm_timestamp": "2025-11-20T11:59:50Z",
    "highway": "primary",
    "name": "건재로",
    "name:en": "Geonjae-ro",
    "name:ko": "건재로",
    "ref": "13"
   }
  },
  {
   "type": "Feature",
   "geometry": {
    "type": "LineString",
    "coordinates": [
     [
      175489.08553426285,
      272910.7345684668
     ],
     [
      175496.70749963197,
      272912.27833759214
     ],
     [
      175532.0786125372,
      272919.35007884144
     ],
     [
      175595.29006095498,
      272931.98315316444
     ],
     [
      175656.73653816577,
      272946.51850685
     ],
     [
      175727.6554558553,
      272962.13843399694
     ],
     [
      175821.20975081506,
      272981.6926871904
     ]
    ]
   },
   "properties": {
    "osm_id": "1443233732",
    "osm_type": "way",
    "osm_version": "2",
    "osm_timestamp": "2025-11-20T11:59:50Z",
    "highway": "primary",
    "name": "건재로",
    "name:en": "Geonjae-ro",
    "name:ko": "건재로",
    "ref": "13"
   }
  },
  {
   "type": "Feature",
   "geometry": {
    "type": "LineString",
    "coordinates": [
     [
      176078.11362478294,
      273047.191126465
     ],
     [
      176086.38149742896,
      273051.5960123467
     ],
     [
      176114.44178789068,
      273068.21920267085
     ]
    ]
   },
   "properties": {
    "osm_id": "1443233733",
    "osm_type": "way",
    "osm_version": "2",
    "osm_timestamp": "2025-11-20T11:59:50Z",
    "highway": "primary",
    "name": "건재로",
    "name:en": "Geonjae-ro",
    "name:ko": "건재로",
    "ref": "13"
   }
  },
  {
   "type": "Feature",
   "geometry": {
    "type": "LineString",
    "coordinates": [
     [
      176114.44178789068,
      273068.21920267085
     ],
     [
      176152.19664321694,
      273090.6526570786
     ],
     [
      176213.66161936548,
      273126.9919536954
     ],
     [
      176374.41023966513,
      273233.62184684945
     ]
    ]
   },
   "properties": {
    "osm_id": "1443233734",
    "osm_type": "way",
    "osm_version": "2",
    "osm_timestamp": "2025-11-20T11:59:50Z",
    "highway": "primary",
    "name": "건재로",
    "name:en": "Geonjae-ro",
    "name:ko": "건재로",
    "ref": "13"
   }
  },
  {
   "type": "Feature",
   "geometry": {
    "type": "LineString",
    "coordinates": [
     [
      176083.56280102892,
      273041.29684084724
     ],
     [
      176091.4214273094,
      273046.190954718
     ],
     [
      176099.01970529358,
      273052.6944284568
     ],
     [
      176114.44178789068,
      273068.21920267085
     ]
    ]
   },
   "properties": {
    "osm_id": "1443233735",
    "osm_type": "way",
    "osm_version": "1",
    "osm_timestamp": "2025-10-19T14:37:09Z",
    "highway": "primary_link",
    "oneway": "yes"
   }
  },
  {
   "type": "Feature",
   "geometry": {
    "type": "LineString",
    "coordinates": [
     [
      177054.0378272853,
      273876.8038850513
     ],
     [
      177108.03209126092,
      273942.19066783396
     ]
    ]
   },
   "properties": {
    "osm_id": "1443233736",
    "osm_type": "way",
    "osm_version": "2",
    "osm_timestamp": "2025-11-20T11:59:50Z",
    "highway": "primary",
    "name": "건재로",
    "name:en": "Geonjae-ro",
    "name:ko": "건재로",
    "ref": "13",
    "surface": "asphalt"
   }
  },
  {
   "type": "Feature",
   "geometry": {
    "type": "LineString",
    "coordinates": [
     [
      176583.80744618573,
      273361.95168660354
     ],
     [
      176616.56345383218,
      273381.90371204796
     ],
     [
      176637.02103989938,
      273394.3655051543
     ],
     [
      176746.61938296282,
      273468.9822098534
     ],
     [
      176789.3211454712,
      273507.969404197
     ],
     [
      176843.30172351186,
      273569.95979880425
     ],
     [
      176904.93053783302,
      273662.4403508955
     ],
     [
      176948.7930802755,
      273731.74599866255
     ],
     [
      176986.41782239388,
      273791.2048244751
     ],
     [
      177001.6098359803,
      273810.636864656
     ],
     [
      177041.1728193426,
      273861.2377872204
     ],
     [
      177048.383085246,
      273869.9618853128
     ],
     [
      177054.0378272853,
      273876.8038850513
     ]
    ]
   },
   "properties": {
    "osm_id": "1443233737",
    "osm_type": "way",
    "osm_version": "2",
    "osm_timestamp": "2025-11-20T11:59:50Z",
    "highway": "primary",
    "name": "건재로",
    "name:en": "Geonjae-ro",
    "name:ko": "건재로",
    "ref": "13",
    "surface": "asphalt"
   }
  },
  {
   "type": "Feature",
   "geometry": {
    "type": "LineString",
    "coordinates": [
     [
      177360.98576519694,
      274487.7956436918
     ],
     [
      177367.09358426052,
      274512.0103602518
     ]
    ]
   },
   "properties": {
    "osm_id": "1443233738",
    "osm_type": "way",
    "osm_version": "2",
    "osm_timestamp": "2025-11-20T11:59:50Z",
    "highway": "primary",
    "name": "건재로",
    "name:en": "Geonjae-ro",
    "name:ko": "건재로",
    "ref": "13",
    "surface": "asphalt"
   }
  },
  {
   "type": "Feature",
   "geometry": {
    "type": "LineString",
    "coordinates": [
     [
      177367.09358426052,
      274512.0103602518
     ],
     [
      177382.10055023836,
      274571.54933963553
     ],
     [
      177386.29393580978,
      274585.22926107555
     ],
     [
      177390.79082307944,
      274599.9180101895
     ],
     [
      177409.46820114015,
      274642.6733577341
     ],
     [
      177419.35272533988,
      274663.49497707677
     ],
     [
      177423.81539090685,
      274671.7824254813
     ],
     [
      177434.80749838322,
      274690.5266815478
     ],
     [
      177443.78339535207,
      274705.44842195156
     ],
     [
      177456.05664796286,
      274722.225838354
     ],
     [
      177568.95724000057,
      274865.37365216523
     ],
     [
      177580.01925678214,
      274879.3917460472
     ],
     [
      177663.0140511816,
      274984.05075296026
     ],
     [
      177674.68859923488,
      274998.7663981799
     ],
     [
      177728.9119823581,
      275065.39888999466
     ],
     [
      177774.09598265222,
      275120.91512498335
     ],
     [
      177789.19498000253,
      275137.4642014663
     ],
     [
      177807.24362188374,
      275155.5149281861
     ],
     [
      177819.08931015135,
      275165.7926253217
     ],
     [
      177838.86759230032,
      275182.530070047
     ],
     [
      177873.8348539724,
      275207.9617975579
     ],
     [
      177930.4583499874,
      275249.9603263331
     ]
    ]
   },
   "properties": {
    "osm_id": "1443233739",
    "osm_type": "way",
    "osm_version": "2",
    "osm_timestamp": "2025-11-20T11:59:50Z",
    "highway": "primary",
    "name": "건재로",
    "name:en": "Geonjae-ro",
    "name:ko": "건재로",
    "ref": "13",
    "surface": "asphalt"
   }
  },
  {
   "type": "Feature",
   "geometry": {
    "type": "LineString",
    "coordinates": [
     [
      176546.8722035814,
      271333.76169871015
     ],
     [
      176543.00012579706,
      271321.8897424257
     ],
     [
      176542.13841598752,
      271316.7997066242
     ],
     [
      176541.47839849387,
      271308.5361991202
     ],
     [
      176541.45324829902,
      271298.77333406755
     ],
     [
      176541.62324736806,
      271283.296433779
     ],
     [
      176539.4857060687,
      271278.8420567749
     ],
     [
      176401.50435696615,
      271315.2548630511
     ],
     [
      176341.68851553684,
      271331.53000326245
     ]
    ]
   },
   "properties": {
    "osm_id": "1454909640",
    "osm_type": "way",
    "osm_version": "1",
    "osm_timestamp": "2025-11-30T13:53:22Z",
    "highway": "track",
    "tracktype": "grade1"
   }
  },
  {
   "type": "Feature",
   "geometry": {
    "type": "LineString",
    "coordinates": [
     [
      177865.70911743614,
      271577.86178605654
     ],
     [
      177879.9100837329,
      271564.21465502214
     ],
     [
      177897.74894870742,
      271541.8941218911
     ],
     [
      177906.45003400874,
      271532.86449083197
     ],
     [
      177915.7922149552,
      271524.8096056133
     ],
     [
      177923.52770354177,
      271516.4257986201
     ],
     [
      177928.35744639504,
      271513.851323206
     ],
     [
      177937.08119611806,
      271514.1519138554
     ],
     [
      177947.08214149074,
      271510.5886278261
     ],
     [
      177957.72547895202,
      271504.77166933374
     ],
     [
      177966.75304877982,
      271498.64799463993
     ],
     [
      177973.853999457,
      271495.7352212677
     ],
     [
      177987.73521108786,
      271493.1277927031
     ]
    ]
   },
   "properties": {
    "osm_id": "1479141420",
    "osm_type": "way",
    "osm_version": "2",
    "osm_timestamp": "2026-03-02T07:05:17Z",
    "highway": "service",
    "name": "촌곡본촌길",
    "name:en": "Chongokbonchon-gil",
    "source": "maxar",
    "tracktype": "grade1"
   }
  },
  {
   "type": "Feature",
   "geometry": {
    "type": "LineString",
    "coordinates": [
     [
      177906.22076031394,
      271660.2379098325
     ],
     [
      177919.66887818405,
      271682.32718578255
     ],
     [
      177940.10016744336,
      271694.41475115326
     ],
     [
      177952.5354944857,
      271705.2569782668
     ],
     [
      177954.92825162754,
      271706.1609116051
     ],
     [
      177957.89478871715,
      271706.6307814426
     ],
     [
      177960.21157004646,
      271706.30344033544
     ],
     [
      177962.59082500555,
      271705.3990485469
     ],
     [
      177964.24781442294,
      271703.8973168506
     ],
     [
      177974.00767970335,
      271695.0537870772
     ],
     [
      177985.17919344758,
      271688.8916587443
     ]
    ]
   },
   "properties": {
    "osm_id": "1479141421",
    "osm_type": "way",
    "osm_version": "2",
    "osm_timestamp": "2026-03-02T07:05:17Z",
    "highway": "service",
    "name": "촌곡본촌길",
    "name:en": "Chongokbonchon-gil"
   }
  },
  {
   "type": "Feature",
   "geometry": {
    "type": "LineString",
    "coordinates": [
     [
      177919.66887818405,
      271682.32718578255
     ],
     [
      177905.89785220203,
      271703.8944967716
     ]
    ]
   },
   "properties": {
    "osm_id": "1479141422",
    "osm_type": "way",
    "osm_version": "1",
    "osm_timestamp": "2026-02-16T08:28:03Z",
    "highway": "service"
   }
  },
  {
   "type": "Feature",
   "geometry": {
    "type": "LineString",
    "coordinates": [
     [
      178970.51409183067,
      272905.1974806112
     ],
     [
      178989.72563938392,
      272904.46526764013
     ],
     [
      178999.24825722113,
      272903.6445042939
     ],
     [
      179002.15554034524,
      272902.3508642183
     ],
     [
      179011.02484741146,
      272899.11307561916
     ],
     [
      179018.92972552654,
      272897.0091316758
     ],
     [
      179024.07818635824,
      272890.4072845411
     ],
     [
      179027.94623303151,
      272886.38225496333
     ],
     [
      179035.52885434483,
      272882.99213606823
     ],
     [
      179037.28725646308,
      272878.0067711819
     ],
     [
      179040.18898344474,
      272874.2946114486
     ],
     [
      179046.1660802516,
      272874.9243146636
     ],
     [
      179055.6979756057,
      272878.1197048499
     ],
     [
      179062.4727181816,
      272876.49545214477
     ],
     [
      179068.53433233147,
      272874.20719002903
     ],
     [
      179072.9513208835,
      272870.8465719149
     ],
     [
      179076.81126154686,
      272863.2825190405
     ],
     [
      179082.60051142742,
      272853.62831634306
     ],
     [
      179090.98010009355,
      272847.6625486235
     ],
     [
      179096.63125175302,
      272845.3974369561
     ],
     [
      179101.794929537,
      272845.38557901967
     ]
    ]
   },
   "properties": {
    "osm_id": "1479141423",
    "osm_type": "way",
    "osm_version": "1",
    "osm_timestamp": "2026-02-16T08:28:03Z",
    "highway": "service"
   }
  },
  {
   "type": "Feature",
   "geometry": {
    "type": "LineString",
    "coordinates": [
     [
      177522.99542380747,
      271126.94429076655
     ],
     [
      177518.0403642367,
      271126.84557981056
     ],
     [
      177509.78189480532,
      271126.66627532645
     ]
    ]
   },
   "properties": {
    "osm_id": "1479141424",
    "osm_type": "way",
    "osm_version": "2",
    "osm_timestamp": "2026-03-07T16:01:09Z",
    "highway": "service",
    "service": "parking_aisle"
   }
  },
  {
   "type": "Feature",
   "geometry": {
    "type": "LineString",
    "coordinates": [
     [
      177508.59530735528,
      271141.30249077943
     ],
     [
      177509.31408589662,
      271140.4575543572
     ],
     [
      177509.62126118664,
      271139.21424233913
     ],
     [
      177509.78189480532,
      271126.66627532645
     ],
     [
      177509.86536325573,
      271119.8209314667
     ],
     [
      177464.3580702046,
      271119.24558846664
     ],
     [
      177462.99915490468,
      271119.5263070214
     ],
     [
      177462.0422269938,
      271120.00572699035
     ],
     [
      177461.43322385295,
      271120.96133772074
     ],
     [
      177461.03444913402,
      271122.0606531297
     ],
     [
      177460.828743921,
      271138.49171246454
     ],
     [
      177461.3611962576,
      271139.78841923235
     ],
     [
      177462.13023485025,
      271140.8182790562
     ],
     [
      177463.3546082963,
      271141.48090260266
     ],
     [
      177464.5414939469,
      271141.74422690313
     ],
     [
      177506.33470833796,
      271142.26217772055
     ],
     [
      177507.6843322983,
      271141.9149231959
     ],
     [
      177508.59530735528,
      271141.30249077943
     ]
    ]
   },
   "properties": {
    "osm_id": "1479141425",
    "osm_type": "way",
    "osm_version": "2",
    "osm_timestamp": "2026-03-07T16:01:09Z",
    "highway": "service",
    "oneway": "yes",
    "service": "parking_aisle"
   }
  },
  {
   "type": "Feature",
   "geometry": {
    "type": "LineString",
    "coordinates": [
     [
      177585.63870982348,
      270730.593015846
     ],
     [
      177585.14750684644,
      270746.05956654914
     ],
     [
      177584.7261128691,
      270760.2279221249
     ],
     [
      177584.50674177695,
      270767.49517601356
     ]
    ]
   },
   "properties": {
    "osm_id": "1479141426",
    "osm_type": "way",
    "osm_version": "2",
    "osm_timestamp": "2026-02-28T11:29:44Z",
    "highway": "service",
    "service": "parking_aisle"
   }
  },
  {
   "type": "Feature",
   "geometry": {
    "type": "LineString",
    "coordinates": [
     [
      177585.14750684644,
      270746.05956654914
     ],
     [
      177568.15465899868,
      270745.41356082534
     ]
    ]
   },
   "properties": {
    "osm_id": "1479141427",
    "osm_type": "way",
    "osm_version": "1",
    "osm_timestamp": "2026-02-16T08:28:03Z",
    "highway": "service",
    "service": "parking_aisle"
   }
  },
  {
   "type": "Feature",
   "geometry": {
    "type": "LineString",
    "coordinates": [
     [
      178040.39384189484,
      270744.29600687465
     ],
     [
      178037.95895779956,
      270748.7284698086
     ],
     [
      178034.66040994594,
      270777.20418194495
     ],
     [
      178034.33441843386,
      270778.24782445363
     ],
     [
      178033.57943644794,
      270779.2481247526
     ],
     [
      178032.77757109073,
      270779.72711004136
     ],
     [
      178031.9292236216,
      270779.8511926028
     ],
     [
      177996.98049064117,
      270776.4519724576
     ],
     [
      177990.02543794987,
      270775.7809360308
     ],
     [
      177988.95687970956,
      270775.40631502407
     ],
     [
      177988.32547230506,
      270774.67562270263
     ],
     [
      177988.1587790198,
      270773.66645187885
     ],
     [
      177990.7456306511,
      270745.281195514
     ],
     [
      177991.05307306856,
      270744.11555991636
     ],
     [
      177991.68980084002,
      270743.2708609025
     ],
     [
      177992.70117201138,
      270742.63604677917
     ],
     [
      177993.91482603634,
      270742.63311432226
     ],
     [
      178037.95895779956,
      270748.7284698086
     ]
    ]
   },
   "properties": {
    "osm_id": "1484017475",
    "osm_type": "way",
    "osm_version": "1",
    "osm_timestamp": "2026-02-28T08:36:16Z",
    "highway": "service"
   }
  },
  {
   "type": "Feature",
   "geometry": {
    "type": "LineString",
    "coordinates": [
     [
      177996.98049064117,
      270776.4519724576
     ],
     [
      177995.0986603109,
      270794.4957148874
     ]
    ]
   },
   "properties": {
    "osm_id": "1484017476",
    "osm_type": "way",
    "osm_version": "1",
    "osm_timestamp": "2026-02-28T08:36:16Z",
    "highway": "service"
   }
  },
  {
   "type": "Feature",
   "geometry": {
    "type": "LineString",
    "coordinates": [
     [
      178082.50236922715,
      270803.0604858793
     ],
     [
      178044.96176213733,
      270788.1293351027
     ],
     [
      178044.03835458827,
      270787.3993428412
     ],
     [
      178043.52533900627,
      270786.56851336965
     ],
     [
      178043.11184439328,
      270785.3824290872
     ],
     [
      178042.25641861168,
      270775.000305213
     ],
     [
      178042.43394749914,
      270772.9363530587
     ],
     [
      178042.8410237435,
      270771.45984095946
     ],
     [
      178044.08387344866,
      270768.42812386004
     ],
     [
      178044.91306248435,
      270767.9268852882
     ],
     [
      178045.88033290248,
      270767.92455366015
     ],
     [
      178046.7573408127,
      270768.3329256857
     ],
     [
      178059.73663944393,
      270773.4493660461
     ],
     [
      178060.74996278677,
      270773.62443250534
     ],
     [
      178061.48854173464,
      270773.3896748845
     ],
     [
      178061.98901072954,
      270772.80047595635
     ],
     [
      178068.2927338836,
      270756.8872835103
     ]
    ]
   },
   "properties": {
    "osm_id": "1484017479",
    "osm_type": "way",
    "osm_version": "1",
    "osm_timestamp": "2026-02-28T08:36:16Z",
    "highway": "service"
   }
  },
  {
   "type": "Feature",
   "geometry": {
    "type": "LineString",
    "coordinates": [
     [
      178027.46179231443,
      270709.61339642614
     ],
     [
      178018.53761799156,
      270709.7680604596
     ],
     [
      178016.82207079837,
      270709.77220096573
     ],
     [
      178014.76843406513,
      270709.5885562267
     ],
     [
      178012.1388083169,
      270708.9514396235
     ]
    ]
   },
   "properties": {
    "osm_id": "1484017484",
    "osm_type": "way",
    "osm_version": "1",
    "osm_timestamp": "2026-02-28T08:36:16Z",
    "highway": "service"
   }
  },
  {
   "type": "Feature",
   "geometry": {
    "type": "LineString",
    "coordinates": [
     [
      177841.00384670822,
      270683.11727293464
     ],
     [
      177854.47595357936,
      270665.6333050329
     ],
     [
      177856.7853906377,
      270662.17738906515
     ],
     [
      177857.69344350687,
      270660.3335417004
     ],
     [
      177858.7195053963,
      270658.23424060247
     ],
     [
      177859.5050197083,
      270654.78203006054
     ],
     [
      177859.55195081967,
      270651.56459347706
     ],
     [
      177859.72516334205,
      270643.98682328966
     ],
     [
      177860.68465368618,
      270640.7782627719
     ],
     [
      177862.32057817478,
      270638.04510951915
     ],
     [
      177866.08813651776,
      270633.7868687676
     ],
     [
      177870.0417631011,
      270630.9926139267
     ],
     [
      177873.98936605258,
      270629.4742101888
     ],
     [
      177879.65412269993,
      270628.60619640065
     ],
     [
      177884.15218455612,
      270628.2957296819
     ],
     [
      177886.8340090363,
      270627.86763813725
     ],
     [
      177889.02188071606,
      270626.95260102814
     ],
     [
      177892.7923911717,
      270623.9036337561
     ]
    ]
   },
   "properties": {
    "osm_id": "1484017489",
    "osm_type": "way",
    "osm_version": "1",
    "osm_timestamp": "2026-02-28T08:36:16Z",
    "highway": "residential",
    "name": "오강길"
   }
  },
  {
   "type": "Feature",
   "geometry": {
    "type": "LineString",
    "coordinates": [
     [
      177857.69344350687,
      270660.3335417004
     ],
     [
      177883.57595686652,
      270665.3296191875
     ],
     [
      177885.15668031978,
      270666.1689413801
     ],
     [
      177886.26318446072,
      270667.1314515669
     ],
     [
      177886.50294710195,
      270668.16263149
     ],
     [
      177886.09188389417,
      270671.74706114014
     ]
    ]
   },
   "properties": {
    "osm_id": "1484017492",
    "osm_type": "way",
    "osm_version": "1",
    "osm_timestamp": "2026-02-28T08:36:16Z",
    "highway": "service"
   }
  },
  {
   "type": "Feature",
   "geometry": {
    "type": "LineString",
    "coordinates": [
     [
      177679.42143970495,
      270690.5122706843
     ],
     [
      177676.4268161292,
      270667.554579497
     ]
    ]
   },
   "properties": {
    "osm_id": "1484017498",
    "osm_type": "way",
    "osm_version": "1",
    "osm_timestamp": "2026-02-28T08:36:16Z",
    "highway": "service"
   }
  },
  {
   "type": "Feature",
   "geometry": {
    "type": "LineString",
    "coordinates": [
     [
      177621.62384095296,
      270687.7030332265
     ],
     [
      177662.02864049218,
      270701.7045999153
     ],
     [
      177663.92129682392,
      270703.21986613673
     ],
     [
      177664.83784920088,
      270704.8595627543
     ],
     [
      177665.27176926698,
      270706.91092903866
     ],
     [
      177665.16942549733,
      270717.2731798509
     ],
     [
      177664.74842869097,
      270720.4915355654
     ],
     [
      177663.7242685898,
      270723.3452612838
     ],
     [
      177662.20495197852,
      270725.2239102919
     ],
     [
      177643.96503761376,
      270737.00634649233
     ]
    ]
   },
   "properties": {
    "osm_id": "1484017499",
    "osm_type": "way",
    "osm_version": "1",
    "osm_timestamp": "2026-02-28T08:36:16Z",
    "highway": "service",
    "name": "오강길"
   }
  },
  {
   "type": "Feature",
   "geometry": {
    "type": "LineString",
    "coordinates": [
     [
      177599.7598865823,
      270750.916167423
     ],
     [
      177616.19364711642,
      270757.9982532895
     ],
     [
      177617.02562208154,
      270758.6396733603
     ],
     [
      177617.94075976405,
      270759.70246948
     ],
     [
      177629.2742244597,
      270778.2352543669
     ]
    ]
   },
   "properties": {
    "osm_id": "1484017512",
    "osm_type": "way",
    "osm_version": "1",
    "osm_timestamp": "2026-02-28T08:36:16Z",
    "highway": "service",
    "name": "오강길"
   }
  },
  {
   "type": "Feature",
   "geometry": {
    "type": "LineString",
    "coordinates": [
     [
      177569.39454627753,
      270904.2686574114
     ],
     [
      177582.61195402648,
      270898.5780605925
     ],
     [
      177583.9701686573,
      270897.9978179816
     ],
     [
      177603.57753006916,
      270889.5512537301
     ],
     [
      177625.2641106365,
      270880.5560068717
     ],
     [
      177659.83147903698,
      270866.22616958705
     ],
     [
      177667.0514819483,
      270863.3239648436
     ],
     [
      177678.44610927932,
      270858.50332743727
     ],
     [
      177697.80775315926,
      270850.2572660209
     ],
     [
      177726.6497078998,
      270837.9608545417
     ],
     [
      177730.69705833824,
      270836.2313532761
     ],
     [
      177731.35241271465,
      270835.5530034711
     ],
     [
      177731.71549186908,
      270834.7644261314
     ],
     [
      177731.94147716422,
      270833.88743024145
     ],
     [
      177731.7566146968,
      270832.9226851219
     ],
     [
      177715.26046057953,
      270796.51852232736
     ]
    ]
   },
   "properties": {
    "osm_id": "1484017518",
    "osm_type": "way",
    "osm_version": "1",
    "osm_timestamp": "2026-02-28T08:36:16Z",
    "highway": "service"
   }
  },
  {
   "type": "Feature",
   "geometry": {
    "type": "LineString",
    "coordinates": [
     [
      177697.80775315926,
      270850.2572660209
     ],
     [
      177682.20559502929,
      270813.7844069584
     ]
    ]
   },
   "properties": {
    "osm_id": "1484017519",
    "osm_type": "way",
    "osm_version": "1",
    "osm_timestamp": "2026-02-28T08:36:16Z",
    "highway": "service",
    "service": "parking_aisle"
   }
  },
  {
   "type": "Feature",
   "geometry": {
    "type": "LineString",
    "coordinates": [
     [
      177582.61195402648,
      270898.5780605925
     ],
     [
      177585.4576251685,
      270905.4383800702
     ],
     [
      177587.4753759074,
      270909.5937476559
     ],
     [
      177589.90235977195,
      270913.182303373
     ],
     [
      177594.6506514608,
      270918.20739761513
     ],
     [
      177608.3278759026,
      270928.8131191957
     ],
     [
      177610.66623004567,
      270929.76147343934
     ],
     [
      177613.63306553944,
      270930.2423260746
     ],
     [
      177615.805014059,
      270930.3146471049
     ],
     [
      177617.61057073544,
      270929.82206376456
     ],
     [
      177672.92008624098,
      270908.4519615419
     ],
     [
      177713.57962807728,
      270892.74280520546
     ],
     [
      177728.27545753572,
      270887.0709914592
     ],
     [
      177731.32744773413,
      270885.05547460035
     ],
     [
      177734.932787334,
      270881.6962053151
     ],
     [
      177737.33220838654,
      270877.76298574783
     ],
     [
      177738.69199518152,
      270874.0874750206
     ],
     [
      177738.6861378535,
      270871.6911377643
     ],
     [
      177738.1133316003,
      270868.80804063124
     ],
     [
      177726.6497078998,
      270837.9608545417
     ]
    ]
   },
   "properties": {
    "osm_id": "1484017520",
    "osm_type": "way",
    "osm_version": "1",
    "osm_timestamp": "2026-02-28T08:36:16Z",
    "highway": "service"
   }
  },
  {
   "type": "Feature",
   "geometry": {
    "type": "LineString",
    "coordinates": [
     [
      177672.92008624098,
      270908.4519615419
     ],
     [
      177663.3343673155,
      270888.07319325494
     ],
     [
      177713.57962807728,
      270892.74280520546
     ]
    ]
   },
   "properties": {
    "osm_id": "1484017521",
    "osm_type": "way",
    "osm_version": "1",
    "osm_timestamp": "2026-02-28T08:36:16Z",
    "highway": "service"
   }
  },
  {
   "type": "Feature",
   "geometry": {
    "type": "LineString",
    "coordinates": [
     [
      177663.3343673155,
      270888.07319325494
     ],
     [
      177656.5467274519,
      270888.66674245073
     ],
     [
      177649.23716233473,
      270888.5293589574
     ],
     [
      177647.70428608434,
      270888.5885920512
     ],
     [
      177646.00805712503,
      270889.01433565357
     ],
     [
      177633.82810246214,
      270893.58177576074
     ]
    ]
   },
   "properties": {
    "osm_id": "1484017522",
    "osm_type": "way",
    "osm_version": "1",
    "osm_timestamp": "2026-02-28T08:36:16Z",
    "highway": "service"
   }
  },
  {
   "type": "Feature",
   "geometry": {
    "type": "LineString",
    "coordinates": [
     [
      177568.2630329904,
      270889.44956344843
     ],
     [
      177578.34479397006,
      270885.1312736636
     ],
     [
      177583.2307291595,
      270883.0446268105
     ],
     [
      177620.0848776501,
      270867.26676101744
     ],
     [
      177625.17136595838,
      270865.09089027654
     ],
     [
      177639.0999693643,
      270859.13236795674
     ]
    ]
   },
   "properties": {
    "osm_id": "1484017526",
    "osm_type": "way",
    "osm_version": "1",
    "osm_timestamp": "2026-02-28T08:36:16Z",
    "highway": "service"
   }
  },
  {
   "type": "Feature",
   "geometry": {
    "type": "LineString",
    "coordinates": [
     [
      177583.2307291595,
      270883.0446268105
     ],
     [
      177569.39981252232,
      270880.4715380415
     ],
     [
      177566.2573683115,
      270879.0925003006
     ],
     [
      177563.38711783703,
      270877.0804224264
     ],
     [
      177561.2182678376,
      270874.5673773522
     ],
     [
      177558.66971127235,
      270869.7920471476
     ],
     [
      177557.5449133513,
      270865.11305717373
     ],
     [
      177557.0272860381,
      270858.72406100633
     ],
     [
      177557.8927711577,
      270854.4506529833
     ],
     [
      177560.04287522417,
      270849.3531074488
     ],
     [
      177563.40897291168,
      270845.20666982705
     ],
     [
      177566.81679349605,
      270843.17912699596
     ],
     [
      177569.71472901583,
      270841.607704264
     ],
     [
      177607.55393758044,
      270825.58329100965
     ],
     [
      177611.7504643026,
      270825.1513938323
     ],
     [
      177616.1412368455,
      270825.7840663645
     ],
     [
      177620.66248673204,
      270827.5258424546
     ],
     [
      177624.1720716189,
      270829.76934613043
     ],
     [
      177627.6932325937,
      270833.011302569
     ],
     [
      177630.74173739055,
      270837.00882824993
     ],
     [
      177632.4153705348,
      270842.2411899287
     ],
     [
      177632.8005350921,
      270846.7334033976
     ],
     [
      177631.84387198556,
      270851.05140480096
     ],
     [
      177630.60446772934,
      270855.4255718914
     ],
     [
      177628.26248061037,
      270860.43481810176
     ],
     [
      177625.17136595838,
      270865.09089027654
     ]
    ]
   },
   "properties": {
    "osm_id": "1484017530",
    "osm_type": "way",
    "osm_version": "1",
    "osm_timestamp": "2026-02-28T08:36:16Z",
    "highway": "service"
   }
  },
  {
   "type": "Feature",
   "geometry": {
    "type": "LineString",
    "coordinates": [
     [
      177552.87166919565,
      270801.69891100907
     ],
     [
      177555.90803020628,
      270804.45388898137
     ],
     [
      177558.01315877453,
      270807.0225607818
     ],
     [
      177558.97455307632,
      270808.34040416643
     ],
     [
      177560.18320092972,
      270810.0126535256
     ],
     [
      177569.98484763375,
      270832.7205678536
     ]
    ]
   },
   "properties": {
    "osm_id": "1484017532",
    "osm_type": "way",
    "osm_version": "2",
    "osm_timestamp": "2026-02-28T11:29:44Z",
    "highway": "service"
   }
  },
  {
   "type": "Feature",
   "geometry": {
    "type": "LineString",
    "coordinates": [
     [
      177534.10313028737,
      270769.22802707664
     ],
     [
      177550.04737283158,
      270799.83094897855
     ]
    ]
   },
   "properties": {
    "osm_id": "1484017533",
    "osm_type": "way",
    "osm_version": "1",
    "osm_timestamp": "2026-02-28T08:36:16Z",
    "highway": "service",
    "oneway": "yes"
   }
  },
  {
   "type": "Feature",
   "geometry": {
    "type": "LineString",
    "coordinates": [
     [
      177617.96575716586,
      270781.0144039764
     ],
     [
      177591.71530146996,
      270774.7552459399
     ]
    ]
   },
   "properties": {
    "osm_id": "1484017536",
    "osm_type": "way",
    "osm_version": "1",
    "osm_timestamp": "2026-02-28T08:36:16Z",
    "highway": "service",
    "name": "오강길"
   }
  },
  {
   "type": "Feature",
   "geometry": {
    "type": "LineString",
    "coordinates": [
     [
      177593.273507025,
      270770.1473111011
     ],
     [
      177586.5333268929,
      270767.8119209348
     ],
     [
      177585.47434011952,
      270767.6259253233
     ],
     [
      177584.50674177695,
      270767.49517601356
     ],
     [
      177583.5847420771,
      270767.3532203589
     ],
     [
      177552.90403006243,
      270766.6965657046
     ]
    ]
   },
   "properties": {
    "osm_id": "1484037531",
    "osm_type": "way",
    "osm_version": "1",
    "osm_timestamp": "2026-02-28T11:29:44Z",
    "highway": "service"
   }
  },
  {
   "type": "Feature",
   "geometry": {
    "type": "LineString",
    "coordinates": [
     [
      177584.50674177695,
      270767.49517601356
     ],
     [
      177582.43523573875,
      270771.1724612887
     ],
     [
      177581.8898815152,
      270772.05024699506
     ],
     [
      177581.518342934,
      270773.105112415
     ],
     [
      177581.12499556213,
      270780.12872194004
     ]
    ]
   },
   "properties": {
    "osm_id": "1484037532",
    "osm_type": "way",
    "osm_version": "1",
    "osm_timestamp": "2026-02-28T11:29:44Z",
    "highway": "service"
   }
  },
  {
   "type": "Feature",
   "geometry": {
    "type": "LineString",
    "coordinates": [
     [
      177552.87166919565,
      270801.69891100907
     ],
     [
      177560.3348713881,
      270797.4979988698
     ],
     [
      177562.55919792943,
      270796.59388696885
     ],
     [
      177565.27636592023,
      270795.7218442665
     ],
     [
      177571.47811920074,
      270794.34198072494
     ],
     [
      177583.188473278,
      270791.7281972497
     ],
     [
      177584.97487711743,
      270790.85845138284
     ],
     [
      177586.03099444436,
      270789.87956085766
     ],
     [
      177587.0494646554,
      270788.434805853
     ],
     [
      177587.93761651835,
      270785.94751495274
     ]
    ]
   },
   "properties": {
    "osm_id": "1484037534",
    "osm_type": "way",
    "osm_version": "1",
    "osm_timestamp": "2026-02-28T11:29:44Z",
    "highway": "residential",
    "name": "금영로",
    "name:en": "Geumyeong-ro",
    "name:ko": "금영로"
   }
  },
  {
   "type": "Feature",
   "geometry": {
    "type": "LineString",
    "coordinates": [
     [
      177550.04737283158,
      270799.83094897855
     ],
     [
      177552.87166919565,
      270801.69891100907
     ]
    ]
   },
   "properties": {
    "osm_id": "1484037535",
    "osm_type": "way",
    "osm_version": "1",
    "osm_timestamp": "2026-02-28T11:29:44Z",
    "highway": "residential",
    "name": "금영로",
    "name:en": "Geumyeong-ro",
    "name:ko": "금영로"
   }
  },
  {
   "type": "Feature",
   "geometry": {
    "type": "LineString",
    "coordinates": [
     [
      177532.99987130228,
      270799.18514423916
     ],
     [
      177531.2503834839,
      270837.20935617015
     ],
     [
      177529.36918153244,
      270877.3196094482
     ],
     [
      177528.0946959995,
      270904.4370337013
     ],
     [
      177526.01375148477,
      270948.6415531887
     ],
     [
      177524.7968209167,
      271047.1390791614
     ]
    ]
   },
   "properties": {
    "osm_id": "1484037536",
    "osm_type": "way",
    "osm_version": "3",
    "osm_timestamp": "2026-03-02T03:16:42Z",
    "highway": "tertiary",
    "name": "금영로"
   }
  },
  {
   "type": "Feature",
   "geometry": {
    "type": "LineString",
    "coordinates": [
     [
      177534.10313028737,
      270769.22802707664
     ],
     [
      177533.1538616557,
      270795.0244315558
     ],
     [
      177532.99987130228,
      270799.18514423916
     ]
    ]
   },
   "properties": {
    "osm_id": "1484037537",
    "osm_type": "way",
    "osm_version": "1",
    "osm_timestamp": "2026-02-28T11:29:44Z",
    "highway": "tertiary",
    "name": "금영로",
    "surface": "asphalt"
   }
  },
  {
   "type": "Feature",
   "geometry": {
    "type": "LineString",
    "coordinates": [
     [
      177598.0997148001,
      270665.8386867298
     ],
     [
      177602.01337194297,
      270628.2751346686
     ]
    ]
   },
   "properties": {
    "osm_id": "1484037553",
    "osm_type": "way",
    "osm_version": "1",
    "osm_timestamp": "2026-02-28T11:29:44Z",
    "highway": "service",
    "name": "오강길"
   }
  },
  {
   "type": "Feature",
   "geometry": {
    "type": "LineString",
    "coordinates": [
     [
      177563.20181814628,
      270664.80407064885
     ],
     [
      177570.76806627534,
      270602.3471774328
     ]
    ]
   },
   "properties": {
    "osm_id": "1484037554",
    "osm_type": "way",
    "osm_version": "1",
    "osm_timestamp": "2026-02-28T11:29:44Z",
    "highway": "service"
   }
  },
  {
   "type": "Feature",
   "geometry": {
    "type": "LineString",
    "coordinates": [
     [
      177618.83721693436,
      271046.5080891682
     ],
     [
      177619.13163812688,
      270999.2237837569
     ],
     [
      177619.07450786314,
      270994.54216189205
     ],
     [
      177618.8359959561,
      270990.3158489638
     ],
     [
      177618.50048993315,
      270987.46545811516
     ],
     [
      177615.82734162136,
      270969.09999451955
     ]
    ]
   },
   "properties": {
    "osm_id": "1484270215",
    "osm_type": "way",
    "osm_version": "1",
    "osm_timestamp": "2026-03-01T13:19:11Z",
    "highway": "residential",
    "name": "영산로"
   }
  },
  {
   "type": "Feature",
   "geometry": {
    "type": "LineString",
    "coordinates": [
     [
      177680.722067891,
      271046.2230814172
     ],
     [
      177680.68044091872,
      271029.23792727053
     ],
     [
      177680.53130446334,
      271024.23479805957
     ],
     [
      177680.31460627736,
      271021.45067910897
     ],
     [
      177677.7393325623,
      270994.56459437433
     ],
     [
      177677.7347098188,
      270992.6785878321
     ],
     [
      177678.00337394222,
      270990.60330966423
     ],
     [
      177682.72562151766,
      270977.5893075843
     ],
     [
      177683.90847136706,
      270976.1996312641
     ],
     [
      177685.648625363,
      270975.0859451441
     ],
     [
      177687.88305121835,
      270974.5923248629
     ],
     [
      177689.69873345067,
      270974.51021716505
     ],
     [
      177691.6519970919,
      270974.71622259973
     ],
     [
      177694.09836317733,
      270975.06524559174
     ],
     [
      177709.2575718414,
      270979.8208333201
     ]
    ]
   },
   "properties": {
    "osm_id": "1484270222",
    "osm_type": "way",
    "osm_version": "1",
    "osm_timestamp": "2026-03-01T13:19:11Z",
    "highway": "service",
    "name": "영산로"
   }
  },
  {
   "type": "Feature",
   "geometry": {
    "type": "LineString",
    "coordinates": [
     [
      177680.722067891,
      271046.2230814172
     ],
     [
      177721.61972225516,
      271046.03418788774
     ]
    ]
   },
   "properties": {
    "osm_id": "1484270226",
    "osm_type": "way",
    "osm_version": "1",
    "osm_timestamp": "2026-03-01T13:19:11Z",
    "highway": "secondary",
    "name": "영산로",
    "name:en": "Yeongsan-ro",
    "name:ko": "영산로"
   }
  },
  {
   "type": "Feature",
   "geometry": {
    "type": "LineString",
    "coordinates": [
     [
      177618.83721693436,
      271046.5080891682
     ],
     [
      177680.722067891,
      271046.2230814172
     ]
    ]
   },
   "properties": {
    "osm_id": "1484270227",
    "osm_type": "way",
    "osm_version": "1",
    "osm_timestamp": "2026-03-01T13:19:11Z",
    "highway": "secondary",
    "name": "영산로",
    "name:en": "Yeongsan-ro",
    "name:ko": "영산로"
   }
  },
  {
   "type": "Feature",
   "geometry": {
    "type": "LineString",
    "coordinates": [
     [
      177592.93171786217,
      271046.6272621243
     ],
     [
      177618.83721693436,
      271046.5080891682
     ]
    ]
   },
   "properties": {
    "osm_id": "1484270228",
    "osm_type": "way",
    "osm_version": "1",
    "osm_timestamp": "2026-03-01T13:19:11Z",
    "highway": "secondary",
    "name": "영산로",
    "name:en": "Yeongsan-ro",
    "name:ko": "영산로"
   }
  },
  {
   "type": "Feature",
   "geometry": {
    "type": "LineString",
    "coordinates": [
     [
      177721.61972225516,
      271046.03418788774
     ],
     [
      177719.03304123192,
      271014.43307466427
     ],
     [
      177717.54702738582,
      270996.3420333051
     ],
     [
      177717.60571762794,
      270994.2228932183
     ],
     [
      177717.96629192375,
      270992.41365275375
     ],
     [
      177718.21160750664,
      270991.98037788185
     ],
     [
      177719.0475762311,
      270990.53608370386
     ],
     [
      177720.9299316812,
      270987.8688652897
     ],
     [
      177729.16714303533,
      270979.306167036
     ],
     [
      177745.05915760185,
      270962.8145873725
     ],
     [
      177746.20492244742,
      270961.1809370051
     ],
     [
      177746.32928386028,
      270959.79385542317
     ],
     [
      177746.01445235586,
      270957.9197012735
     ],
     [
      177743.5636681082,
      270948.29590593034
     ],
     [
      177743.4944790483,
      270946.1216076157
     ],
     [
      177743.7983854438,
      270943.5248171256
     ],
     [
      177744.75970017334,
      270941.09283346334
     ],
     [
      177762.31347226488,
      270910.01941884786
     ],
     [
      177763.03889853906,
      270908.1427243056
     ],
     [
      177763.27200552405,
      270906.4447393938
     ],
     [
      177763.21251484982,
      270904.5033960498
     ],
     [
      177758.31561557075,
      270890.9027451948
     ],
     [
      177758.31044071054,
      270888.78376174666
     ],
     [
      177758.79024947842,
      270887.21830493415
     ],
     [
      177759.94528695225,
      270885.64010502317
     ],
     [
      177777.4573489686,
      270867.32517784176
     ],
     [
      177778.42959254043,
      270865.62538997235
     ],
     [
      177779.0896883962,
      270863.1497684176
     ],
     [
      177779.08717107645,
      270862.118012126
     ],
     [
      177778.78263218486,
      270860.7208834763
     ],
     [
      177758.47388167994,
      270832.4025372715
     ]
    ]
   },
   "properties": {
    "osm_id": "1484270229",
    "osm_type": "way",
    "osm_version": "1",
    "osm_timestamp": "2026-03-01T13:19:11Z",
    "highway": "service",
    "name": "영산로"
   }
  },
  {
   "type": "Feature",
   "geometry": {
    "type": "LineString",
    "coordinates": [
     [
      177721.61972225516,
      271046.03418788774
     ],
     [
      177743.3367772599,
      271045.881239356
     ]
    ]
   },
   "properties": {
    "osm_id": "1484270230",
    "osm_type": "way",
    "osm_version": "1",
    "osm_timestamp": "2026-03-01T13:19:11Z",
    "highway": "secondary",
    "name": "영산로",
    "name:en": "Yeongsan-ro",
    "name:ko": "영산로"
   }
  },
  {
   "type": "Feature",
   "geometry": {
    "type": "LineString",
    "coordinates": [
     [
      177703.61176566276,
      270995.78814565664
     ],
     [
      177709.84686134296,
      270993.16574051674
     ],
     [
      177710.8042770874,
      270992.87494746177
     ],
     [
      177712.07188754115,
      270992.56120691577
     ],
     [
      177713.04798775056,
      270992.44787592907
     ],
     [
      177718.21160750664,
      270991.98037788185
     ]
    ]
   },
   "properties": {
    "osm_id": "1484270236",
    "osm_type": "way",
    "osm_version": "1",
    "osm_timestamp": "2026-03-01T13:19:11Z",
    "highway": "service"
   }
  },
  {
   "type": "Feature",
   "geometry": {
    "type": "LineString",
    "coordinates": [
     [
      177743.3367772599,
      271045.881239356
     ],
     [
      177745.76094136355,
      271044.62166802643
     ],
     [
      177747.81815765475,
      271042.5642098949
     ],
     [
      177749.9822718463,
      271039.44144567323
     ],
     [
      177758.96423804853,
      271010.77422285377
     ],
     [
      177760.54721130288,
      271008.81777397456
     ],
     [
      177762.3429036139,
      271008.02569930005
     ],
     [
      177764.29512899576,
      271007.8101423488
     ],
     [
      177765.9936433843,
      271008.3274238895
     ],
     [
      177767.20972677323,
      271009.33402925415
     ],
     [
      177767.90603975957,
      271010.486128509
     ],
     [
      177775.68409185534,
      271034.37519337446
     ],
     [
      177776.91571174798,
      271038.0110928822
     ],
     [
      177778.02534992926,
      271040.27160660585
     ],
     [
      177779.35219904178,
      271041.79937178234
     ],
     [
      177780.9436703312,
      271043.32649152866
     ],
     [
      177783.11794489785,
      271044.36404396116
     ],
     [
      177785.5099450415,
      271044.87963734823
     ]
    ]
   },
   "properties": {
    "osm_id": "1484270247",
    "osm_type": "way",
    "osm_version": "1",
    "osm_timestamp": "2026-03-01T13:19:11Z",
    "highway": "service",
    "oneway": "yes"
   }
  },
  {
   "type": "Feature",
   "geometry": {
    "type": "LineString",
    "coordinates": [
     [
      177743.3367772599,
      271045.881239356
     ],
     [
      177765.61042538073,
      271045.7158894709
     ],
     [
      177785.5099450415,
      271044.87963734823
     ]
    ]
   },
   "properties": {
    "osm_id": "1484270248",
    "osm_type": "way",
    "osm_version": "1",
    "osm_timestamp": "2026-03-01T13:19:11Z",
    "highway": "secondary",
    "name": "영산로",
    "name:en": "Yeongsan-ro",
    "name:ko": "영산로"
   }
  },
  {
   "type": "Feature",
   "geometry": {
    "type": "LineString",
    "coordinates": [
     [
      177785.5099450415,
      271044.87963734823
     ],
     [
      177801.4934453294,
      271043.4649795022
     ],
     [
      177814.61045554184,
      271041.5359038612
     ],
     [
      177844.19765976805,
      271035.6948795262
     ],
     [
      177887.5854131158,
      271020.0353293025
     ],
     [
      177934.9752855821,
      270998.99668710335
     ],
     [
      177991.5229628387,
      270968.77233292075
     ],
     [
      178058.00456448182,
      270933.24354699516
     ],
     [
      178156.72368660013,
      270885.4564263166
     ],
     [
      178186.4192885062,
      270875.0454433223
     ],
     [
      178200.50021369942,
      270871.5836158467
     ],
     [
      178212.15719269824,
      270869.5143856979
     ],
     [
      178249.8546194964,
      270866.3068057778
     ],
     [
      178269.2548849144,
      270866.3936262212
     ],
     [
      178279.7969865093,
      270867.4668059413
     ],
     [
      178297.44924948877,
      270869.2441760517
     ],
     [
      178368.07870452764,
      270884.9741545882
     ],
     [
      178477.38042785058,
      270908.55666449934
     ],
     [
      178553.73206457813,
      270924.87364586495
     ],
     [
      178586.3158709487,
      270931.8418003755
     ],
     [
      178624.85964386156,
      270939.38407429296
     ],
     [
      178652.2838622967,
      270944.7226318568
     ],
     [
      178681.3056514046,
      270950.3681699757
     ],
     [
      178702.85941727136,
      270954.43369447195
     ],
     [
      178725.61818164843,
      270958.7183391848
     ],
     [
      178738.0610968533,
      270961.0634427499
     ],
     [
      178764.90966025676,
      270966.12632732803
     ],
     [
      178783.17675263487,
      270969.5118643571
     ],
     [
      178783.87053594508,
      270969.63228443207
     ],
     [
      178822.92268251954,
      270976.1868255074
     ],
     [
      178846.95723300462,
      270979.78096511064
     ],
     [
      178862.573131868,
      270981.0649190052
     ],
     [
      178867.94877190806,
      270981.4962123966
     ],
     [
      178891.74148923022,
      270983.1273556239
     ],
     [
      178910.4222869243,
      270983.93833138625
     ],
     [
      179078.0708587949,
      270973.633424233
     ],
     [
      179086.43732042162,
      270973.11496836145
     ],
     [
      179169.26269034247,
      270968.02150598
     ],
     [
      179215.3404549693,
      270966.4185115424
     ],
     [
      179235.9614104264,
      270965.7058207982
     ],
     [
      179240.44145114216,
      270965.5513828943
     ],
     [
      179286.01742372668,
      270967.98818186915
     ],
     [
      179306.92793469684,
      270970.2149584084
     ],
     [
      179331.0631792919,
      270974.0320296908
     ],
     [
      179358.57009575522,
      270979.8606681298
     ],
     [
      179440.84873126546,
      271003.3717820573
     ]
    ]
   },
   "properties": {
    "osm_id": "1484270249",
    "osm_type": "way",
    "osm_version": "4",
    "osm_timestamp": "2026-03-11T09:15:19Z",
    "highway": "secondary",
    "name": "영산로",
    "name:en": "Yeongsan-ro",
    "name:ko": "영산로"
   }
  },
  {
   "type": "Feature",
   "geometry": {
    "type": "LineString",
    "coordinates": [
     [
      177814.61045554184,
      271041.5359038612
     ],
     [
      177812.4867656183,
      271027.55126334034
     ],
     [
      177811.99944111248,
      271026.0325421939
     ],
     [
      177810.96494461416,
      271024.64828489366
     ],
     [
      177808.03006910472,
      271018.5425197433
     ],
     [
      177806.8630096199,
      271015.18381442537
     ],
     [
      177806.68839200077,
      271014.673905746
     ],
     [
      177806.31793283575,
      271012.43377570075
     ],
     [
      177806.5501798726,
      271010.38077866967
     ],
     [
      177806.15879445337,
      270999.5537719674
     ],
     [
      177805.30454926402,
      270997.2482556684
     ],
     [
      177804.5159899713,
      270995.68589221715
     ],
     [
      177800.60827162446,
      270991.0358436718
     ]
    ]
   },
   "properties": {
    "osm_id": "1484270250",
    "osm_type": "way",
    "osm_version": "1",
    "osm_timestamp": "2026-03-01T13:19:11Z",
    "highway": "service",
    "name": "영산로"
   }
  },
  {
   "type": "Feature",
   "geometry": {
    "type": "LineString",
    "coordinates": [
     [
      177806.8630096199,
      271015.18381442537
     ],
     [
      177829.0747448862,
      271012.04551977303
     ]
    ]
   },
   "properties": {
    "osm_id": "1484270254",
    "osm_type": "way",
    "osm_version": "1",
    "osm_timestamp": "2026-03-01T13:19:11Z",
    "highway": "service"
   }
  },
  {
   "type": "Feature",
   "geometry": {
    "type": "LineString",
    "coordinates": [
     [
      177833.5381743923,
      271023.82781252835
     ],
     [
      177829.0747448862,
      271012.04551977303
     ],
     [
      177823.23156455578,
      270995.75124088983
     ],
     [
      177823.20197439555,
      270994.84158678097
     ],
     [
      177823.61975075852,
      270994.03069129266
     ],
     [
      177826.98750723107,
      270990.53890571033
     ],
     [
      177827.56024658695,
      270989.6610678017
     ],
     [
      177827.7769500715,
      270988.7175313972
     ],
     [
      177828.459906454,
      270976.88942884526
     ]
    ]
   },
   "properties": {
    "osm_id": "1484270255",
    "osm_type": "way",
    "osm_version": "1",
    "osm_timestamp": "2026-03-01T13:19:11Z",
    "highway": "service"
   }
  },
  {
   "type": "Feature",
   "geometry": {
    "type": "LineString",
    "coordinates": [
     [
      177803.0082807342,
      270964.88091393135
     ],
     [
      177814.8858928815,
      270974.8034887933
     ],
     [
      177816.74045401224,
      270975.697603191
     ],
     [
      177818.7489776241,
      270976.1142914625
     ],
     [
      177821.34112182783,
      270976.37423977297
     ],
     [
      177828.459906454,
      270976.88942884526
     ],
     [
      177848.1186846567,
      270978.3060277115
     ]
    ]
   },
   "properties": {
    "osm_id": "1484270256",
    "osm_type": "way",
    "osm_version": "1",
    "osm_timestamp": "2026-03-01T13:19:11Z",
    "highway": "service"
   }
  },
  {
   "type": "Feature",
   "geometry": {
    "type": "LineString",
    "coordinates": [
     [
      177729.16714303533,
      270979.306167036
     ],
     [
      177726.52735354818,
      270970.75897760974
     ],
     [
      177726.14266585401,
      270970.17192468356
     ],
     [
      177725.6942659706,
      270969.6515929306
     ],
     [
      177724.95394767614,
      270969.165257858
     ],
     [
      177721.60236150073,
      270968.064033823
     ]
    ]
   },
   "properties": {
    "osm_id": "1484270264",
    "osm_type": "way",
    "osm_version": "1",
    "osm_timestamp": "2026-03-01T13:19:11Z",
    "highway": "service"
   }
  },
  {
   "type": "Feature",
   "geometry": {
    "type": "LineString",
    "coordinates": [
     [
      177725.6942659706,
      270969.6515929306
     ],
     [
      177731.65164840143,
      270965.39903162187
     ]
    ]
   },
   "properties": {
    "osm_id": "1484270265",
    "osm_type": "way",
    "osm_version": "1",
    "osm_timestamp": "2026-03-01T13:19:11Z",
    "highway": "service"
   }
  },
  {
   "type": "Feature",
   "geometry": {
    "type": "LineString",
    "coordinates": [
     [
      177959.02709712362,
      270888.9392595875
     ],
     [
      177933.30071481364,
      270906.6746471573
     ],
     [
      177930.33089383502,
      270908.7231796628
     ]
    ]
   },
   "properties": {
    "osm_id": "1484270275",
    "osm_type": "way",
    "osm_version": "1",
    "osm_timestamp": "2026-03-01T13:19:11Z",
    "highway": "service",
    "name": "영산로"
   }
  },
  {
   "type": "Feature",
   "geometry": {
    "type": "LineString",
    "coordinates": [
     [
      177933.30071481364,
      270906.6746471573
     ],
     [
      177947.6422880452,
      270928.0073756241
     ],
     [
      177949.9754029978,
      270930.5755854245
     ],
     [
      177952.47214941442,
      270932.888232648
     ],
     [
      177981.5135660769,
      270953.9968382828
     ],
     [
      177983.2146257444,
      270955.5681049659
     ],
     [
      177984.75170295147,
      270957.25071055966
     ],
     [
      177986.07914590402,
      270959.0336711113
     ],
     [
      177991.5229628387,
      270968.77233292075
     ]
    ]
   },
   "properties": {
    "osm_id": "1484270276",
    "osm_type": "way",
    "osm_version": "1",
    "osm_timestamp": "2026-03-01T13:19:11Z",
    "highway": "residential",
    "name": "영산로"
   }
  },
  {
   "type": "Feature",
   "geometry": {
    "type": "LineString",
    "coordinates": [
     [
      177528.0946959995,
      270904.4370337013
     ],
     [
      177512.3525457197,
      270903.898990418
     ],
     [
      177452.55067736757,
      270901.88347363134
     ],
     [
      177451.5740760625,
      270901.79713769327
     ],
     [
      177450.6608832075,
      270901.52204306656
     ],
     [
      177449.8381992418,
      270900.9471804017
     ],
     [
      177449.28882753968,
      270900.1941334879
     ],
     [
      177449.03121055747,
      270899.34051617765
     ],
     [
      177448.93746010654,
      270898.3311739942
     ],
     [
      177449.88981108306,
      270866.5105842814
     ]
    ]
   },
   "properties": {
    "osm_id": "1484270285",
    "osm_type": "way",
    "osm_version": "1",
    "osm_timestamp": "2026-03-01T13:19:11Z",
    "highway": "service"
   }
  },
  {
   "type": "Feature",
   "geometry": {
    "type": "LineString",
    "coordinates": [
     [
      177529.36918153244,
      270877.3196094482
     ],
     [
      177513.3261579536,
      270876.904342938
     ],
     [
      177503.78066020607,
      270876.6616547371
     ]
    ]
   },
   "properties": {
    "osm_id": "1484270288",
    "osm_type": "way",
    "osm_version": "1",
    "osm_timestamp": "2026-03-01T13:19:11Z",
    "highway": "service"
   }
  },
  {
   "type": "Feature",
   "geometry": {
    "type": "LineString",
    "coordinates": [
     [
      177512.3525457197,
      270903.898990418
     ],
     [
      177513.3261579536,
      270876.904342938
     ]
    ]
   },
   "properties": {
    "osm_id": "1484270289",
    "osm_type": "way",
    "osm_version": "1",
    "osm_timestamp": "2026-03-01T13:19:11Z",
    "highway": "service"
   }
  },
  {
   "type": "Feature",
   "geometry": {
    "type": "LineString",
    "coordinates": [
     [
      177377.57311815588,
      271116.3654712831
     ],
     [
      177376.37056544243,
      271120.8172439356
     ],
     [
      177374.80122882314,
      271124.54880323034
     ],
     [
      177373.0565093909,
      271127.4709199595
     ],
     [
      177368.99626157866,
      271131.27523504477
     ],
     [
      177361.5159716601,
      271135.7980838726
     ],
     [
      177357.330820457,
      271137.07323076675
     ],
     [
      177352.96132541393,
      271137.60552474315
     ],
     [
      177348.7726716872,
      271137.4717173192
     ],
     [
      177344.58216864,
      271136.5946031315
     ],
     [
      177336.96303496772,
      271132.98574838135
     ],
     [
      177333.69010514524,
      271130.4865984365
     ],
     [
      177330.5429604278,
      271127.19944634417
     ],
     [
      177330.1578117142,
      271126.4349033642
     ],
     [
      177328.782153818,
      271123.6536766985
     ],
     [
      177327.02939347012,
      271119.6752124737
     ],
     [
      177325.74947576746,
      271111.368822378
     ],
     [
      177326.19541539805,
      271107.2295650689
     ],
     [
      177327.18887469792,
      271103.10003888636
     ],
     [
      177331.20367092447,
      271095.7012886566
     ],
     [
      177337.3761130881,
      271089.9723990634
     ],
     [
      177340.98412506172,
      271087.7778583345
     ],
     [
      177345.05979823094,
      271086.50297652266
     ],
     [
      177351.7843083062,
      271086.27546024916
     ],
     [
      177358.43670230077,
      271086.40314351034
     ],
     [
      177363.36750018413,
      271087.7443815539
     ],
     [
      177367.1324081592,
      271089.9316809901
     ],
     [
      177369.60251995389,
      271092.4994031666
     ],
     [
      177374.94858832186,
      271099.38672914595
     ],
     [
      177376.78304181487,
      271103.19858598936
     ],
     [
      177377.70660659552,
      271107.6561711092
     ],
     [
      177377.88253899786,
      271112.359686511
     ],
     [
      177377.57311815588,
      271116.3654712831
     ]
    ]
   },
   "properties": {
    "osm_id": "1484276297",
    "osm_type": "way",
    "osm_version": "1",
    "osm_timestamp": "2026-03-01T13:51:32Z",
    "highway": "service",
    "layer": "-1"
   }
  },
  {
   "type": "Feature",
   "geometry": {
    "type": "LineString",
    "coordinates": [
     [
      177351.7843083062,
      271086.27546024916
     ],
     [
      177351.65479896285,
      271074.5602784138
     ],
     [
      177351.37319816364,
      271049.3881779237
     ]
    ]
   },
   "properties": {
    "osm_id": "1484276298",
    "osm_type": "way",
    "osm_version": "2",
    "osm_timestamp": "2026-08-30T01:27:43Z",
    "highway": "service"
   }
  },
  {
   "type": "Feature",
   "geometry": {
    "type": "LineString",
    "coordinates": [
     [
      177396.38442565687,
      271074.21616928565
     ],
     [
      177351.65479896285,
      271074.5602784138
     ],
     [
      177325.84123405034,
      271074.9240561087
     ]
    ]
   },
   "properties": {
    "osm_id": "1484276299",
    "osm_type": "way",
    "osm_version": "1",
    "osm_timestamp": "2026-03-01T13:51:32Z",
    "highway": "service"
   }
  },
  {
   "type": "Feature",
   "geometry": {
    "type": "LineString",
    "coordinates": [
     [
      177365.63739279262,
      271185.9781285749
     ],
     [
      177340.3073425755,
      271186.17425250204
     ],
     [
      177327.58756901266,
      271186.27247719374
     ],
     [
      177326.24501139272,
      271185.7876737522
     ],
     [
      177325.21181211763,
      271184.94708488334
     ],
     [
      177322.76748451957,
      271181.7358449899
     ],
     [
      177322.21624029116,
      271180.22840255697
     ],
     [
      177321.96547833676,
      271178.4650445977
     ],
     [
      177321.61852366247,
      271134.41072634235
     ],
     [
      177321.85231578763,
      271133.02336558874
     ],
     [
      177322.57912517135,
      271131.74571941106
     ],
     [
      177323.8534247399,
      271130.46671000274
     ],
     [
      177330.1578117142,
      271126.4349033642
     ]
    ]
   },
   "properties": {
    "osm_id": "1484276305",
    "osm_type": "way",
    "osm_version": "1",
    "osm_timestamp": "2026-03-01T13:51:32Z",
    "highway": "service",
    "oneway": "yes"
   }
  },
  {
   "type": "Feature",
   "geometry": {
    "type": "LineString",
    "coordinates": [
     [
      177374.80122882314,
      271124.54880323034
     ],
     [
      177385.29174551874,
      271134.31894919556
     ],
     [
      177386.39047161795,
      271135.8250357701
     ],
     [
      177387.97479650204,
      271138.1287011205
     ],
     [
      177388.7097407898,
      271140.1238372829
     ],
     [
      177389.32575908845,
      271141.9972322797
     ],
     [
      177389.696481267,
      271144.3039112328
     ],
     [
      177389.91887283634,
      271182.42312722665
     ],
     [
      177389.42974315555,
      271183.877685609
     ],
     [
      177388.33793755173,
      271185.1562327942
     ],
     [
      177387.1256919674,
      271185.70286009595
     ],
     [
      177385.35578822295,
      271185.82929170853
     ]
    ]
   },
   "properties": {
    "osm_id": "1484276306",
    "osm_type": "way",
    "osm_version": "1",
    "osm_timestamp": "2026-03-01T13:51:32Z",
    "highway": "service",
    "oneway": "yes"
   }
  },
  {
   "type": "Feature",
   "geometry": {
    "type": "LineString",
    "coordinates": [
     [
      177385.35578822295,
      271185.82929170853
     ],
     [
      177378.2932933357,
      271185.8801157018
     ],
     [
      177365.63739279262,
      271185.9781285749
     ]
    ]
   },
   "properties": {
    "osm_id": "1484276307",
    "osm_type": "way",
    "osm_version": "1",
    "osm_timestamp": "2026-03-01T13:51:32Z",
    "highway": "service",
    "oneway": "no"
   }
  },
  {
   "type": "Feature",
   "geometry": {
    "type": "LineString",
    "coordinates": [
     [
      177340.3073425755,
      271186.17425250204
     ],
     [
      177340.16580785927,
      271176.9663946326
     ],
     [
      177340.7743252484,
      271175.82217490906
     ],
     [
      177341.8040460564,
      271175.2649013457
     ],
     [
      177358.4835792594,
      271174.99043726036
     ],
     [
      177359.70688009606,
      271175.2203746769
     ],
     [
      177360.6766726079,
      271176.24972695054
     ],
     [
      177365.63739279262,
      271185.9781285749
     ]
    ]
   },
   "properties": {
    "osm_id": "1484276308",
    "osm_type": "way",
    "osm_version": "1",
    "osm_timestamp": "2026-03-01T13:51:32Z",
    "highway": "service",
    "oneway": "yes"
   }
  },
  {
   "type": "Feature",
   "geometry": {
    "type": "LineString",
    "coordinates": [
     [
      177378.2932933357,
      271185.8801157018
     ],
     [
      177378.25337154756,
      271191.8489099373
     ],
     [
      177378.49315102497,
      271192.8689833485
     ],
     [
      177379.47101711377,
      271193.47673686943
     ],
     [
      177380.50272232058,
      271193.71824721515
     ],
     [
      177394.53634212134,
      271193.57245793677
     ]
    ]
   },
   "properties": {
    "osm_id": "1484276309",
    "osm_type": "way",
    "osm_version": "1",
    "osm_timestamp": "2026-03-01T13:51:32Z",
    "highway": "service"
   }
  },
  {
   "type": "Feature",
   "geometry": {
    "type": "LineString",
    "coordinates": [
     [
      177406.20406337414,
      271048.9524368676
     ],
     [
      177403.89572326824,
      271074.8077115406
     ]
    ]
   },
   "properties": {
    "osm_id": "1484276329",
    "osm_type": "way",
    "osm_version": "1",
    "osm_timestamp": "2026-03-01T13:51:32Z",
    "highway": "service",
    "lanes": "1",
    "surface": "asphalt"
   }
  },
  {
   "type": "Feature",
   "geometry": {
    "type": "LineString",
    "coordinates": [
     [
      177392.12841677075,
      271208.68877519114
     ],
     [
      177403.3827921157,
      271217.44747117517
     ],
     [
      177404.142595976,
      271218.4329722202
     ],
     [
      177404.61106853926,
      271219.68545768695
     ],
     [
      177405.15199001838,
      271235.42682668753
     ]
    ]
   },
   "properties": {
    "osm_id": "1484276331",
    "osm_type": "way",
    "osm_version": "1",
    "osm_timestamp": "2026-03-01T13:51:32Z",
    "highway": "service"
   }
  },
  {
   "type": "Feature",
   "geometry": {
    "type": "LineString",
    "coordinates": [
     [
      177378.75435819765,
      271257.6142569278
     ],
     [
      177395.1044716775,
      271238.6469002597
     ],
     [
      177397.25350074942,
      271236.86648925015
     ],
     [
      177398.37457542945,
      271236.35337217967
     ],
     [
      177399.87020457775,
      271236.01683334174
     ],
     [
      177405.15199001838,
      271235.42682668753
     ],
     [
      177416.77370124258,
      271234.11106766056
     ],
     [
      177420.89598801263,
      271233.2576842048
     ],
     [
      177424.73518887657,
      271232.3162505675
     ],
     [
      177433.20628997142,
      271229.9654661213
     ],
     [
      177434.38305059998,
      271229.8294192937
     ],
     [
      177435.4147227025,
      271230.05984168506
     ],
     [
      177436.58464016777,
      271230.8446330982
     ],
     [
      177449.30623618842,
      271242.5619094322
     ]
    ]
   },
   "properties": {
    "osm_id": "1484276332",
    "osm_type": "way",
    "osm_version": "1",
    "osm_timestamp": "2026-03-01T13:51:32Z",
    "highway": "service"
   }
  },
  {
   "type": "Feature",
   "geometry": {
    "type": "LineString",
    "coordinates": [
     [
      177404.142595976,
      271218.4329722202
     ],
     [
      177418.9811549949,
      271215.41181779146
     ],
     [
      177422.7757571646,
      271214.88098046667
     ],
     [
      177426.75288222995,
      271214.3607865101
     ],
     [
      177446.00159510196,
      271212.4936393427
     ],
     [
      177447.91768274183,
      271212.44451705425
     ],
     [
      177449.60633845636,
      271212.6733140679
     ],
     [
      177451.25019444973,
      271213.23504917714
     ],
     [
      177465.73714609575,
      271219.30101480667
     ],
     [
      177467.19028617413,
      271220.229334259
     ],
     [
      177468.41541721756,
      271221.20259500365
     ],
     [
      177485.16987814536,
      271236.5044736517
     ],
     [
      177485.59148070452,
      271237.25783882523
     ],
     [
      177485.54816111387,
      271238.1898611273
     ],
     [
      177485.17610462703,
      271239.02284814446
     ],
     [
      177457.75938551503,
      271269.8216897155
     ],
     [
      177457.19585167506,
      271270.7106230873
     ],
     [
      177456.5422245508,
      271272.06573716376
     ],
     [
      177455.51805593612,
      271274.8640184646
     ],
     [
      177454.9184908153,
      271275.9416430919
     ],
     [
      177454.11815529104,
      271277.0086706093
     ],
     [
      177445.00814173,
      271286.6388332119
     ]
    ]
   },
   "properties": {
    "osm_id": "1484276333",
    "osm_type": "way",
    "osm_version": "1",
    "osm_timestamp": "2026-03-01T13:51:32Z",
    "highway": "service"
   }
  },
  {
   "type": "Feature",
   "geometry": {
    "type": "LineString",
    "coordinates": [
     [
      177453.13201384907,
      271048.2370443443
     ],
     [
      177453.31786054926,
      271068.01758900314
     ],
     [
      177452.90020288975,
      271068.8617842219
     ],
     [
      177451.87150708312,
      271069.84062304685
     ],
     [
      177444.81218953044,
      271074.8948829211
     ],
     [
      177443.92094562438,
      271076.10636098706
     ],
     [
      177443.36699297593,
      271077.1838729943
     ],
     [
      177442.9954282392,
      271078.21655636904
     ],
     [
      177442.96192053697,
      271086.7924763683
     ]
    ]
   },
   "properties": {
    "osm_id": "1484276352",
    "osm_type": "way",
    "osm_version": "1",
    "osm_timestamp": "2026-03-01T13:51:32Z",
    "highway": "service"
   }
  },
  {
   "type": "Feature",
   "geometry": {
    "type": "LineString",
    "coordinates": [
     [
      177455.0330755995,
      271156.3677647032
     ],
     [
      177454.89731715166,
      271164.1895312328
     ],
     [
      177454.9383481693,
      271166.0199772159
     ],
     [
      177455.35206757893,
      271167.2726007164
     ],
     [
      177455.88391483997,
      271168.32523570006
     ],
     [
      177471.8705443801,
      271186.724279995
     ]
    ]
   },
   "properties": {
    "osm_id": "1484276356",
    "osm_type": "way",
    "osm_version": "1",
    "osm_timestamp": "2026-03-01T13:51:32Z",
    "highway": "service"
   }
  },
  {
   "type": "Feature",
   "geometry": {
    "type": "LineString",
    "coordinates": [
     [
      177396.66073927155,
      271170.8351105874
     ],
     [
      177410.47098049553,
      271172.5870135988
     ],
     [
      177413.2370852453,
      271173.1015812268
     ],
     [
      177442.04258815755,
      271179.80875473603
     ],
     [
      177443.43117646975,
      271180.45987460983
     ],
     [
      177444.98651114185,
      271182.12015644606
     ],
     [
      177448.4633787175,
      271185.9279600862
     ],
     [
      177449.4421199405,
      271186.89073421597
     ],
     [
      177450.71268892684,
      271187.78622046416
     ],
     [
      177459.9421668531,
      271193.19954317465
     ]
    ]
   },
   "properties": {
    "osm_id": "1484276358",
    "osm_type": "way",
    "osm_version": "1",
    "osm_timestamp": "2026-03-01T13:51:32Z",
    "highway": "service",
    "name": "광탄길",
    "name:en": "Gwangtan-gil"
   }
  },
  {
   "type": "Feature",
   "geometry": {
    "type": "LineString",
    "coordinates": [
     [
      177283.02978988187,
      271083.36251298
     ],
     [
      177304.10882185274,
      271061.56527004176
     ],
     [
      177304.8907986951,
      271060.4538985366
     ],
     [
      177305.26104915215,
      271058.8997840335
     ],
     [
      177305.39471569852,
      271057.61252057296
     ],
     [
      177305.41929958414,
      271052.8308473831
     ]
    ]
   },
   "properties": {
    "osm_id": "1484426668",
    "osm_type": "way",
    "osm_version": "2",
    "osm_timestamp": "2026-08-30T01:27:43Z",
    "highway": "service"
   }
  },
  {
   "type": "Feature",
   "geometry": {
    "type": "LineString",
    "coordinates": [
     [
      177273.53784265008,
      271075.24303221965
     ],
     [
      177277.78689484668,
      271077.628782798
     ],
     [
      177281.01539701625,
      271080.59398111847
     ],
     [
      177283.02978988187,
      271083.36251298
     ],
     [
      177285.2113625179,
      271087.30661645887
     ],
     [
      177287.65410179392,
      271093.5243858544
     ],
     [
      177288.82657800586,
      271102.6409172551
     ],
     [
      177287.8347465998,
      271111.0750042538
     ],
     [
      177286.42057325353,
      271118.46728738194
     ],
     [
      177283.58087968687,
      271125.04215371254
     ],
     [
      177281.91142993458,
      271128.8627328892
     ],
     [
      177281.38426526985,
      271129.6961151459
     ],
     [
      177279.1210944006,
      271133.27410302305
     ],
     [
      177276.22571006115,
      271135.8108115157
     ],
     [
      177272.5797935927,
      271137.42857301503
     ],
     [
      177262.73226616968,
      271140.3709368625
     ],
     [
      177252.1188143679,
      271143.5371092003
     ],
     [
      177246.30791158954,
      271144.1950916016
     ],
     [
      177241.38996650896,
      271144.3405115255
     ],
     [
      177237.94913311728,
      271144.03847278777
     ],
     [
      177234.69800708583,
      271142.9704592847
     ],
     [
      177232.08364850702,
      271141.1131646318
     ],
     [
      177219.5973163322,
      271125.12432358926
     ],
     [
      177216.36586752083,
      271120.9831658994
     ],
     [
      177214.70791438606,
      271118.4467355212
     ],
     [
      177213.93504284346,
      271115.89699660725
     ],
     [
      177213.7635782527,
      271113.0129260852
     ],
     [
      177214.15804881725,
      271110.2050991488
     ],
     [
      177215.84691000832,
      271103.2115094533
     ],
     [
      177221.15717609593,
      271092.092902424
     ],
     [
      177222.43842765075,
      271089.9485116184
     ],
     [
      177225.50058134497,
      271084.7709427629
     ],
     [
      177230.64385017043,
      271079.84333873104
     ],
     [
      177236.40170893568,
      271076.20113190013
     ],
     [
      177241.87922356746,
      271073.5692040944
     ],
     [
      177247.64227389282,
      271072.0016121304
     ],
     [
      177253.13498776918,
      271071.79928910075
     ],
     [
      177259.6415345077,
      271071.98273571546
     ],
     [
      177265.3192390664,
      271072.7784386142
     ],
     [
      177273.53784265008,
      271075.24303221965
     ]
    ]
   },
   "properties": {
    "osm_id": "1484426669",
    "osm_type": "way",
    "osm_version": "1",
    "osm_timestamp": "2026-03-02T01:43:44Z",
    "highway": "service"
   }
  },
  {
   "type": "Feature",
   "geometry": {
    "type": "LineString",
    "coordinates": [
     [
      177225.50058134497,
      271084.7709427629
     ],
     [
      177211.71890435118,
      271083.56286492356
     ],
     [
      177210.14836989675,
      271083.1452143564
     ],
     [
      177209.13448082903,
      271082.7372652054
     ],
     [
      177207.88265059562,
      271082.05255595647
     ],
     [
      177207.00482930132,
      271081.3225338726
     ],
     [
      177203.02111953773,
      271075.58569493704
     ],
     [
      177180.86493811337,
      271093.46961051313
     ],
     [
      177159.0548646043,
      271111.0642630721
     ]
    ]
   },
   "properties": {
    "osm_id": "1484426670",
    "osm_type": "way",
    "osm_version": "1",
    "osm_timestamp": "2026-03-02T01:43:44Z",
    "highway": "service"
   }
  },
  {
   "type": "Feature",
   "geometry": {
    "type": "LineString",
    "coordinates": [
     [
      177180.86493811337,
      271093.46961051313
     ],
     [
      177187.1815254705,
      271101.60804343555
     ],
     [
      177210.83665626182,
      271132.11341850203
     ],
     [
      177236.86257876267,
      271165.6638419477
     ],
     [
      177242.08972300755,
      271172.4071633998
     ]
    ]
   },
   "properties": {
    "osm_id": "1484426671",
    "osm_type": "way",
    "osm_version": "1",
    "osm_timestamp": "2026-03-02T01:43:44Z",
    "highway": "service"
   }
  },
  {
   "type": "Feature",
   "geometry": {
    "type": "LineString",
    "coordinates": [
     [
      177281.38426526985,
      271129.6961151459
     ],
     [
      177286.4458216493,
      271135.907351719
     ],
     [
      177298.16144383754,
      271150.2562590598
     ],
     [
      177298.43737306897,
      271151.1320152832
     ],
     [
      177298.48587336185,
      271152.28569418145
     ],
     [
      177298.0321495533,
      271153.29640008626
     ],
     [
      177297.20419803803,
      271154.26366204076
     ],
     [
      177236.5646117311,
      271203.42934560153
     ],
     [
      177228.9334867438,
      271209.6168163704
     ],
     [
      177221.06945782513,
      271217.5355762384
     ],
     [
      177216.89227397135,
      271221.9726240932
     ],
     [
      177213.61752711452,
      271226.04130615486
     ],
     [
      177196.86168218913,
      271246.81836668384
     ],
     [
      177194.56706004584,
      271248.743414943
     ],
     [
      177175.91387304937,
      271262.44714724744
     ]
    ]
   },
   "properties": {
    "osm_id": "1484426672",
    "osm_type": "way",
    "osm_version": "1",
    "osm_timestamp": "2026-03-02T01:43:44Z",
    "highway": "service"
   }
  },
  {
   "type": "Feature",
   "geometry": {
    "type": "LineString",
    "coordinates": [
     [
      177229.33408039433,
      271194.6607921908
     ],
     [
      177236.5646117311,
      271203.42934560153
     ],
     [
      177237.72697807755,
      271204.83540736424
     ],
     [
      177273.54080419824,
      271248.27971858275
     ],
     [
      177277.64998157014,
      271253.15092586674
     ],
     [
      177295.97200385612,
      271274.9053901922
     ],
     [
      177300.40151678232,
      271280.1752014023
     ],
     [
      177315.30066459381,
      271297.86665490037
     ],
     [
      177318.42140493522,
      271301.56435447704
     ]
    ]
   },
   "properties": {
    "osm_id": "1484426673",
    "osm_type": "way",
    "osm_version": "1",
    "osm_timestamp": "2026-03-02T01:43:44Z",
    "highway": "service"
   }
  },
  {
   "type": "Feature",
   "geometry": {
    "type": "LineString",
    "coordinates": [
     [
      177230.89832198567,
      271181.62116061756
     ],
     [
      177242.08972300755,
      271172.4071633998
     ],
     [
      177251.296041768,
      271164.8400847998
     ],
     [
      177286.4458216493,
      271135.907351719
     ]
    ]
   },
   "properties": {
    "osm_id": "1484426674",
    "osm_type": "way",
    "osm_version": "1",
    "osm_timestamp": "2026-03-02T01:43:44Z",
    "highway": "service"
   }
  },
  {
   "type": "Feature",
   "geometry": {
    "type": "LineString",
    "coordinates": [
     [
      177210.83665626182,
      271132.11341850203
     ],
     [
      177219.5973163322,
      271125.12432358926
     ]
    ]
   },
   "properties": {
    "osm_id": "1484426675",
    "osm_type": "way",
    "osm_version": "1",
    "osm_timestamp": "2026-03-02T01:43:44Z",
    "highway": "service"
   }
  },
  {
   "type": "Feature",
   "geometry": {
    "type": "LineString",
    "coordinates": [
     [
      177232.08364850702,
      271141.1131646318
     ],
     [
      177251.296041768,
      271164.8400847998
     ]
    ]
   },
   "properties": {
    "osm_id": "1484426678",
    "osm_type": "way",
    "osm_version": "1",
    "osm_timestamp": "2026-03-02T01:43:44Z",
    "highway": "service"
   }
  },
  {
   "type": "Feature",
   "geometry": {
    "type": "LineString",
    "coordinates": [
     [
      177214.7900460671,
      271253.38565195375
     ],
     [
      177213.61752711452,
      271226.04130615486
     ]
    ]
   },
   "properties": {
    "osm_id": "1484426687",
    "osm_type": "way",
    "osm_version": "1",
    "osm_timestamp": "2026-03-02T01:43:44Z",
    "highway": "service"
   }
  },
  {
   "type": "Feature",
   "geometry": {
    "type": "LineString",
    "coordinates": [
     [
      177223.41549705077,
      271312.77368498023
     ],
     [
      177239.26512331134,
      271320.07843692094
     ],
     [
      177273.43077303647,
      271335.8134790473
     ],
     [
      177291.06122419942,
      271343.757341905
     ],
     [
      177301.65775692504,
      271348.53472464945
     ]
    ]
   },
   "properties": {
    "osm_id": "1484426689",
    "osm_type": "way",
    "osm_version": "1",
    "osm_timestamp": "2026-03-02T01:43:44Z",
    "highway": "service"
   }
  },
  {
   "type": "Feature",
   "geometry": {
    "type": "LineString",
    "coordinates": [
     [
      177239.26512331134,
      271320.07843692094
     ],
     [
      177273.54080419824,
      271248.27971858275
     ]
    ]
   },
   "properties": {
    "osm_id": "1484426690",
    "osm_type": "way",
    "osm_version": "1",
    "osm_timestamp": "2026-03-02T01:43:44Z",
    "highway": "service"
   }
  },
  {
   "type": "Feature",
   "geometry": {
    "type": "LineString",
    "coordinates": [
     [
      177300.40151678232,
      271280.1752014023
     ],
     [
      177273.43077303647,
      271335.8134790473
     ]
    ]
   },
   "properties": {
    "osm_id": "1484426694",
    "osm_type": "way",
    "osm_version": "1",
    "osm_timestamp": "2026-03-02T01:43:44Z",
    "highway": "service"
   }
  },
  {
   "type": "Feature",
   "geometry": {
    "type": "LineString",
    "coordinates": [
     [
      177315.30066459381,
      271297.86665490037
     ],
     [
      177291.06122419942,
      271343.757341905
     ]
    ]
   },
   "properties": {
    "osm_id": "1484426699",
    "osm_type": "way",
    "osm_version": "1",
    "osm_timestamp": "2026-03-02T01:43:44Z",
    "highway": "service"
   }
  },
  {
   "type": "Feature",
   "geometry": {
    "type": "LineString",
    "coordinates": [
     [
      177295.97200385612,
      271274.9053901922
     ],
     [
      177310.32080655877,
      271262.14454405813
     ],
     [
      177315.18264626552,
      271257.8167757266
     ],
     [
      177317.93200689965,
      271255.28044266184
     ],
     [
      177320.15266084162,
      271252.9562175828
     ],
     [
      177354.60068879978,
      271217.08050294925
     ]
    ]
   },
   "properties": {
    "osm_id": "1484426700",
    "osm_type": "way",
    "osm_version": "1",
    "osm_timestamp": "2026-03-02T01:43:44Z",
    "highway": "service"
   }
  },
  {
   "type": "Feature",
   "geometry": {
    "type": "LineString",
    "coordinates": [
     [
      177366.40822721022,
      271228.1120950229
     ],
     [
      177354.60068879978,
      271217.08050294925
     ],
     [
      177350.17399167066,
      271212.94227026904
     ]
    ]
   },
   "properties": {
    "osm_id": "1484426701",
    "osm_type": "way",
    "osm_version": "1",
    "osm_timestamp": "2026-03-02T01:43:44Z",
    "highway": "service"
   }
  },
  {
   "type": "Feature",
   "geometry": {
    "type": "LineString",
    "coordinates": [
     [
      177280.28379284003,
      271233.5630373881
     ],
     [
      177288.1442097645,
      271242.47428515664
     ],
     [
      177292.20712199542,
      271247.0904470132
     ],
     [
      177293.28641120525,
      271248.11951917823
     ],
     [
      177295.2240595104,
      271249.4016185935
     ],
     [
      177299.24540517337,
      271251.9876430386
     ],
     [
      177300.616711392,
      271253.0270823503
     ],
     [
      177301.86024371278,
      271254.05574612104
     ],
     [
      177310.32080655877,
      271262.14454405813
     ]
    ]
   },
   "properties": {
    "osm_id": "1484426702",
    "osm_type": "way",
    "osm_version": "1",
    "osm_timestamp": "2026-03-02T01:43:44Z",
    "highway": "service"
   }
  },
  {
   "type": "Feature",
   "geometry": {
    "type": "LineString",
    "coordinates": [
     [
      177277.64998157014,
      271253.15092586674
     ],
     [
      177288.1442097645,
      271242.47428515664
     ]
    ]
   },
   "properties": {
    "osm_id": "1484426703",
    "osm_type": "way",
    "osm_version": "1",
    "osm_timestamp": "2026-03-02T01:43:44Z",
    "highway": "service"
   }
  },
  {
   "type": "Feature",
   "geometry": {
    "type": "LineString",
    "coordinates": [
     [
      177214.70791438606,
      271118.4467355212
     ],
     [
      177199.02780556833,
      271098.8159128504
     ]
    ]
   },
   "properties": {
    "osm_id": "1484426726",
    "osm_type": "way",
    "osm_version": "1",
    "osm_timestamp": "2026-03-02T01:43:44Z",
    "highway": "service"
   }
  },
  {
   "type": "Feature",
   "geometry": {
    "type": "LineString",
    "coordinates": [
     [
      177243.02505863737,
      271115.82425682014
     ],
     [
      177241.4653750193,
      271116.0944159544
     ],
     [
      177239.90436059298,
      271115.83205569786
     ],
     [
      177238.6159823774,
      271115.1252451274
     ],
     [
      177237.61868406035,
      271114.0515976291
     ],
     [
      177237.01308856643,
      271112.7107096509
     ],
     [
      177236.93831499194,
      271112.0008659111
     ],
     [
      177236.85433336158,
      271111.2577625017
     ],
     [
      177237.17015371635,
      271109.83691180934
     ],
     [
      177237.91523059417,
      271108.57030741044
     ],
     [
      177238.32496175735,
      271108.2142679913
     ],
     [
      177239.02607833198,
      271107.6134272868
     ],
     [
      177240.37514302004,
      271107.0442499492
     ],
     [
      177241.84399545557,
      271106.94073106424
     ],
     [
      177243.2683602806,
      271107.29218695755
     ],
     [
      177244.5112812797,
      271108.06567714125
     ],
     [
      177245.4998426554,
      271109.2946664174
     ],
     [
      177246.0145766615,
      271110.7911011693
     ],
     [
      177245.99113829355,
      271112.366540204
     ],
     [
      177245.42908430388,
      271113.8434769785
     ],
     [
      177244.4009701839,
      271115.04422263283
     ],
     [
      177243.02505863737,
      271115.82425682014
     ]
    ]
   },
   "properties": {
    "osm_id": "1484426735",
    "osm_type": "way",
    "osm_version": "1",
    "osm_timestamp": "2026-03-02T01:43:44Z",
    "highway": "service"
   }
  },
  {
   "type": "Feature",
   "geometry": {
    "type": "LineString",
    "coordinates": [
     [
      177219.5973163322,
      271125.12432358926
     ],
     [
      177236.93831499194,
      271112.0008659111
     ]
    ]
   },
   "properties": {
    "osm_id": "1484426736",
    "osm_type": "way",
    "osm_version": "1",
    "osm_timestamp": "2026-03-02T01:43:44Z",
    "highway": "service"
   }
  },
  {
   "type": "Feature",
   "geometry": {
    "type": "LineString",
    "coordinates": [
     [
      177238.32496175735,
      271108.2142679913
     ],
     [
      177222.43842765075,
      271089.9485116184
     ]
    ]
   },
   "properties": {
    "osm_id": "1484426737",
    "osm_type": "way",
    "osm_version": "1",
    "osm_timestamp": "2026-03-02T01:43:44Z",
    "highway": "service"
   }
  },
  {
   "type": "Feature",
   "geometry": {
    "type": "LineString",
    "coordinates": [
     [
      177245.4998426554,
      271109.2946664174
     ],
     [
      177283.02978988187,
      271083.36251298
     ]
    ]
   },
   "properties": {
    "osm_id": "1484426738",
    "osm_type": "way",
    "osm_version": "1",
    "osm_timestamp": "2026-03-02T01:43:44Z",
    "highway": "service"
   }
  },
  {
   "type": "Feature",
   "geometry": {
    "type": "LineString",
    "coordinates": [
     [
      177262.73226616968,
      271140.3709368625
     ],
     [
      177244.4009701839,
      271115.04422263283
     ]
    ]
   },
   "properties": {
    "osm_id": "1484426739",
    "osm_type": "way",
    "osm_version": "1",
    "osm_timestamp": "2026-03-02T01:43:44Z",
    "highway": "service"
   }
  },
  {
   "type": "Feature",
   "geometry": {
    "type": "LineString",
    "coordinates": [
     [
      176934.46894228877,
      271055.6044551571
     ],
     [
      176934.9094034915,
      271067.3854126439
     ],
     [
      176935.24296433365,
      271072.9871544359
     ],
     [
      176936.22883105624,
      271080.3401327546
     ],
     [
      176944.02865262344,
      271119.19456895837
     ],
     [
      176944.669894962,
      271123.7859574191
     ],
     [
      176946.38217444508,
      271136.9393815244
     ],
     [
      176947.08287900616,
      271139.78882531676
     ],
     [
      176948.28527989276,
      271142.57043382176
     ],
     [
      176963.75973230286,
      271178.11047890346
     ]
    ]
   },
   "properties": {
    "osm_id": "1484426749",
    "osm_type": "way",
    "osm_version": "2",
    "osm_timestamp": "2026-08-30T01:27:43Z",
    "highway": "service",
    "name": "영산로",
    "name:en": "Yeongsan-ro",
    "name:ko": "영산로"
   }
  },
  {
   "type": "Feature",
   "geometry": {
    "type": "LineString",
    "coordinates": [
     [
      176978.97274203465,
      271139.1534427191
     ],
     [
      176990.69877057127,
      271157.4292899886
     ],
     [
      176993.36148896394,
      271160.3514398115
     ],
     [
      176996.23194623666,
      271162.4299040322
     ],
     [
      176999.94294860653,
      271164.927827007
     ],
     [
      177003.09856898754,
      271167.9153001783
     ],
     [
      177013.12606236318,
      271178.4738804708
     ],
     [
      177015.7871713803,
      271180.76366968
     ],
     [
      177019.43568724932,
      271183.8164698783
     ],
     [
      177056.2981803209,
      271215.6749091503
     ],
     [
      177058.9615593904,
      271218.8744322567
     ],
     [
      177060.43659610863,
      271221.2337879108
     ],
     [
      177061.9137558859,
      271224.43630010774
     ],
     [
      177066.0740692562,
      271238.6930044716
     ],
     [
      177066.84982201076,
      271242.3743359971
     ],
     [
      177071.95591471464,
      271269.8640812646
     ],
     [
      177072.31195471136,
      271273.5575643947
     ],
     [
      177072.18645305166,
      271278.0732332158
     ],
     [
      177071.86426842533,
      271287.8258753416
     ],
     [
      177072.08623106085,
      271292.62911947025
     ],
     [
      177073.0935755227,
      271304.9411822575
     ],
     [
      177072.9663422629,
      271308.76901315886
     ],
     [
      177072.2737438499,
      271312.7424925957
     ],
     [
      177070.11732972204,
      271318.80537391856
     ],
     [
      177069.08712161737,
      271322.7797038027
     ],
     [
      177069.02043830193,
      271325.28716857097
     ],
     [
      177069.72881834462,
      271327.5818911703
     ],
     [
      177091.81159821767,
      271407.7820021687
     ],
     [
      177092.8672296208,
      271410.2866436282
     ],
     [
      177094.20519130185,
      271412.5797845433
     ],
     [
      177097.7870656789,
      271418.2066464605
     ],
     [
      177099.25382883067,
      271420.9210451119
     ],
     [
      177100.17345349467,
      271423.7699507847
     ],
     [
      177103.55212272523,
      271432.0488482667
     ],
     [
      177104.95378289864,
      271434.2752652094
     ],
     [
      177106.5626846254,
      271435.4583032082
     ],
     [
      177108.80871312565,
      271436.0073683687
     ],
     [
      177112.02035175666,
      271435.92163549573
     ],
     [
      177120.96663559586,
      271433.9576616768
     ],
     [
      177122.92821442103,
      271433.87507361756
     ],
     [
      177124.81841351374,
      271434.4361309371
     ],
     [
      177125.93350119278,
      271435.1877377183
     ]
    ]
   },
   "properties": {
    "osm_id": "1484426750",
    "osm_type": "way",
    "osm_version": "1",
    "osm_timestamp": "2026-03-02T01:43:44Z",
    "highway": "service",
    "name": "원곡길",
    "name:en": "Wongok-gil"
   }
  },
  {
   "type": "Feature",
   "geometry": {
    "type": "LineString",
    "coordinates": [
     [
      177122.72338511888,
      271439.51145970746
     ],
     [
      177152.8587963793,
      271474.6489003251
     ]
    ]
   },
   "properties": {
    "osm_id": "1484426751",
    "osm_type": "way",
    "osm_version": "1",
    "osm_timestamp": "2026-03-02T01:43:44Z",
    "highway": "service",
    "name": "원곡길",
    "name:en": "Wongok-gil"
   }
  },
  {
   "type": "Feature",
   "geometry": {
    "type": "LineString",
    "coordinates": [
     [
      177311.75741714743,
      271044.00623869896
     ],
     [
      177311.96028492687,
      271004.5657576173
     ]
    ]
   },
   "properties": {
    "osm_id": "1484433607",
    "osm_type": "way",
    "osm_version": "2",
    "osm_timestamp": "2026-08-30T01:27:43Z",
    "highway": "service"
   }
  },
  {
   "type": "Feature",
   "geometry": {
    "type": "LineString",
    "coordinates": [
     [
      177113.1719355991,
      270786.75097216753
     ],
     [
      177113.56869455913,
      270777.5972399845
     ],
     [
      177115.80269543582,
      270726.0811448223
     ]
    ]
   },
   "properties": {
    "osm_id": "1484433624",
    "osm_type": "way",
    "osm_version": "1",
    "osm_timestamp": "2026-03-02T03:16:42Z",
    "highway": "residential"
   }
  },
  {
   "type": "Feature",
   "geometry": {
    "type": "LineString",
    "coordinates": [
     [
      177294.28474024046,
      270664.00604854093
     ],
     [
      177307.59597129675,
      270673.9243906938
     ],
     [
      177310.11750868478,
      270675.10519038705
     ],
     [
      177314.24490269602,
      270676.20433134324
     ],
     [
      177321.73145102646,
      270677.71668996895
     ],
     [
      177324.81684745112,
      270678.1305885446
     ],
     [
      177393.5195352916,
      270684.6718111323
     ]
    ]
   },
   "properties": {
    "osm_id": "1484433627",
    "osm_type": "way",
    "osm_version": "1",
    "osm_timestamp": "2026-03-02T03:16:42Z",
    "highway": "residential",
    "name": "금구길"
   }
  },
  {
   "type": "Feature",
   "geometry": {
    "type": "LineString",
    "coordinates": [
     [
      177449.56079575594,
      270766.79653215065
     ],
     [
      177451.53331990092,
      270752.6465167609
     ],
     [
      177451.89508740997,
      270751.33650307613
     ],
     [
      177452.32150053474,
      270750.33696755243
     ],
     [
      177454.2106469881,
      270746.73776340124
     ]
    ]
   },
   "properties": {
    "osm_id": "1484433641",
    "osm_type": "way",
    "osm_version": "1",
    "osm_timestamp": "2026-03-02T03:16:42Z",
    "highway": "service",
    "name": "금구길"
   }
  },
  {
   "type": "Feature",
   "geometry": {
    "type": "LineString",
    "coordinates": [
     [
      178172.9358668468,
      270804.17461452755
     ],
     [
      178176.08764819027,
      270798.0541491284
     ],
     [
      178176.97779373094,
      270796.33241286926
     ],
     [
      178178.08691699264,
      270794.5990578241
     ],
     [
      178179.6258803861,
      270793.2640648355
     ],
     [
      178240.12443173587,
      270739.1015950179
     ],
     [
      178244.23922634101,
      270734.98690622
     ],
     [
      178247.51283436138,
      270730.1752928613
     ],
     [
      178250.85743433528,
      270724.5203510074
     ],
     [
      178252.39141360854,
      270721.08857623
     ],
     [
      178253.98887341583,
      270717.4902369752
     ],
     [
      178266.68153872745,
      270682.81271486374
     ],
     [
      178269.34703283812,
      270675.53964589845
     ],
     [
      178271.0156306311,
      270671.15345119155
     ],
     [
      178271.98139723745,
      270666.6912739678
     ],
     [
      178272.80779766315,
      270661.18657340977
     ],
     [
      178272.86320605868,
      270657.6362934092
     ],
     [
      178273.25542081604,
      270646.08628329716
     ],
     [
      178273.7423657855,
      270643.6443951744
     ],
     [
      178274.57490877918,
      270640.7135374271
     ],
     [
      178287.27318618228,
      270600.655343648
     ],
     [
      178288.38515948126,
      270596.2704796883
     ],
     [
      178289.0046813434,
      270592.0199202404
     ],
     [
      178289.34084128082,
      270587.57034049183
     ],
     [
      178288.89286847424,
      270556.59637294593
     ],
     [
      178288.67020945853,
      270555.0659026898
     ],
     [
      178287.87418361267,
      270554.1802633592
     ],
     [
      178286.6602402014,
      270554.07221505337
     ],
     [
      178285.28394375657,
      270554.76333708514
     ],
     [
      178255.42640779924,
      270570.4552152196
     ]
    ]
   },
   "properties": {
    "osm_id": "1484464956",
    "osm_type": "way",
    "osm_version": "1",
    "osm_timestamp": "2026-03-02T06:28:19Z",
    "highway": "track",
    "name": "오강길",
    "tracktype": "grade1"
   }
  },
  {
   "type": "Feature",
   "geometry": {
    "type": "LineString",
    "coordinates": [
     [
      178195.3444122839,
      270821.99371956754
     ],
     [
      178208.06846436142,
      270823.47207903943
     ],
     [
      178212.40308981767,
      270823.539368088
     ],
     [
      178217.63083758502,
      270823.1274718632
     ],
     [
      178222.36450203316,
      270822.16204929526
     ],
     [
      178227.09776964015,
      270821.0302169187
     ],
     [
      178238.86005322842,
      270817.17460127914
     ],
     [
      178239.8630236981,
      270816.83937847096
     ],
     [
      178243.47257840796,
      270815.15552876436
     ],
     [
      178246.99902772388,
      270813.0613930493
     ],
     [
      178252.21819979546,
      270809.0550116779
     ],
     [
      178254.37837051947,
      270808.006997605
     ],
     [
      178256.7866424161,
      270807.6795156877
     ],
     [
      178258.7221279834,
      270808.0742869432
     ],
     [
      178273.2731824195,
      270814.1968522892
     ]
    ]
   },
   "properties": {
    "osm_id": "1484464957",
    "osm_type": "way",
    "osm_version": "1",
    "osm_timestamp": "2026-03-02T06:28:19Z",
    "highway": "track",
    "name": "오강길",
    "tracktype": "grade1"
   }
  },
  {
   "type": "Feature",
   "geometry": {
    "type": "LineString",
    "coordinates": [
     [
      178176.08764819027,
      270798.0541491284
     ],
     [
      178181.7366548734,
      270798.2624990441
     ],
     [
      178184.3118637435,
      270799.05511377705
     ],
     [
      178187.3720607118,
      270800.41237266234
     ],
     [
      178218.33795299576,
      270817.36788308073
     ],
     [
      178219.86567216038,
      270818.9617965219
     ],
     [
      178220.918697857,
      270820.4791858335
     ],
     [
      178222.36450203316,
      270822.16204929526
     ]
    ]
   },
   "properties": {
    "osm_id": "1484464958",
    "osm_type": "way",
    "osm_version": "1",
    "osm_timestamp": "2026-03-02T06:28:19Z",
    "highway": "track",
    "name": "오강길",
    "tracktype": "grade1"
   }
  },
  {
   "type": "Feature",
   "geometry": {
    "type": "LineString",
    "coordinates": [
     [
      178238.86005322842,
      270817.17460127914
     ],
     [
      178242.5607552532,
      270826.90648055484
     ],
     [
      178243.20240328257,
      270828.11421716324
     ],
     [
      178244.37269917064,
      270829.06552406354
     ],
     [
      178245.3412084778,
      270829.5846387168
     ],
     [
      178263.10780295602,
      270837.17503827583
     ]
    ]
   },
   "properties": {
    "osm_id": "1484464961",
    "osm_type": "way",
    "osm_version": "1",
    "osm_timestamp": "2026-03-02T06:28:19Z",
    "highway": "track"
   }
  },
  {
   "type": "Feature",
   "geometry": {
    "type": "LineString",
    "coordinates": [
     [
      178252.39141360854,
      270721.08857623
     ],
     [
      178277.77552143426,
      270746.8442344571
     ]
    ]
   },
   "properties": {
    "osm_id": "1484464963",
    "osm_type": "way",
    "osm_version": "1",
    "osm_timestamp": "2026-03-02T06:28:19Z",
    "highway": "track",
    "tracktype": "grade1"
   }
  },
  {
   "type": "Feature",
   "geometry": {
    "type": "LineString",
    "coordinates": [
     [
      178266.68153872745,
      270682.81271486374
     ],
     [
      178302.75105060026,
      270673.9290085731
     ],
     [
      178305.68706716,
      270672.9457242432
     ],
     [
      178308.54942151214,
      270671.6852610025
     ],
     [
      178310.43537072823,
      270670.4271237738
     ],
     [
      178312.31999963193,
      270668.6142794973
     ],
     [
      178315.58769837508,
      270661.29541375476
     ],
     [
      178316.49692674814,
      270659.9064726872
     ],
     [
      178317.88976993685,
      270658.50528623495
     ],
     [
      178320.19482690303,
      270656.96879811055
     ]
    ]
   },
   "properties": {
    "osm_id": "1484464967",
    "osm_type": "way",
    "osm_version": "1",
    "osm_timestamp": "2026-03-02T06:28:19Z",
    "highway": "track",
    "name": "오강길",
    "tracktype": "grade1"
   }
  },
  {
   "type": "Feature",
   "geometry": {
    "type": "LineString",
    "coordinates": [
     [
      178368.07870452764,
      270884.9741545882
     ],
     [
      178370.84664118852,
      270870.8779279692
     ],
     [
      178372.42739864383,
      270867.9231129404
     ],
     [
      178375.27427977885,
      270864.0111894157
     ],
     [
      178399.25655987312,
      270829.97270063224
     ],
     [
      178401.05607379734,
      270826.9064299069
     ],
     [
      178402.42397153904,
      270822.68738486397
     ],
     [
      178406.75885036637,
      270807.4669398069
     ],
     [
      178415.03963481108,
      270778.4470382871
     ],
     [
      178416.72053698814,
      270775.3810521088
     ],
     [
      178418.93932683746,
      270772.10300167574
     ],
     [
      178465.64956380936,
      270713.4260976944
     ],
     [
      178470.61099451262,
      270704.5500939268
     ],
     [
      178472.60973999623,
      270696.95692929236
     ],
     [
      178473.5456837018,
      270687.55792068905
     ],
     [
      178474.05575652412,
      270679.4357530229
     ],
     [
      178473.6026670883,
      270669.1968676252
     ],
     [
      178472.7006012727,
      270662.0432339934
     ],
     [
      178472.63543934893,
      270661.4997717043
     ],
     [
      178459.45688421218,
      270602.9645952695
     ],
     [
      178456.68554500394,
      270596.425566199
     ],
     [
      178453.91745605352,
      270591.2622122627
     ],
     [
      178441.02394726232,
      270537.58565605374
     ]
    ]
   },
   "properties": {
    "osm_id": "1484464970",
    "osm_type": "way",
    "osm_version": "1",
    "osm_timestamp": "2026-03-02T06:28:19Z",
    "highway": "service",
    "name": "수량길",
    "name:en": "Suryang-gil"
   }
  },
  {
   "type": "Feature",
   "geometry": {
    "type": "LineString",
    "coordinates": [
     [
      178472.7006012727,
      270662.0432339934
     ],
     [
      178479.28571012866,
      270660.6076134126
     ],
     [
      178480.52638369432,
      270660.4493630923
     ],
     [
      178482.1778791952,
      270660.3678018429
     ],
     [
      178505.31341634158,
      270661.5446312475
     ],
     [
      178506.48119255135,
      270661.4309333381
     ],
     [
      178507.5205339765,
      270661.0290891875
     ],
     [
      178508.80568263627,
      270660.3825925379
     ],
     [
      178520.14310551967,
      270650.35996532696
     ],
     [
      178520.82486121025,
      270649.2378423937
     ],
     [
      178521.10405692403,
      270647.6729004377
     ],
     [
      178521.14609926654,
      270646.1528945829
     ],
     [
      178520.97705593825,
      270644.1230528734
     ],
     [
      178520.45293625226,
      270642.4379690264
     ],
     [
      178519.71979747363,
      270641.1194870618
     ],
     [
      178512.11176819314,
      270630.5868393919
     ],
     [
      178510.3368215711,
      270628.62735190854
     ],
     [
      178505.54195349352,
      270623.04718449886
     ],
     [
      178504.33219890707,
      270620.8422918117
     ],
     [
      178503.64138368695,
      270618.1258409037
     ],
     [
      178503.19687377886,
      270615.37552611035
     ],
     [
      178503.02402927823,
      270611.7370334392
     ],
     [
      178503.06219361772,
      270608.5750937659
     ],
     [
      178503.41025343628,
      270605.25710378797
     ],
     [
      178506.63996647677,
      270593.3675841499
     ]
    ]
   },
   "properties": {
    "osm_id": "1484464971",
    "osm_type": "way",
    "osm_version": "1",
    "osm_timestamp": "2026-03-02T06:28:19Z",
    "highway": "service",
    "name": "수량길",
    "name:en": "Suryang-gil"
   }
  },
  {
   "type": "Feature",
   "geometry": {
    "type": "LineString",
    "coordinates": [
     [
      178494.31616968336,
      270784.70523936365
     ],
     [
      178488.90325810123,
      270787.8687784467
     ],
     [
      178485.55717706968,
      270789.0859511156
     ],
     [
      178480.81410740956,
      270789.9514108318
     ],
     [
      178472.52987048926,
      270790.57007551333
     ],
     [
      178466.93687701834,
      270790.8939350243
     ],
     [
      178463.40457146318,
      270790.5361779783
     ],
     [
      178459.92659682196,
      270790.00078640966
     ],
     [
      178456.091296824,
      270788.8560597074
     ],
     [
      178452.25457850046,
      270787.1122504953
     ],
     [
      178449.20217732494,
      270785.177985394
     ],
     [
      178445.7926065096,
      270782.70095016324
     ],
     [
      178440.1791387064,
      270778.23217473243
     ],
     [
      178435.8483396374,
      270775.9348313759
     ],
     [
      178432.01389760693,
      270775.1562217511
     ],
     [
      178427.56977558296,
      270775.1001815974
     ],
     [
      178422.6437797324,
      270775.78859745193
     ],
     [
      178419.89794084878,
      270776.15011786105
     ],
     [
      178418.6202838527,
      270776.0976741811
     ],
     [
      178417.34160153946,
      270775.61255882034
     ],
     [
      178416.72053698814,
      270775.3810521088
     ],
     [
      178414.71765204362,
      270773.49978254095
     ],
     [
      178413.0059308246,
      270771.26280850114
     ],
     [
      178411.60272963825,
      270768.29288545874
     ],
     [
      178393.24360698718,
      270726.3448271431
     ],
     [
      178391.71479753684,
      270724.28493063303
     ],
     [
      178389.33776155568,
      270722.4045543387
     ],
     [
      178387.31592442008,
      270720.23488627846
     ],
     [
      178385.85098929625,
      270718.17483918264
     ],
     [
      178384.81422904748,
      270715.81423244224
     ],
     [
      178378.3636280488,
      270693.16406874644
     ]
    ]
   },
   "properties": {
    "osm_id": "1484464976",
    "osm_type": "way",
    "osm_version": "1",
    "osm_timestamp": "2026-03-02T06:28:19Z",
    "highway": "service",
    "name": "수량길"
   }
  },
  {
   "type": "Feature",
   "geometry": {
    "type": "LineString",
    "coordinates": [
     [
      178391.84061483026,
      270804.2406226321
     ],
     [
      178396.50083200188,
      270803.0757692159
     ],
     [
      178397.42247272716,
      270803.0735831297
     ],
     [
      178398.50891882408,
      270803.3039847294
     ],
     [
      178406.75885036637,
      270807.4669398069
     ]
    ]
   },
   "properties": {
    "osm_id": "1484464981",
    "osm_type": "way",
    "osm_version": "1",
    "osm_timestamp": "2026-03-02T06:28:19Z",
    "highway": "service"
   }
  },
  {
   "type": "Feature",
   "geometry": {
    "type": "LineString",
    "coordinates": [
     [
      178424.74975546956,
      270790.3724980596
     ],
     [
      178416.72053698814,
      270775.3810521088
     ]
    ]
   },
   "properties": {
    "osm_id": "1484464983",
    "osm_type": "way",
    "osm_version": "1",
    "osm_timestamp": "2026-03-02T06:28:19Z",
    "highway": "service",
    "name": "수량길"
   }
  },
  {
   "type": "Feature",
   "geometry": {
    "type": "LineString",
    "coordinates": [
     [
      178053.05561690032,
      270981.1603085626
     ],
     [
      178054.1474330319,
      270979.8374654282
     ],
     [
      178055.70561262686,
      270978.923984793
     ],
     [
      178181.91870760726,
      270954.2467446458
     ],
     [
      178183.37870845126,
      270954.2432470646
     ],
     [
      178185.20370950195,
      270954.2388754161
     ],
     [
      178189.10093696485,
      270954.5845560975
     ],
     [
      178190.16925330652,
      270954.8704473124
     ],
     [
      178200.43231768653,
      270957.5861470622
     ],
     [
      178204.69456970328,
      270957.9420548873
     ],
     [
      178207.74202817457,
      270957.812725873
     ],
     [
      178210.77951234928,
      270957.3284067867
     ],
     [
      178270.16288551153,
      270944.81647297816
     ],
     [
      178305.2684241654,
      270960.73063953756
     ],
     [
      178307.7108764063,
      270963.276491421
     ],
     [
      178309.42475467382,
      270966.42316687107
     ],
     [
      178310.52696684533,
      270969.449262972
     ],
     [
      178335.64918836893,
      271088.77434184094
     ],
     [
      178335.41060261714,
      271092.04770388466
     ],
     [
      178333.71116792416,
      271094.95843216573
     ],
     [
      178331.88994353847,
      271096.53814432025
     ],
     [
      178276.44078785667,
      271124.5500182021
     ],
     [
      178271.93687850557,
      271126.1361423117
     ],
     [
      178267.07681106555,
      271127.6010822012
     ],
     [
      178225.6525978853,
      271136.38680848095
     ],
     [
      178098.17004926386,
      271163.3963063133
     ],
     [
      178095.7162529703,
      271163.7239405717
     ],
     [
      178093.27870484706,
      271163.21946976584
     ],
     [
      178090.98475103415,
      271161.7161741782
     ],
     [
      178089.4087995009,
      271159.02406988124
     ],
     [
      178057.60189752706,
      271008.5076988706
     ],
     [
      178054.30667521048,
      270992.90607202303
     ],
     [
      178052.41448088776,
      270983.9575968802
     ],
     [
      178052.56612981588,
      270982.5149829157
     ],
     [
      178053.05561690032,
      270981.1603085626
     ]
    ]
   },
   "properties": {
    "osm_id": "1484464989",
    "osm_type": "way",
    "osm_version": "1",
    "osm_timestamp": "2026-03-02T06:28:19Z",
    "highway": "service"
   }
  },
  {
   "type": "Feature",
   "geometry": {
    "type": "LineString",
    "coordinates": [
     [
      178220.60224067018,
      270913.2830580968
     ],
     [
      178241.59513310486,
      270923.0845440928
     ],
     [
      178244.15300545597,
      270924.27660881536
     ],
     [
      178249.56109361976,
      270926.8042670352
     ],
     [
      178253.16168109892,
      270929.0256062335
     ],
     [
      178256.4519364048,
      270931.21440510417
     ],
     [
      178270.16288551153,
      270944.81647297816
     ]
    ]
   },
   "properties": {
    "osm_id": "1484464990",
    "osm_type": "way",
    "osm_version": "1",
    "osm_timestamp": "2026-03-02T06:28:19Z",
    "highway": "service"
   }
  },
  {
   "type": "Feature",
   "geometry": {
    "type": "LineString",
    "coordinates": [
     [
      178220.60224067018,
      270913.2830580968
     ],
     [
      178207.98453236418,
      270929.4997032476
     ],
     [
      178192.67407363246,
      270949.1509271581
     ],
     [
      178191.0208136341,
      270952.2834553692
     ],
     [
      178190.16925330652,
      270954.8704473124
     ],
     [
      178189.1907670881,
      270957.80166406726
     ],
     [
      178188.55389196967,
      270962.3961954474
     ],
     [
      178188.47451887312,
      270967.3555008764
     ],
     [
      178189.22352701932,
      270971.48075608036
     ],
     [
      178225.6525978853,
      271136.38680848095
     ]
    ]
   },
   "properties": {
    "osm_id": "1484464991",
    "osm_type": "way",
    "osm_version": "1",
    "osm_timestamp": "2026-03-02T06:28:19Z",
    "highway": "service"
   }
  },
  {
   "type": "Feature",
   "geometry": {
    "type": "LineString",
    "coordinates": [
     [
      178207.98453236418,
      270929.4997032476
     ],
     [
      178081.2454868515,
      270955.7199404357
     ]
    ]
   },
   "properties": {
    "osm_id": "1484464992",
    "osm_type": "way",
    "osm_version": "1",
    "osm_timestamp": "2026-03-02T06:28:19Z",
    "highway": "service",
    "service": "parking_aisle"
   }
  },
  {
   "type": "Feature",
   "geometry": {
    "type": "LineString",
    "coordinates": [
     [
      178057.60189752706,
      271008.5076988706
     ],
     [
      178105.20362825744,
      270999.4955690372
     ]
    ]
   },
   "properties": {
    "osm_id": "1484464994",
    "osm_type": "way",
    "osm_version": "1",
    "osm_timestamp": "2026-03-02T06:28:19Z",
    "highway": "service",
    "service": "parking_aisle"
   }
  },
  {
   "type": "Feature",
   "geometry": {
    "type": "LineString",
    "coordinates": [
     [
      178054.30667521048,
      270992.90607202303
     ],
     [
      178102.58261237422,
      270983.42634745693
     ]
    ]
   },
   "properties": {
    "osm_id": "1484464995",
    "osm_type": "way",
    "osm_version": "1",
    "osm_timestamp": "2026-03-02T06:28:19Z",
    "highway": "service",
    "service": "parking_aisle"
   }
  },
  {
   "type": "Feature",
   "geometry": {
    "type": "LineString",
    "coordinates": [
     [
      178305.10916722385,
      270909.1983845561
     ],
     [
      178241.59513310486,
      270923.0845440928
     ]
    ]
   },
   "properties": {
    "osm_id": "1484465010",
    "osm_type": "way",
    "osm_version": "1",
    "osm_timestamp": "2026-03-02T06:28:19Z",
    "highway": "service",
    "service": "parking_aisle"
   }
  },
  {
   "type": "Feature",
   "geometry": {
    "type": "LineString",
    "coordinates": [
     [
      178149.9198828949,
      271236.8266842896
     ],
     [
      178190.31427989723,
      271228.7974817996
     ],
     [
      178194.2250965143,
      271227.2460194452
     ],
     [
      178197.44113321416,
      271225.15260531893
     ],
     [
      178200.22663563822,
      271222.36128700594
     ],
     [
      178228.3877541707,
      271181.22310872615
     ],
     [
      178229.62952081155,
      271177.7365546696
     ],
     [
      178230.3225018051,
      271173.70769586693
     ],
     [
      178230.19343024795,
      271169.3368814256
     ],
     [
      178225.6525978853,
      271136.38680848095
     ]
    ]
   },
   "properties": {
    "osm_id": "1484465017",
    "osm_type": "way",
    "osm_version": "1",
    "osm_timestamp": "2026-03-02T06:28:19Z",
    "highway": "service"
   }
  },
  {
   "type": "Feature",
   "geometry": {
    "type": "LineString",
    "coordinates": [
     [
      178581.2814533729,
      270983.39735810313
     ],
     [
      178569.6908687067,
      270986.5088165485
     ],
     [
      178566.19921635045,
      270987.8816219507
     ],
     [
      178562.28145972153,
      270990.43141849607
     ],
     [
      178532.35783131275,
      271020.25659198465
     ],
     [
      178530.45568866652,
      271022.36897699983
     ],
     [
      178529.61329460418,
      271025.01138629724
     ],
     [
      178529.40151511616,
      271028.0738891381
     ],
     [
      178529.6588046556,
      271044.31521468377
     ],
     [
      178529.02704438867,
      271047.27885982307
     ],
     [
      178526.07039512735,
      271051.08005295973
     ],
     [
      178517.50900757933,
      271061.76178641844
     ],
     [
      178513.1789851642,
      271067.4633347088
     ],
     [
      178509.27023134145,
      271073.80735558015
     ],
     [
      178502.30109125425,
      271086.3824577832
     ],
     [
      178501.14057198842,
      271089.54704924405
     ],
     [
      178499.9889426746,
      271092.6117719313
     ],
     [
      178498.88288606974,
      271095.654198753
     ],
     [
      178497.36346107468,
      271097.5327089372
     ],
     [
      178495.01207652834,
      271098.73643669864
     ],
     [
      178481.82620727707,
      271102.43976956606
     ],
     [
      178480.5397075384,
      271102.48718635703
     ],
     [
      178475.6931245259,
      271101.95502351585
     ],
     [
      178473.06506114284,
      271101.91685856413
     ],
     [
      178460.84973920428,
      271103.1550114357
     ],
     [
      178454.2716901127,
      271103.58105809236
     ],
     [
      178448.82299689727,
      271103.1058051824
     ],
     [
      178443.63711191446,
      271101.86443241645
     ],
     [
      178440.13835231133,
      271100.2085822011
     ],
     [
      178436.56625105406,
      271098.4086821576
     ],
     [
      178432.5070625463,
      271095.1455003088
     ]
    ]
   },
   "properties": {
    "osm_id": "1484465022",
    "osm_type": "way",
    "osm_version": "2",
    "osm_timestamp": "2026-03-11T09:15:19Z",
    "highway": "service",
    "name": "촌곡신가길",
    "name:en": "Chongoksinga-gil",
    "tracktype": "grade1"
   }
  },
  {
   "type": "Feature",
   "geometry": {
    "type": "LineString",
    "coordinates": [
     [
      178481.82620727707,
      271102.43976956606
     ],
     [
      178478.615253485,
      271106.7297251533
     ],
     [
      178477.71732058344,
      271109.0283502519
     ],
     [
      178477.44003501788,
      271111.39207392395
     ],
     [
      178478.0976248034,
      271123.2280501384
     ],
     [
      178478.38534427108,
      271129.14058829873
     ],
     [
      178477.78016796388,
      271135.62104181095
     ],
     [
      178476.74678174517,
      271142.3798629318
     ],
     [
      178475.14532516495,
      271148.1526415188
     ],
     [
      178473.06655009,
      271156.58916117315
     ],
     [
      178472.5904886589,
      271159.7854214478
     ],
     [
      178472.5239156187,
      271162.50366235414
     ],
     [
      178472.60562095424,
      271166.1867497659
     ]
    ]
   },
   "properties": {
    "osm_id": "1484465023",
    "osm_type": "way",
    "osm_version": "1",
    "osm_timestamp": "2026-03-02T06:28:19Z",
    "highway": "track",
    "name": "촌곡신가길",
    "name:en": "Chongoksinga-gil",
    "tracktype": "grade1"
   }
  },
  {
   "type": "Feature",
   "geometry": {
    "type": "LineString",
    "coordinates": [
     [
      178494.70612031294,
      271170.106262695
     ],
     [
      178492.88289888386,
      271166.98199882923
     ],
     [
      178491.6207168809,
      271165.7313331384
     ],
     [
      178489.94125728795,
      271165.5245097645
     ],
     [
      178472.60562095424,
      271166.1867497659
     ],
     [
      178459.66931699368,
      271167.3378555886
     ],
     [
      178457.36239842005,
      271168.04224833986
     ],
     [
      178455.2676338324,
      271169.7113367878
     ],
     [
      178453.94947430378,
      271171.8001685743
     ],
     [
      178448.02219505425,
      271181.144432507
     ],
     [
      178445.30294628395,
      271184.9783739929
     ],
     [
      178442.58041698515,
      271187.4255466949
     ],
     [
      178439.02735140215,
      271189.79702706786
     ],
     [
      178423.29984906345,
      271195.20387989527
     ]
    ]
   },
   "properties": {
    "osm_id": "1484465024",
    "osm_type": "way",
    "osm_version": "1",
    "osm_timestamp": "2026-03-02T06:28:19Z",
    "highway": "track",
    "name": "촌곡신가길",
    "name:en": "Chongoksinga-gil"
   }
  },
  {
   "type": "Feature",
   "geometry": {
    "type": "LineString",
    "coordinates": [
     [
      178685.10553015504,
      271174.24053486774
     ],
     [
      178693.43507891358,
      271181.43228345906
     ],
     [
      178721.1482666709,
      271205.33099366573
     ],
     [
      178722.70346626398,
      271207.03586923843
     ],
     [
      178724.00464977932,
      271209.37370892195
     ],
     [
      178724.903592218,
      271211.3907562293
     ],
     [
      178728.66572827127,
      271220.36828358466
     ],
     [
      178730.78834169637,
      271222.7929592894
     ],
     [
      178733.79341028037,
      271224.08396448934
     ],
     [
      178742.90763625206,
      271227.37985558034
     ],
     [
      178747.46558821521,
      271229.3883646369
     ],
     [
      178750.48259873228,
      271231.88861713454
     ],
     [
      178752.19516066124,
      271234.5583274438
     ],
     [
      178753.01197192815,
      271236.57556917705
     ],
     [
      178753.74950761435,
      271239.8133598524
     ],
     [
      178757.61618934633,
      271258.42043618084
     ]
    ]
   },
   "properties": {
    "osm_id": "1484470499",
    "osm_type": "way",
    "osm_version": "1",
    "osm_timestamp": "2026-03-02T07:05:17Z",
    "highway": "residential",
    "name": "촌곡신가길",
    "name:en": "Chongoksinga-gil"
   }
  },
  {
   "type": "Feature",
   "geometry": {
    "type": "LineString",
    "coordinates": [
     [
      178818.26010723307,
      271274.4767307856
     ],
     [
      178814.01614960213,
      271274.0650232134
     ],
     [
      178811.0401868084,
      271273.50614226545
     ],
     [
      178806.50227620715,
      271272.2519616538
     ],
     [
      178802.40250416598,
      271271.0633286939
     ],
     [
      178800.0659133266,
      271270.7803184531
     ],
     [
      178797.73048471974,
      271270.9965458913
     ],
     [
      178791.14525278582,
      271272.2100562437
     ],
     [
      178785.90768432376,
      271272.22225623456
     ],
     [
      178779.89420750458,
      271272.1031366703
     ],
     [
      178777.27410459335,
      271271.5434374985
     ],
     [
      178774.5806677065,
      271270.83968517673
     ],
     [
      178773.92250082933,
      271270.33088527725
     ],
     [
      178773.30972456734,
      271269.7221316608
     ],
     [
      178772.68565119794,
      271268.1814901348
     ],
     [
      178772.3780969835,
      271265.41974687495
     ],
     [
      178773.42228627112,
      271259.2933047385
     ],
     [
      178773.2623564013,
      271257.2301530783
     ]
    ]
   },
   "properties": {
    "osm_id": "1484470500",
    "osm_type": "way",
    "osm_version": "1",
    "osm_timestamp": "2026-03-02T07:05:17Z",
    "highway": "service",
    "name": "촌곡신가길",
    "name:en": "Chongoksinga-gil"
   }
  },
  {
   "type": "Feature",
   "geometry": {
    "type": "LineString",
    "coordinates": [
     [
      178786.35252590769,
      271255.57989372336
     ],
     [
      178774.89521203953,
      271257.0266511426
     ],
     [
      178773.2623564013,
      271257.2301530783
     ],
     [
      178757.61618934633,
      271258.42043618084
     ]
    ]
   },
   "properties": {
    "osm_id": "1484470501",
    "osm_type": "way",
    "osm_version": "1",
    "osm_timestamp": "2026-03-02T07:05:17Z",
    "highway": "service"
   }
  },
  {
   "type": "Feature",
   "geometry": {
    "type": "LineString",
    "coordinates": [
     [
      178757.61618934633,
      271258.42043618084
     ],
     [
      178753.91321864657,
      271259.13910481235
     ],
     [
      178752.1082630128,
      271259.886628745
     ],
     [
      178750.2313715345,
      271261.0891838298
     ],
     [
      178746.95339459242,
      271264.0589897966
     ],
     [
      178745.75196482454,
      271265.3598173567
     ],
     [
      178745.2249596915,
      271266.31515014754
     ],
     [
      178744.83547238167,
      271267.54751743254
     ],
     [
      178744.72869511505,
      271268.71265954524
     ],
     [
      178747.53645595897,
      271287.12250824814
     ],
     [
      178747.72248573654,
      271292.54714680504
     ],
     [
      178747.6787266314,
      271293.3460326474
     ],
     [
      178747.48567399973,
      271296.6414660445
     ],
     [
      178746.82145369635,
      271301.3580590776
     ],
     [
      178746.5239549579,
      271306.81710891786
     ],
     [
      178746.91516524056,
      271310.2332151687
     ],
     [
      178747.91609510384,
      271312.9489626872
     ],
     [
      178749.75555927123,
      271315.26336159505
     ],
     [
      178751.18156612114,
      271316.3583616026
     ],
     [
      178753.1990174765,
      271316.74195183825
     ],
     [
      178755.17872772267,
      271316.59310807695
     ],
     [
      178756.83835098124,
      271316.13437333016
     ],
     [
      178761.75135689892,
      271313.90406970395
     ],
     [
      178762.59945701066,
      271313.6913015712
     ],
     [
      178763.9494124979,
      271313.4773631495
     ],
     [
      178765.92904600644,
      271313.29523925553
     ],
     [
      178789.74557783784,
      271313.76116238604
     ],
     [
      178796.00459148295,
      271313.5357957592
     ],
     [
      178799.18811012985,
      271313.10680309223
     ],
     [
      178802.8260534904,
      271311.9001584552
     ],
     [
      178815.53581886995,
      271307.5771193747
     ],
     [
      178819.76741066042,
      271306.60207908705
     ],
     [
      178822.93281249763,
      271306.22860797844
     ],
     [
      178826.52717631552,
      271305.898517419
     ]
    ]
   },
   "properties": {
    "osm_id": "1484470502",
    "osm_type": "way",
    "osm_version": "1",
    "osm_timestamp": "2026-03-02T07:05:17Z",
    "highway": "residential",
    "name": "촌곡신가길",
    "name:en": "Chongoksinga-gil"
   }
  },
  {
   "type": "Feature",
   "geometry": {
    "type": "LineString",
    "coordinates": [
     [
      178636.91977737585,
      271564.2376374602
     ],
     [
      178631.35073619,
      271566.7912825039
     ],
     [
      178629.21064483363,
      271568.5602867472
     ],
     [
      178625.76187735618,
      271572.5623024494
     ],
     [
      178611.69287562458,
      271584.58819570404
     ],
     [
      178608.05707329873,
      271586.64916838676
     ],
     [
      178602.7445528919,
      271589.63490325573
     ],
     [
      178570.29473599576,
      271611.4558981368
     ],
     [
      178562.36925049656,
      271616.8663481029
     ],
     [
      178555.94016518534,
      271622.2732807229
     ],
     [
      178551.19171497377,
      271628.4195719212
     ],
     [
      178549.34044073813,
      271632.7063041718
     ],
     [
      178548.60800703638,
      271639.39784780977
     ],
     [
      178548.4470558637,
      271652.41175392736
     ],
     [
      178547.43237431935,
      271655.48724516144
     ],
     [
      178545.94079889008,
      271657.53209717874
     ],
     [
      178542.58313564872,
      271661.4451769412
     ],
     [
      178495.64000902287,
      271708.4956001649
     ],
     [
      178493.86539270205,
      271710.45237569994
     ],
     [
      178493.12380835108,
      271713.2498726821
     ],
     [
      178493.03869806847,
      271715.84612295096
     ],
     [
      178496.50201551113,
      271741.2326299625
     ]
    ]
   },
   "properties": {
    "osm_id": "1484470503",
    "osm_type": "way",
    "osm_version": "1",
    "osm_timestamp": "2026-03-02T07:05:17Z",
    "highway": "residential",
    "name": "촌곡신가길",
    "name:en": "Chongoksinga-gil"
   }
  },
  {
   "type": "Feature",
   "geometry": {
    "type": "LineString",
    "coordinates": [
     [
      178573.53661124164,
      271523.4266929117
     ],
     [
      178584.46332250797,
      271533.1860927051
     ],
     [
      178585.73344372035,
      271533.9597012057
     ],
     [
      178587.0754121452,
      271534.24499507924
     ],
     [
      178588.49832632756,
      271534.03085874283
     ],
     [
      178594.50367904926,
      271530.7661316586
     ],
     [
      178596.3466565466,
      271530.6952339715
     ],
     [
      178597.61594262742,
      271531.1138309307
     ],
     [
      178598.74969206017,
      271532.0985520269
     ],
     [
      178628.4735175374,
      271561.6170327406
     ],
     [
      178630.45632313885,
      271562.81055522716
     ],
     [
      178633.00351280137,
      271563.43694831256
     ],
     [
      178636.91977737585,
      271564.2376374602
     ]
    ]
   },
   "properties": {
    "osm_id": "1484470504",
    "osm_type": "way",
    "osm_version": "1",
    "osm_timestamp": "2026-03-02T07:05:17Z",
    "highway": "service",
    "name": "촌곡신가길",
    "name:en": "Chongoksinga-gil"
   }
  },
  {
   "type": "Feature",
   "geometry": {
    "type": "LineString",
    "coordinates": [
     [
      178607.21611266048,
      271158.7692354786
     ],
     [
      178633.93619686068,
      271175.4033022034
     ],
     [
      178636.90406713288,
      271176.3837247385
     ],
     [
      178640.51797461035,
      271176.5860377243
     ],
     [
      178644.55047707315,
      271176.2992249424
     ],
     [
      178682.184881728,
      271170.04266322963
     ]
    ]
   },
   "properties": {
    "osm_id": "1484470505",
    "osm_type": "way",
    "osm_version": "1",
    "osm_timestamp": "2026-03-02T07:05:17Z",
    "highway": "service",
    "name": "촌곡신가길",
    "name:en": "Chongoksinga-gil"
   }
  },
  {
   "type": "Feature",
   "geometry": {
    "type": "LineString",
    "coordinates": [
     [
      178693.43507891358,
      271181.43228345906
     ],
     [
      178721.91023601624,
      271176.06266925216
     ],
     [
      178723.52470006098,
      271175.7926358991
     ],
     [
      178724.81142372763,
      271175.8451007892
     ],
     [
      178725.98914243915,
      271176.1086106216
     ],
     [
      178743.54916298238,
      271185.575348824
     ]
    ]
   },
   "properties": {
    "osm_id": "1484470515",
    "osm_type": "way",
    "osm_version": "1",
    "osm_timestamp": "2026-03-02T07:05:17Z",
    "highway": "service"
   }
  },
  {
   "type": "Feature",
   "geometry": {
    "type": "LineString",
    "coordinates": [
     [
      178693.43507891358,
      271181.43228345906
     ],
     [
      178715.06347624768,
      271159.1045184745
     ],
     [
      178717.6012313431,
      271155.64828605554
     ],
     [
      178719.15252433938,
      271151.7727793162
     ],
     [
      178721.1158089197,
      271144.5791395822
     ],
     [
      178722.10546238066,
      271142.4578319221
     ],
     [
      178723.30682741306,
      271141.12371907214
     ],
     [
      178724.5086852539,
      271140.00039533724
     ],
     [
      178735.40733537186,
      271129.80154401093
     ],
     [
      178742.86433148256,
      271122.8280614712
     ]
    ]
   },
   "properties": {
    "osm_id": "1484470516",
    "osm_type": "way",
    "osm_version": "1",
    "osm_timestamp": "2026-03-02T07:05:17Z",
    "highway": "service",
    "name": "촌곡신가길"
   }
  },
  {
   "type": "Feature",
   "geometry": {
    "type": "LineString",
    "coordinates": [
     [
      178735.40733537186,
      271129.80154401093
     ],
     [
      178741.02807353434,
      271141.4484418155
     ],
     [
      178741.80583231477,
      271142.36744613294
     ],
     [
      178742.57384460382,
      271143.0202120891
     ],
     [
      178750.91792374811,
      271148.6255060127
     ]
    ]
   },
   "properties": {
    "osm_id": "1484470520",
    "osm_type": "way",
    "osm_version": "1",
    "osm_timestamp": "2026-03-02T07:05:17Z",
    "highway": "track"
   }
  },
  {
   "type": "Feature",
   "geometry": {
    "type": "LineString",
    "coordinates": [
     [
      178659.99410209942,
      270995.1610460377
     ],
     [
      178704.80446683092,
      271107.2297601271
     ],
     [
      178705.9397355602,
      271108.84686097666
     ],
     [
      178707.5667598955,
      271110.04123199155
     ],
     [
      178712.9497451522,
      271109.74019808945
     ],
     [
      178714.5746420941,
      271110.0248496477
     ],
     [
      178715.42571613437,
      271111.07681093534
     ],
     [
      178716.27826790148,
      271112.76113913534
     ],
     [
      178724.5086852539,
      271140.00039533724
     ]
    ]
   },
   "properties": {
    "osm_id": "1484470521",
    "osm_type": "way",
    "osm_version": "1",
    "osm_timestamp": "2026-03-02T07:05:17Z",
    "highway": "track"
   }
  },
  {
   "type": "Feature",
   "geometry": {
    "type": "LineString",
    "coordinates": [
     [
      178301.7213643627,
      271291.16932076163
     ],
     [
      178367.10367353732,
      271358.0228643534
     ]
    ]
   },
   "properties": {
    "osm_id": "1484470526",
    "osm_type": "way",
    "osm_version": "1",
    "osm_timestamp": "2026-03-02T07:05:17Z",
    "highway": "track"
   }
  },
  {
   "type": "Feature",
   "geometry": {
    "type": "LineString",
    "coordinates": [
     [
      178467.04836050535,
      271482.50723029365
     ],
     [
      178460.06044800614,
      271479.2731503366
     ],
     [
      178458.89151752184,
      271478.85433507815
     ],
     [
      178457.51296014205,
      271478.5358639236
     ],
     [
      178456.23545439664,
      271478.5056037093
     ],
     [
      178454.7116664649,
      271478.50920908485
     ],
     [
      178430.4279754578,
      271484.81274838286
     ],
     [
      178428.60371174873,
      271485.08333129087
     ],
     [
      178427.41716239572,
      271484.9308231843
     ],
     [
      178426.4578311283,
      271484.4005732668
     ],
     [
      178407.01802906807,
      271467.08419081883
     ],
     [
      178405.06346745678,
      271466.27894765965
     ],
     [
      178401.5707083544,
      271467.0971100752
     ],
     [
      178397.66887438798,
      271468.5597093202
     ],
     [
      178395.15167366603,
      271469.0538273457
     ],
     [
      178392.79737138093,
      271468.98175407934
     ],
     [
      178374.6664330959,
      271468.78072275
     ],
     [
      178372.2311695746,
      271469.19699295436
     ],
     [
      178370.44564233263,
      271470.4105045736
     ],
     [
      178368.41607372495,
      271472.60088805365
     ],
     [
      178364.52020476654,
      271476.5707821695
     ],
     [
      178362.65200606218,
      271477.55151306064
     ],
     [
      178360.70944095217,
      271477.95552138414
     ],
     [
      178349.24018106612,
      271478.0715387257
     ],
     [
      178347.05183609875,
      271478.7202073141
     ],
     [
      178343.39888328535,
      271481.2361894785
     ],
     [
      178339.74477130463,
      271483.26402998855
     ],
     [
      178336.65331649728,
      271484.0036032349
     ],
     [
      178333.4059805969,
      271484.4218159225
     ],
     [
      178303.58365499787,
      271486.83370765776
     ],
     [
      178240.5359897336,
      271495.63764888555
     ],
     [
      178236.45862778492,
      271496.1799162362
     ],
     [
      178232.69884554797,
      271495.97811307444
     ],
     [
      178214.350501124,
      271492.6049723152
     ],
     [
      178210.92044536173,
      271492.92381788295
     ],
     [
      178207.49169086502,
      271493.7862787217
     ],
     [
      178177.0586323043,
      271507.84898508963
     ],
     [
      178174.9143864204,
      271507.85412437
     ],
     [
      178172.44796574055,
      271506.6840484083
     ],
     [
      178170.51257128347,
      271506.26710745355
     ],
     [
      178166.54316855955,
      271506.1656822061
     ]
    ]
   },
   "properties": {
    "osm_id": "1484470527",
    "osm_type": "way",
    "osm_version": "1",
    "osm_timestamp": "2026-03-02T07:05:17Z",
    "highway": "track"
   }
  },
  {
   "type": "Feature",
   "geometry": {
    "type": "LineString",
    "coordinates": [
     [
      178644.23137968965,
      271304.81539823493
     ],
     [
      178682.60553536852,
      271302.9615033994
     ],
     [
      178684.840400277,
      271302.6678222071
     ],
     [
      178686.70916262298,
      271301.8979470151
     ],
     [
      178687.96618391116,
      271300.9630906183
     ],
     [
      178689.4207285003,
      271298.65208900196
     ],
     [
      178690.22563160447,
      271295.57710675703
     ],
     [
      178690.83044168082,
      271292.7799483022
     ],
     [
      178691.10042973416,
      271287.276584026
     ],
     [
      178691.6697534707,
      271269.3137120053
     ]
    ]
   },
   "properties": {
    "osm_id": "1484470532",
    "osm_type": "way",
    "osm_version": "1",
    "osm_timestamp": "2026-03-02T07:05:17Z",
    "highway": "service",
    "name": "촌곡신가길",
    "name:en": "Chongoksinga-gil"
   }
  },
  {
   "type": "Feature",
   "geometry": {
    "type": "LineString",
    "coordinates": [
     [
      178727.14934596576,
      271301.6813490378
     ],
     [
      178741.548740308,
      271294.12584209803
     ],
     [
      178742.45140849214,
      271293.8352851868
     ],
     [
      178743.4547328886,
      271293.6665298059
     ],
     [
      178747.6787266314,
      271293.3460326474
     ]
    ]
   },
   "properties": {
    "osm_id": "1484470540",
    "osm_type": "way",
    "osm_version": "1",
    "osm_timestamp": "2026-03-02T07:05:17Z",
    "highway": "service"
   }
  },
  {
   "type": "Feature",
   "geometry": {
    "type": "LineString",
    "coordinates": [
     [
      178587.75480685677,
      271384.69327910384
     ],
     [
      178586.68014879795,
      271389.44413287076
     ],
     [
      178586.34822726404,
      271391.86345366127
     ],
     [
      178586.0535085812,
      271394.58223096153
     ],
     [
      178586.1873312984,
      271397.16686984134
     ],
     [
      178588.0750313904,
      271404.4624285606
     ],
     [
      178588.04163757095,
      271405.78271944437
     ],
     [
      178586.89523134154,
      271407.1832871432
     ],
     [
      178585.7384224993,
      271408.0402625989
     ],
     [
      178578.96566846262,
      271410.94069023314
     ],
     [
      178577.73586448267,
      271411.79783843504
     ],
     [
      178576.36966240028,
      271412.8550037049
     ],
     [
      178572.6280638138,
      271416.5138064295
     ]
    ]
   },
   "properties": {
    "osm_id": "1484470554",
    "osm_type": "way",
    "osm_version": "1",
    "osm_timestamp": "2026-03-02T07:05:17Z",
    "highway": "service",
    "name": "촌곡신가길"
   }
  },
  {
   "type": "Feature",
   "geometry": {
    "type": "LineString",
    "coordinates": [
     [
      178563.3665206346,
      271397.0985283633
     ],
     [
      178564.689085589,
      271396.88462473487
     ],
     [
      178565.96652397295,
      271396.8816177325
     ],
     [
      178566.9984870778,
      271397.25639222603
     ],
     [
      178567.8485594861,
      271397.886762039
     ],
     [
      178578.96566846262,
      271410.94069023314
     ]
    ]
   },
   "properties": {
    "osm_id": "1484470555",
    "osm_type": "way",
    "osm_version": "1",
    "osm_timestamp": "2026-03-02T07:05:17Z",
    "highway": "service"
   }
  },
  {
   "type": "Feature",
   "geometry": {
    "type": "LineString",
    "coordinates": [
     [
      178423.00924501545,
      271411.44203540747
     ],
     [
      178423.23076551335,
      271400.95746978605
     ],
     [
      178423.48383462182,
      271399.9362016276
     ],
     [
      178424.07380270652,
      271398.61459119053
     ],
     [
      178424.84739246362,
      271397.76959730964
     ],
     [
      178432.3389251904,
      271394.0130971943
     ],
     [
      178434.39155783918,
      271393.84182235633
     ],
     [
      178436.0076039419,
      271394.25957566465
     ],
     [
      178438.22707943973,
      271395.186234628
     ],
     [
      178439.6330763289,
      271395.5268263952
     ],
     [
      178441.21152046265,
      271395.4787123052
     ],
     [
      178449.61243257704,
      271394.2717446953
     ]
    ]
   },
   "properties": {
    "osm_id": "1484470559",
    "osm_type": "way",
    "osm_version": "1",
    "osm_timestamp": "2026-03-02T07:05:17Z",
    "highway": "track"
   }
  },
  {
   "type": "Feature",
   "geometry": {
    "type": "LineString",
    "coordinates": [
     [
      177940.10016744336,
      271694.41475115326
     ],
     [
      177943.6015068704,
      271689.65793738957
     ],
     [
      177947.54269605048,
      271685.67665592744
     ],
     [
      177950.4384655648,
      271683.29547720944
     ],
     [
      177959.7686992683,
      271677.89218472777
     ]
    ]
   },
   "properties": {
    "osm_id": "1484470567",
    "osm_type": "way",
    "osm_version": "1",
    "osm_timestamp": "2026-03-02T07:05:17Z",
    "highway": "service",
    "name": "촌곡본촌길",
    "name:en": "Chongokbonchon-gil"
   }
  },
  {
   "type": "Feature",
   "geometry": {
    "type": "LineString",
    "coordinates": [
     [
      177964.24781442294,
      271703.8973168506
     ],
     [
      177975.174110549,
      271713.30097684625
     ],
     [
      177976.44369562538,
      271713.8415231796
     ],
     [
      177977.7035391309,
      271714.12692591595
     ],
     [
      177987.1213959549,
      271714.78089977545
     ]
    ]
   },
   "properties": {
    "osm_id": "1484470568",
    "osm_type": "way",
    "osm_version": "1",
    "osm_timestamp": "2026-03-02T07:05:17Z",
    "highway": "service",
    "name": "촌곡본촌길",
    "name:en": "Chongokbonchon-gil"
   }
  },
  {
   "type": "Feature",
   "geometry": {
    "type": "LineString",
    "coordinates": [
     [
      177539.76181829374,
      271191.44913518406
     ],
     [
      177557.24623179514,
      271184.5497962746
     ],
     [
      177561.01178526648,
      271183.3312462446
     ],
     [
      177565.27067914495,
      271182.3555553787
     ],
     [
      177569.16545714464,
      271181.7357786366
     ],
     [
      177571.39171229003,
      271181.6526357172
     ],
     [
      177602.18514482686,
      271180.47851799463
     ],
     [
      177603.0154180854,
      271180.44319327635
     ],
     [
      177606.299139045,
      271179.94697180873
     ],
     [
      177612.74648706644,
      271178.35573943995
     ],
     [
      177618.3443324999,
      271176.4004900113
     ],
     [
      177638.16962797282,
      271167.75376081327
     ]
    ]
   },
   "properties": {
    "osm_id": "1486321236",
    "osm_type": "way",
    "osm_version": "1",
    "osm_timestamp": "2026-03-07T16:01:09Z",
    "highway": "service"
   }
  },
  {
   "type": "Feature",
   "geometry": {
    "type": "LineString",
    "coordinates": [
     [
      177557.11760144448,
      271165.67883334955
     ],
     [
      177571.8633534424,
      271161.97031596384
     ],
     [
      177577.1890680077,
      271160.6702708742
     ],
     [
      177581.76775193439,
      271159.8602138442
     ],
     [
      177588.02578266372,
      271159.2013451628
     ]
    ]
   },
   "properties": {
    "osm_id": "1486321237",
    "osm_type": "way",
    "osm_version": "1",
    "osm_timestamp": "2026-03-07T16:01:09Z",
    "highway": "service"
   }
  },
  {
   "type": "Feature",
   "geometry": {
    "type": "LineString",
    "coordinates": [
     [
      177571.39171229003,
      271181.6526357172
     ],
     [
      177570.21936281392,
      271168.7640316774
     ],
     [
      177570.29654011442,
      271166.7557865652
     ],
     [
      177571.01149692456,
      271164.35767269885
     ],
     [
      177571.8633534424,
      271161.97031596384
     ],
     [
      177577.15557787532,
      271147.0688318287
     ],
     [
      177578.59377504917,
      271145.63413556654
     ],
     [
      177580.36180444265,
      271144.74224460253
     ],
     [
      177590.95796271137,
      271141.9204192099
     ],
     [
      177592.1606645887,
      271141.19633508066
     ],
     [
      177592.39378794612,
      271139.52053333854
     ],
     [
      177591.9881463993,
      271137.83520910755
     ],
     [
      177583.0177008407,
      271115.31381936616
     ],
     [
      177582.45518626977,
      271112.9188513162
     ],
     [
      177582.20447303946,
      271111.1554866121
     ],
     [
      177581.87655508288,
      271107.68380123604
     ]
    ]
   },
   "properties": {
    "osm_id": "1486321238",
    "osm_type": "way",
    "osm_version": "1",
    "osm_timestamp": "2026-03-07T16:01:09Z",
    "highway": "service"
   }
  },
  {
   "type": "Feature",
   "geometry": {
    "type": "LineString",
    "coordinates": [
     [
      177647.9095728039,
      271124.66206526995
     ],
     [
      177636.84640692078,
      271134.26354258636
     ],
     [
      177636.4557829609,
      271134.97453227505
     ],
     [
      177636.2115104613,
      271135.82938750635
     ],
     [
      177636.12260523695,
      271136.7837092336
     ],
     [
      177636.289440309,
      271137.83725095284
     ],
     [
      177637.08883042046,
      271140.08741567883
     ],
     [
      177642.4835602477,
      271148.3060850572
     ],
     [
      177643.29166420476,
      271150.38981556444
     ],
     [
      177643.69884812916,
      271152.7075091168
     ],
     [
      177643.14849910652,
      271155.2605321322
     ],
     [
      177640.04364236433,
      271165.43046601454
     ],
     [
      177639.23466821254,
      271166.70828835864
     ],
     [
      177638.16962797282,
      271167.75376081327
     ]
    ]
   },
   "properties": {
    "osm_id": "1486321239",
    "osm_type": "way",
    "osm_version": "1",
    "osm_timestamp": "2026-03-07T16:01:09Z",
    "highway": "service"
   }
  },
  {
   "type": "Feature",
   "geometry": {
    "type": "LineString",
    "coordinates": [
     [
      177555.17618728336,
      271144.34942040325
     ],
     [
      177562.14402196987,
      271142.9010945522
     ],
     [
      177563.0553832205,
      271142.4439858269
     ],
     [
      177563.4456458157,
      271141.588768886
     ],
     [
      177563.7708047581,
      271140.2344721787
     ],
     [
      177563.10618263343,
      271107.50814299274
     ]
    ]
   },
   "properties": {
    "osm_id": "1486321240",
    "osm_type": "way",
    "osm_version": "1",
    "osm_timestamp": "2026-03-07T16:01:09Z",
    "highway": "service"
   }
  },
  {
   "type": "Feature",
   "geometry": {
    "type": "LineString",
    "coordinates": [
     [
      177557.24623179514,
      271184.5497962746
     ],
     [
      177568.54138575305,
      271209.91665273096
     ],
     [
      177569.01775842917,
      271210.680981011
     ],
     [
      177569.90540062677,
      271211.7105577671
     ],
     [
      177570.87470084926,
      271212.5513316198
     ],
     [
      177575.74701632137,
      271216.1227679015
     ],
     [
      177579.46750723413,
      271218.8427870493
     ],
     [
      177580.26406391544,
      271219.93915443413
     ],
     [
      177580.6332324828,
      271221.6356623581
     ],
     [
      177581.3887212418,
      271231.99581093487
     ]
    ]
   },
   "properties": {
    "osm_id": "1486321266",
    "osm_type": "way",
    "osm_version": "1",
    "osm_timestamp": "2026-03-07T16:01:09Z",
    "highway": "service"
   }
  },
  {
   "type": "Feature",
   "geometry": {
    "type": "LineString",
    "coordinates": [
     [
      177575.74701632137,
      271216.1227679015
     ],
     [
      177583.52807936072,
      271211.4440352341
     ],
     [
      177585.05057463428,
      271210.89667045494
     ],
     [
      177587.4215081578,
      271210.28065237904
     ],
     [
      177589.24602165614,
      271210.0986544899
     ],
     [
      177608.36063088352,
      271209.34160354926
     ],
     [
      177622.05565758116,
      271208.8086993487
     ]
    ]
   },
   "properties": {
    "osm_id": "1486321267",
    "osm_type": "way",
    "osm_version": "1",
    "osm_timestamp": "2026-03-07T16:01:09Z",
    "highway": "service"
   }
  },
  {
   "type": "Feature",
   "geometry": {
    "type": "LineString",
    "coordinates": [
     [
      177608.36063088352,
      271209.34160354926
     ],
     [
      177602.18514482686,
      271180.47851799463
     ]
    ]
   },
   "properties": {
    "osm_id": "1486321268",
    "osm_type": "way",
    "osm_version": "1",
    "osm_timestamp": "2026-03-07T16:01:09Z",
    "highway": "service"
   }
  },
  {
   "type": "Feature",
   "geometry": {
    "type": "LineString",
    "coordinates": [
     [
      177570.54122870215,
      271247.57662972057
     ],
     [
      177554.56980468676,
      271257.4343741597
     ],
     [
      177553.04991697648,
      271259.0356894064
     ],
     [
      177552.6523954234,
      271260.6453324059
     ],
     [
      177552.89376707913,
      271262.319965902
     ],
     [
      177573.46300719143,
      271296.49498066097
     ]
    ]
   },
   "properties": {
    "osm_id": "1486321274",
    "osm_type": "way",
    "osm_version": "1",
    "osm_timestamp": "2026-03-07T16:01:09Z",
    "highway": "service"
   }
  },
  {
   "type": "Feature",
   "geometry": {
    "type": "LineString",
    "coordinates": [
     [
      177708.12578840178,
      271251.83180069533
     ],
     [
      177704.16975110557,
      271275.8715814534
     ],
     [
      177703.5254840624,
      271277.3375968974
     ],
     [
      177702.3811797614,
      271279.5481499989
     ],
     [
      177700.90735521237,
      271281.33792952885
     ],
     [
      177698.97653659835,
      271282.8181900967
     ],
     [
      177692.48401210265,
      271288.2924523927
     ],
     [
      177691.88493634295,
      271289.5808503611
     ],
     [
      177691.5231021822,
      271290.8686671742
     ],
     [
      177691.1101349256,
      271293.6321415476
     ],
     [
      177690.33799786126,
      271298.7706606166
     ],
     [
      177689.7940244236,
      271300.20314871275
     ],
     [
      177688.63766604164,
      271301.21555659425
     ],
     [
      177687.62561709387,
      271301.5397689081
     ],
     [
      177686.47566530306,
      271301.44273858843
     ],
     [
      177685.6902920999,
      271301.1784016092
     ],
     [
      177684.67609548062,
      271300.62617551617
     ],
     [
      177683.42354281657,
      271299.6196703321
     ],
     [
      177682.6363476746,
      271298.6120248188
     ],
     [
      177682.4060831212,
      271297.73614515597
     ],
     [
      177681.88384517407,
      271293.14441479166
     ],
     [
      177681.5159490372,
      271291.9582341
     ],
     [
      177681.09450120028,
      271291.2603306936
     ],
     [
      177680.3540705096,
      271290.7185283256
     ],
     [
      177679.5233719718,
      271290.5763394723
     ],
     [
      177678.3742345401,
      271290.812135002
     ],
     [
      177655.46868268505,
      271300.95296425145
     ],
     [
      177652.24165669034,
      271302.225625215
     ],
     [
      177643.125931388,
      271305.8869077918
     ],
     [
      177632.1776298676,
      271310.15178914386
     ],
     [
      177619.6519742824,
      271314.9087063738
     ],
     [
      177609.72529977094,
      271319.0268791473
     ]
    ]
   },
   "properties": {
    "osm_id": "1486321275",
    "osm_type": "way",
    "osm_version": "1",
    "osm_timestamp": "2026-03-07T16:01:09Z",
    "highway": "service",
    "name": "영산로"
   }
  },
  {
   "type": "Feature",
   "geometry": {
    "type": "LineString",
    "coordinates": [
     [
      177442.08486175642,
      271311.06447445496
     ],
     [
      177427.2459088775,
      271354.35765119764
     ],
     [
      177426.04819872958,
      271357.0787068665
     ],
     [
      177424.5301380552,
      271359.40116458706
     ],
     [
      177422.1293850236,
      271362.69100923813
     ],
     [
      177407.31261825666,
      271381.7543657267
     ]
    ]
   },
   "properties": {
    "osm_id": "1486321286",
    "osm_type": "way",
    "osm_version": "1",
    "osm_timestamp": "2026-03-07T16:01:09Z",
    "highway": "service",
    "name": "광탄길"
   }
  },
  {
   "type": "Feature",
   "geometry": {
    "type": "LineString",
    "coordinates": [
     [
      177400.78048297722,
      271312.3428763236
     ],
     [
      177356.92459965605,
      271263.61501825514
     ]
    ]
   },
   "properties": {
    "osm_id": "1486321291",
    "osm_type": "way",
    "osm_version": "1",
    "osm_timestamp": "2026-03-07T16:01:09Z",
    "highway": "service",
    "name": "광탄길"
   }
  },
  {
   "type": "Feature",
   "geometry": {
    "type": "LineString",
    "coordinates": [
     [
      177371.08587528553,
      271355.2736344906
     ],
     [
      177338.76734631186,
      271399.68655687216
     ],
     [
      177337.1279345741,
      271400.89990826894
     ],
     [
      177335.43272660326,
      271401.6918180014
     ],
     [
      177333.58137961917,
      271402.07363010396
     ],
     [
      177314.50927490543,
      271405.0721903855
     ],
     [
      177313.24121012332,
      271405.17519770097
     ],
     [
      177312.33735371407,
      271404.9666592247
     ],
     [
      177309.10305806875,
      271403.28839476744
     ]
    ]
   },
   "properties": {
    "osm_id": "1486321306",
    "osm_type": "way",
    "osm_version": "1",
    "osm_timestamp": "2026-03-07T16:01:09Z",
    "highway": "service",
    "name": "광탄길"
   }
  },
  {
   "type": "Feature",
   "geometry": {
    "type": "LineString",
    "coordinates": [
     [
      177268.74219818847,
      271643.4461222439
     ],
     [
      177284.0987588934,
      271632.5687275563
     ],
     [
      177284.8172837628,
      271631.6461133215
     ],
     [
      177285.2517643927,
      271630.2471555607
     ],
     [
      177285.24907975888,
      271629.1710212784
     ],
     [
      177285.17359418565,
      271628.172728275
     ],
     [
      177277.14244225595,
      271612.87162616337
     ],
     [
      177276.93951931762,
      271611.9956878778
     ],
     [
      177277.09244605494,
      271611.1188615383
     ],
     [
      177277.65566413922,
      271610.11897470086
     ],
     [
      177291.83979587714,
      271590.0917750923
     ],
     [
      177292.52124641076,
      271588.9362750578
     ],
     [
      177292.71927125263,
      271587.8485460704
     ],
     [
      177292.63397014549,
      271586.5729216451
     ],
     [
      177292.41857011337,
      271580.69351371226
     ],
     [
      177292.73355208925,
      271578.93983890465
     ],
     [
      177293.61383110427,
      271577.01834085316
     ],
     [
      177295.17702869585,
      271574.5293339392
     ],
     [
      177318.12874720915,
      271543.06435079937
     ],
     [
      177321.22168262512,
      271539.29570106853
     ],
     [
      177326.44175276384,
      271532.31552150915
     ],
     [
      177345.3049735576,
      271504.14468536637
     ],
     [
      177369.9348731934,
      271468.57079724694
     ],
     [
      177386.6757320335,
      271445.4421080466
     ]
    ]
   },
   "properties": {
    "osm_id": "1486321313",
    "osm_type": "way",
    "osm_version": "1",
    "osm_timestamp": "2026-03-07T16:01:09Z",
    "highway": "track"
   }
  },
  {
   "type": "Feature",
   "geometry": {
    "type": "LineString",
    "coordinates": [
     [
      177409.09294880804,
      271463.0817659094
     ],
     [
      177417.29506868002,
      271470.0951641646
     ],
     [
      177419.95461514188,
      271471.83036328404
     ],
     [
      177423.24408039497,
      271473.6971321209
     ],
     [
      177441.09402747446,
      271482.0068495669
     ],
     [
      177445.29439360945,
      271483.2500926095
     ],
     [
      177447.88558074646,
      271483.17710920237
     ],
     [
      177450.11951204264,
      271482.53920537874
     ],
     [
      177451.58561368444,
      271481.34849181416
     ],
     [
      177452.6945148242,
      271479.6150455666
     ],
     [
      177453.46473912746,
      271477.4497629744
     ],
     [
      177456.21046744628,
      271458.71589997644
     ],
     [
      177456.90703917912,
      271456.2845385317
     ],
     [
      177458.29583803006,
      271453.35222302383
     ],
     [
      177471.51070707402,
      271428.5460983471
     ]
    ]
   },
   "properties": {
    "osm_id": "1486321315",
    "osm_type": "way",
    "osm_version": "1",
    "osm_timestamp": "2026-03-07T16:01:09Z",
    "highway": "service",
    "name": "광탄길"
   }
  },
  {
   "type": "Feature",
   "geometry": {
    "type": "LineString",
    "coordinates": [
     [
      177394.13493148005,
      271495.0037152578
     ],
     [
      177409.04948642047,
      271474.9859858508
     ],
     [
      177411.00571928208,
      271472.7511918294
     ],
     [
      177413.31077524862,
      271471.3586946902
     ],
     [
      177417.29506868002,
      271470.0951641646
     ]
    ]
   },
   "properties": {
    "osm_id": "1486321316",
    "osm_type": "way",
    "osm_version": "1",
    "osm_timestamp": "2026-03-07T16:01:09Z",
    "highway": "service",
    "name": "광탄길"
   }
  },
  {
   "type": "Feature",
   "geometry": {
    "type": "LineString",
    "coordinates": [
     [
      179240.44145114216,
      270965.5513828943
     ],
     [
      179243.16490441686,
      270979.4018420468
     ],
     [
      179243.07972321834,
      270982.06464632833
     ],
     [
      179242.43791893078,
      270984.7287192943
     ],
     [
      179241.10373020702,
      270987.8825157142
     ],
     [
      179240.41395022674,
      270989.51493676414
     ],
     [
      179221.5616215149,
      271029.4859901095
     ],
     [
      179217.7476344257,
      271037.5934661425
     ],
     [
      179216.74259198766,
      271041.0238706372
     ],
     [
      179216.32970735212,
      271044.0313438525
     ],
     [
      179216.29089865426,
      271055.014700592
     ],
     [
      179216.260288304,
      271061.5936372283
     ],
     [
      179217.24285908687,
      271072.30840226123
     ],
     [
      179217.46235207544,
      271076.5237014166
     ],
     [
      179217.4704284087,
      271080.06273621164
     ],
     [
      179217.00363169884,
      271083.4364415711
     ],
     [
      179216.052153951,
      271086.3452962601
     ],
     [
      179213.09692900008,
      271090.8895735305
     ],
     [
      179191.7604956402,
      271121.7913022094
     ],
     [
      179189.69471071044,
      271124.22565497964
     ],
     [
      179187.4728413406,
      271126.238784901
     ],
     [
      179171.4355083981,
      271140.04336791707
     ],
     [
      179160.92611233445,
      271149.08700540714
     ],
     [
      179156.00874773788,
      271153.4804732359
     ],
     [
      179148.70526356032,
      271159.87636520434
     ],
     [
      179106.72053354638,
      271199.0686016383
     ],
     [
      179105.27209022178,
      271200.1147810407
     ],
     [
      179103.96859955022,
      271200.7057653014
     ],
     [
      179101.63388462266,
      271201.2436451658
     ],
     [
      179099.04258198262,
      271201.3050633467
     ],
     [
      179067.90498729405,
      271191.72461652115
     ]
    ]
   },
   "properties": {
    "osm_id": "1486881085",
    "osm_type": "way",
    "osm_version": "1",
    "osm_timestamp": "2026-03-09T14:43:51Z",
    "highway": "residential",
    "name": "영산로",
    "name:en": "Yeongsan-ro",
    "name:ko": "영산로"
   }
  },
  {
   "type": "Feature",
   "geometry": {
    "type": "LineString",
    "coordinates": [
     [
      179216.29089865426,
      271055.014700592
     ],
     [
      179189.04554813873,
      271059.7697713366
     ],
     [
      179183.2161858885,
      271060.4154643516
     ],
     [
      179178.13397499334,
      271060.582401736
     ],
     [
      179172.88680576198,
      271060.4390813071
     ],
     [
      179162.6012477891,
      271059.67492073716
     ],
     [
      179156.6871986401,
      271059.2003092099
     ],
     [
      179107.42172295207,
      271055.2638107869
     ],
     [
      179102.70196052713,
      271054.32053762354
     ],
     [
      179098.88375456308,
      271052.587508713
     ],
     [
      179096.22382426175,
      271050.5966558001
     ],
     [
      179077.96708437448,
      271035.7057715089
     ]
    ]
   },
   "properties": {
    "osm_id": "1486881086",
    "osm_type": "way",
    "osm_version": "1",
    "osm_timestamp": "2026-03-09T14:43:51Z",
    "highway": "service"
   }
  },
  {
   "type": "Feature",
   "geometry": {
    "type": "LineString",
    "coordinates": [
     [
      179216.260288304,
      271061.5936372283
     ],
     [
      179198.77099476833,
      271090.9666614722
     ],
     [
      179187.4175993501,
      271110.0524563516
     ],
     [
      179181.92283035908,
      271117.34281855775
     ],
     [
      179176.42566023237,
      271123.57923958625
     ],
     [
      179157.07095927227,
      271143.149330274
     ],
     [
      179153.68112612207,
      271145.1651418371
     ],
     [
      179149.0205076976,
      271146.1188198351
     ],
     [
      179146.0556817257,
      271146.4473408637
     ],
     [
      179113.72623216905,
      271146.4104894562
     ],
     [
      179095.43712410948,
      271165.0241668278
     ]
    ]
   },
   "properties": {
    "osm_id": "1486881087",
    "osm_type": "way",
    "osm_version": "1",
    "osm_timestamp": "2026-03-09T14:43:51Z",
    "highway": "service"
   }
  },
  {
   "type": "Feature",
   "geometry": {
    "type": "LineString",
    "coordinates": [
     [
      179113.72623216905,
      271146.4104894562
     ],
     [
      179108.37030058439,
      271146.5669997124
     ],
     [
      179106.82724079728,
      271146.14895969734
     ],
     [
      179105.4284468888,
      271144.9761824621
     ],
     [
      179097.47234293167,
      271137.3616222276
     ],
     [
      179085.66621541965,
      271126.0726314209
     ],
     [
      179080.49932090068,
      271121.13648024073
     ]
    ]
   },
   "properties": {
    "osm_id": "1486881088",
    "osm_type": "way",
    "osm_version": "1",
    "osm_timestamp": "2026-03-09T14:43:51Z",
    "highway": "service"
   }
  },
  {
   "type": "Feature",
   "geometry": {
    "type": "LineString",
    "coordinates": [
     [
      179097.47234293167,
      271137.3616222276
     ],
     [
      179064.88177967852,
      271170.6192773848
     ],
     [
      179064.0712042005,
      271171.28679366485
     ],
     [
      179063.30520700043,
      271171.49934477295
     ],
     [
      179062.5382405624,
      271171.29031805816
     ],
     [
      179061.8345098727,
      271170.80379067344
     ],
     [
      179050.46237610045,
      271161.743784014
     ],
     [
      179049.10028061387,
      271160.6596846551
     ],
     [
      179046.9705788453,
      271159.0892062241
     ],
     [
      179044.1659221547,
      271157.6423177965
     ],
     [
      179027.85861369857,
      271149.19278477516
     ],
     [
      179024.9169510236,
      271147.6907467035
     ],
     [
      179022.60510363153,
      271146.27601247234
     ],
     [
      179019.92695960996,
      271144.2963178091
     ],
     [
      179015.78511204122,
      271140.7002414081
     ],
     [
      179015.32720963133,
      271139.980172673
     ],
     [
      179015.0603402918,
      271139.00449684396
     ],
     [
      179015.19447712504,
      271137.8171069085
     ],
     [
      179015.6116878798,
      271136.71781839733
     ],
     [
      179030.52292278322,
      271113.4632829056
     ],
     [
      179047.55272137048,
      271086.897823378
     ]
    ]
   },
   "properties": {
    "osm_id": "1486881089",
    "osm_type": "way",
    "osm_version": "1",
    "osm_timestamp": "2026-03-09T14:43:51Z",
    "highway": "service",
    "service": "parking_aisle"
   }
  },
  {
   "type": "Feature",
   "geometry": {
    "type": "LineString",
    "coordinates": [
     [
      179030.52292278322,
      271113.4632829056
     ],
     [
      179044.23730805717,
      271121.25313417887
     ],
     [
      179045.50614497683,
      271121.4610045574
     ],
     [
      179046.57252524458,
      271120.9260286716
     ],
     [
      179047.1000809357,
      271120.19259680016
     ],
     [
      179062.99716306856,
      271097.0467897472
     ],
     [
      179063.4148405906,
      271096.1471982967
     ],
     [
      179063.35779593737,
      271095.1488503329
     ],
     [
      179062.98999588605,
      271093.9293325605
     ],
     [
      179059.79840416112,
      271090.8857623554
     ],
     [
      179057.7326641582,
      271089.35951124516
     ],
     [
      179052.16067773092,
      271086.84284600004
     ],
     [
      179049.98773404778,
      271086.31532234116
     ],
     [
      179048.6645004576,
      271086.26289543294
     ],
     [
      179047.55272137048,
      271086.897823378
     ]
    ]
   },
   "properties": {
    "osm_id": "1486881090",
    "osm_type": "way",
    "osm_version": "1",
    "osm_timestamp": "2026-03-09T14:43:51Z",
    "highway": "service",
    "service": "parking_aisle"
   }
  },
  {
   "type": "Feature",
   "geometry": {
    "type": "LineString",
    "coordinates": [
     [
      179050.46237610045,
      271161.743784014
     ],
     [
      179085.66621541965,
      271126.0726314209
     ]
    ]
   },
   "properties": {
    "osm_id": "1486881091",
    "osm_type": "way",
    "osm_version": "1",
    "osm_timestamp": "2026-03-09T14:43:51Z",
    "highway": "service",
    "service": "parking_aisle"
   }
  },
  {
   "type": "Feature",
   "geometry": {
    "type": "LineString",
    "coordinates": [
     [
      179198.77099476833,
      271090.9666614722
     ],
     [
      179118.7239781486,
      271089.53009653307
     ],
     [
      179118.8587578983,
      271084.63724012807
     ],
     [
      179119.06608615335,
      271083.52734358
     ],
     [
      179119.85766065546,
      271082.5270495811
     ],
     [
      179120.96835154516,
      271081.41508190153
     ],
     [
      179124.94038786413,
      271078.6102348863
     ],
     [
      179126.58189928948,
      271078.1848922713
     ],
     [
      179128.27864322904,
      271077.9702133846
     ],
     [
      179155.80142982735,
      271078.8501844089
     ],
     [
      179179.15381303435,
      271079.59554758604
     ],
     [
      179180.58677347063,
      271079.74759050534
     ],
     [
      179182.020114268,
      271080.06604594464
     ],
     [
      179183.39989760183,
      271080.9060519538
     ],
     [
      179198.77099476833,
      271090.9666614722
     ]
    ]
   },
   "properties": {
    "osm_id": "1486881092",
    "osm_type": "way",
    "osm_version": "1",
    "osm_timestamp": "2026-03-09T14:43:51Z",
    "highway": "service",
    "oneway": "yes",
    "service": "parking_aisle"
   }
  },
  {
   "type": "Feature",
   "geometry": {
    "type": "LineString",
    "coordinates": [
     [
      179155.80142982735,
      271078.8501844089
     ],
     [
      179156.6871986401,
      271059.2003092099
     ]
    ]
   },
   "properties": {
    "osm_id": "1486881096",
    "osm_type": "way",
    "osm_version": "1",
    "osm_timestamp": "2026-03-09T14:43:51Z",
    "highway": "service"
   }
  },
  {
   "type": "Feature",
   "geometry": {
    "type": "LineString",
    "coordinates": [
     [
      179118.7239781486,
      271089.53009653307
     ],
     [
      179116.94480750983,
      271089.6118356922
     ],
     [
      179115.4408076087,
      271090.31422001065
     ],
     [
      179114.39310201464,
      271091.0377465245
     ],
     [
      179108.4933736969,
      271096.798080648
     ],
     [
      179107.51861735297,
      271097.499252197
     ],
     [
      179106.75317290128,
      271097.95587097295
     ],
     [
      179105.87789935054,
      271098.2685170416
     ],
     [
      179088.36908289007,
      271099.08529991715
     ],
     [
      179087.284422443,
      271099.60921862116
     ],
     [
      179086.4475089805,
      271100.7316559662
     ],
     [
      179081.8026231703,
      271108.5415552824
     ],
     [
      179081.4854451357,
      271109.4963861107
     ],
     [
      179080.01904434978,
      271118.61919725983
     ],
     [
      179080.02123609828,
      271119.57329450676
     ],
     [
      179080.49932090068,
      271121.13648024073
     ]
    ]
   },
   "properties": {
    "osm_id": "1486881101",
    "osm_type": "way",
    "osm_version": "1",
    "osm_timestamp": "2026-03-09T14:43:51Z",
    "highway": "service"
   }
  },
  {
   "type": "Feature",
   "geometry": {
    "type": "LineString",
    "coordinates": [
     [
      178999.7091254604,
      271113.87820832507
     ],
     [
      179034.48814587097,
      271079.97181973665
     ],
     [
      179041.06083304356,
      271073.23359809734
     ],
     [
      179050.11525819273,
      271062.4180961349
     ],
     [
      179051.869931639,
      271059.6183184035
     ],
     [
      179052.99480955908,
      271056.74233012646
     ],
     [
      179055.14544385308,
      271051.5341983798
     ],
     [
      179057.70800264008,
      271046.89092471986
     ],
     [
      179060.59141549867,
      271042.89037836285
     ],
     [
      179063.79491709516,
      271039.19973501435
     ],
     [
      179091.77561615675,
      271016.9026539287
     ],
     [
      179094.26140161572,
      271014.57825728954
     ],
     [
      179095.62520236894,
      271012.42284984037
     ],
     [
      179096.25933923008,
      271010.41334213567
     ],
     [
      179096.17280931486,
      271008.49424231047
     ],
     [
      179095.29021878482,
      271005.6228676542
     ],
     [
      179088.90692803025,
      270991.558969169
     ],
     [
      179087.94220891478,
      270988.68778384436
     ],
     [
      179087.37039786152,
      270986.0486748111
     ],
     [
      179086.43732042162,
      270973.11496836145
     ]
    ]
   },
   "properties": {
    "osm_id": "1486881112",
    "osm_type": "way",
    "osm_version": "1",
    "osm_timestamp": "2026-03-09T14:43:51Z",
    "highway": "residential",
    "name": "영산로"
   }
  },
  {
   "type": "Feature",
   "geometry": {
    "type": "LineString",
    "coordinates": [
     [
      179215.3404549693,
      270966.4185115424
     ],
     [
      179201.91538081254,
      270977.4657100643
     ],
     [
      179199.6097008748,
      270978.7579041164
     ],
     [
      179196.5731873292,
      270979.68565925886
     ],
     [
      179167.47982000958,
      270986.44197183393
     ],
     [
      179135.51365733723,
      270993.8706114541
     ]
    ]
   },
   "properties": {
    "osm_id": "1486881113",
    "osm_type": "way",
    "osm_version": "1",
    "osm_timestamp": "2026-03-09T14:43:51Z",
    "highway": "service",
    "name": "영산로"
   }
  },
  {
   "type": "Feature",
   "geometry": {
    "type": "LineString",
    "coordinates": [
     [
      179134.10379026434,
      271027.700088867
     ],
     [
      179160.82697840352,
      271014.04849266616
     ],
     [
      179162.2652413726,
      271012.5252948966
     ],
     [
      179163.1467055733,
      271010.92571182287
     ],
     [
      179163.78962700104,
      271008.7608698888
     ],
     [
      179167.47982000958,
      270986.44197183393
     ]
    ]
   },
   "properties": {
    "osm_id": "1486881116",
    "osm_type": "way",
    "osm_version": "1",
    "osm_timestamp": "2026-03-09T14:43:51Z",
    "highway": "service"
   }
  },
  {
   "type": "Feature",
   "geometry": {
    "type": "LineString",
    "coordinates": [
     [
      179159.94113541264,
      271161.2707047374
     ],
     [
      179171.4355083981,
      271140.04336791707
     ]
    ]
   },
   "properties": {
    "osm_id": "1486881125",
    "osm_type": "way",
    "osm_version": "1",
    "osm_timestamp": "2026-03-09T14:43:51Z",
    "highway": "service"
   }
  },
  {
   "type": "Feature",
   "geometry": {
    "type": "LineString",
    "coordinates": [
     [
      179038.3409278373,
      270914.3596645065
     ],
     [
      179047.11093462433,
      270914.70559245965
     ],
     [
      179048.77294260214,
      270915.24538517196
     ],
     [
      179050.24503438955,
      270916.52892708493
     ],
     [
      179075.97805148197,
      270952.3928200709
     ],
     [
      179076.6309733391,
      270954.58797355124
     ],
     [
      179076.91787543648,
      270956.34019957937
     ],
     [
      179078.0708587949,
      270973.633424233
     ]
    ]
   },
   "properties": {
    "osm_id": "1486881161",
    "osm_type": "way",
    "osm_version": "1",
    "osm_timestamp": "2026-03-09T14:43:51Z",
    "highway": "service",
    "name": "영산로"
   }
  },
  {
   "type": "Feature",
   "geometry": {
    "type": "LineString",
    "coordinates": [
     [
      178889.34212118,
      270735.3326447119
     ],
     [
      178896.59489889038,
      270742.4272240767
     ],
     [
      178897.80479932035,
      270744.7431102175
     ],
     [
      178897.96455464128,
      270746.73969751026
     ],
     [
      178897.4136747026,
      270749.22607645195
     ],
     [
      178892.94348588644,
      270761.5510058564
     ],
     [
      178889.81794445656,
      270767.3938032983
     ],
     [
      178885.58211815447,
      270774.52610396285
     ],
     [
      178879.57951344352,
      270783.1713159952
     ],
     [
      178877.01771582488,
      270788.13636835536
     ],
     [
      178875.73793738981,
      270791.10149031546
     ],
     [
      178875.3425543222,
      270793.7428290868
     ],
     [
      178875.43077924522,
      270796.37195198063
     ],
     [
      178881.02782855387,
      270856.8224132594
     ],
     [
      178881.92724032595,
      270862.9776142468
     ],
     [
      178883.88640201278,
      270873.6013249269
     ],
     [
      178887.7053136165,
      270895.27055841056
     ],
     [
      178888.52220607223,
      270901.25953847554
     ],
     [
      178890.98460281952,
      270924.2854124048
     ],
     [
      178891.49139736636,
      270934.28012191824
     ],
     [
      178891.92442255773,
      270947.8806212556
     ],
     [
      178892.13166478882,
      270966.42966255295
     ],
     [
      178891.74148923022,
      270983.1273556239
     ]
    ]
   },
   "properties": {
    "osm_id": "1486881168",
    "osm_type": "way",
    "osm_version": "1",
    "osm_timestamp": "2026-03-09T14:43:51Z",
    "highway": "service",
    "name": "영산로"
   }
  },
  {
   "type": "Feature",
   "geometry": {
    "type": "LineString",
    "coordinates": [
     [
      178783.17675263487,
      270969.5118643571
     ],
     [
      178784.34987204263,
      270963.873271453
     ],
     [
      178784.8282762277,
      270961.63112607785
     ],
     [
      178786.274137094,
      270959.4754808584
     ],
     [
      178787.79372216176,
      270957.63030211267
     ],
     [
      178804.5699432441,
      270947.7506768762
     ]
    ]
   },
   "properties": {
    "osm_id": "1487574297",
    "osm_type": "way",
    "osm_version": "1",
    "osm_timestamp": "2026-03-11T09:15:19Z",
    "highway": "service",
    "oneway": "yes",
    "tactile_paving": "no"
   }
  },
  {
   "type": "Feature",
   "geometry": {
    "type": "LineString",
    "coordinates": [
     [
      178738.0610968533,
      270961.0634427499
     ],
     [
      178746.0592618237,
      270951.31514899613
     ],
     [
      178747.696973376,
      270949.2588978198
     ],
     [
      178749.15228902586,
      270947.2474493993
     ],
     [
      178753.28392868303,
      270938.5621354546
     ]
    ]
   },
   "properties": {
    "osm_id": "1487574298",
    "osm_type": "way",
    "osm_version": "1",
    "osm_timestamp": "2026-03-11T09:15:19Z",
    "highway": "service",
    "oneway": "yes",
    "service": "parking_aisle"
   }
  },
  {
   "type": "Feature",
   "geometry": {
    "type": "LineString",
    "coordinates": [
     [
      178700.83707559915,
      270870.05584439484
     ],
     [
      178704.8433343428,
      270858.48630762595
     ],
     [
      178705.79233915824,
      270854.5789262958
     ],
     [
      178706.20247068783,
      270850.46201496775
     ],
     [
      178705.8833200261,
      270846.65744668164
     ],
     [
      178700.67449371587,
      270835.65307500504
     ],
     [
      178696.61192764805,
      270827.0534689361
     ],
     [
      178695.3356452856,
      270823.6838141903
     ],
     [
      178694.89887459186,
      270820.312195766
     ],
     [
      178695.09985129395,
      270816.50641129585
     ],
     [
      178702.01174328776,
      270779.24698079
     ],
     [
      178703.70062155684,
      270775.64850752294
     ],
     [
      178706.65865410704,
      270772.3687994115
     ],
     [
      178712.15893416983,
      270767.50777209306
     ],
     [
      178715.44128021068,
      270766.3352087689
     ],
     [
      178717.87747288513,
      270766.229667936
     ],
     [
      178762.1000764778,
      270774.7799243597
     ],
     [
      178764.32980260038,
      270776.13931305235
     ],
     [
      178766.13263621042,
      270778.3539516755
     ],
     [
      178769.44084230985,
      270784.3593011591
     ],
     [
      178770.07712527868,
      270787.209029878
     ],
     [
      178770.19697132747,
      270791.6464344275
     ],
     [
      178759.52066758042,
      270846.5100085238
     ],
     [
      178753.34406490065,
      270878.2871419948
     ]
    ]
   },
   "properties": {
    "osm_id": "1487574302",
    "osm_type": "way",
    "osm_version": "1",
    "osm_timestamp": "2026-03-11T09:15:19Z",
    "highway": "service",
    "service": "parking_aisle"
   }
  },
  {
   "type": "Feature",
   "geometry": {
    "type": "LineString",
    "coordinates": [
     [
      178700.67449371587,
      270835.65307500504
     ],
     [
      178759.52066758042,
      270846.5100085238
     ]
    ]
   },
   "properties": {
    "osm_id": "1487574303",
    "osm_type": "way",
    "osm_version": "1",
    "osm_timestamp": "2026-03-11T09:15:19Z",
    "highway": "service",
    "service": "parking_aisle"
   }
  },
  {
   "type": "Feature",
   "geometry": {
    "type": "LineString",
    "coordinates": [
     [
      178728.37044258323,
      270519.61420043744
     ],
     [
      178721.23405985074,
      270527.3191537455
     ],
     [
      178718.64173636909,
      270530.9308270451
     ],
     [
      178716.1795558477,
      270535.562863965
     ],
     [
      178706.04256319717,
      270563.48848563776
     ],
     [
      178704.12175300217,
      270569.38400009717
     ],
     [
      178702.8652824327,
      270574.5013671811
     ],
     [
      178700.48093764123,
      270588.99597679416
     ],
     [
      178699.89046780107,
      270594.0452218365
     ],
     [
      178699.72160717665,
      270599.8811697073
     ],
     [
      178700.78099330232,
      270639.2631291862
     ],
     [
      178701.32893397092,
      270643.34451637574
     ],
     [
      178701.51777020804,
      270646.0510615466
     ],
     [
      178702.08173599202,
      270653.08347069426
     ],
     [
      178701.83971104617,
      270654.9478635963
     ],
     [
      178701.49197020856,
      270658.432258111
     ],
     [
      178701.55785134246,
      270663.1915193901
     ],
     [
      178702.04681004235,
      270665.4646887217
     ],
     [
      178702.89997592807,
      270667.39308601216
     ],
     [
      178704.94715353494,
      270668.7196044201
     ]
    ]
   },
   "properties": {
    "osm_id": "1487574316",
    "osm_type": "way",
    "osm_version": "1",
    "osm_timestamp": "2026-03-11T09:15:19Z",
    "highway": "track"
   }
  },
  {
   "type": "Feature",
   "geometry": {
    "type": "LineString",
    "coordinates": [
     [
      178779.541518845,
      270987.60390089045
     ],
     [
      178778.53133651047,
      270992.6763101107
     ],
     [
      178777.71944841824,
      270996.6943071524
     ],
     [
      178777.2323883056,
      270999.13616905507
     ],
     [
      178776.85144107626,
      271000.1244417787
     ],
     [
      178776.1529561697,
      271001.9011436639
     ],
     [
      178772.7754331947,
      271005.27056213917
     ],
     [
      178763.16902140324,
      271014.0462926966
     ],
     [
      178762.6235428048,
      271014.9129133759
     ],
     [
      178762.22354593116,
      271015.5573105517
     ],
     [
      178760.9761022687,
      271020.6191811071
     ],
     [
      178759.81008577938,
      271025.38131819596
     ],
     [
      178758.76163366006,
      271029.68831850245
     ],
     [
      178758.47240477116,
      271030.87607398833
     ],
     [
      178757.99183719547,
      271032.1863121316
     ],
     [
      178757.28164576646,
      271032.85362150817
     ],
     [
      178756.47922181204,
      271033.09956595814
     ],
     [
      178749.0388625267,
      271031.59701748536
     ],
     [
      178741.7901241992,
      271030.09402778157
     ],
     [
      178740.29156435933,
      271029.20998882165
     ],
     [
      178739.5320716275,
      271028.3020362908
     ],
     [
      178738.15664988453,
      271025.44294012996
     ],
     [
      178735.68092485532,
      271020.31209939905
     ],
     [
      178733.00346386782,
      271014.76015033224
     ],
     [
      178729.7024715944,
      271007.9116353516
     ],
     [
      178726.76828665857,
      271001.8388597276
     ],
     [
      178725.92669162396,
      271000.9421943369
     ],
     [
      178724.59317811768,
      271000.40169303404
     ],
     [
      178720.24772874638,
      270999.5686853753
     ],
     [
      178719.2152086826,
      270998.9720104899
     ],
     [
      178718.79266077996,
      270997.77482279995
     ],
     [
      178718.90820025548,
      270996.4543413885
     ],
     [
      178720.38530376402,
      270988.1524181439
     ],
     [
      178720.9526854167,
      270984.9448647363
     ],
     [
      178721.71835445953,
      270980.68289782875
     ],
     [
      178722.59191698537,
      270975.73283771664
     ],
     [
      178723.84600850646,
      270969.61699635466
     ]
    ]
   },
   "properties": {
    "osm_id": "1487574321",
    "osm_type": "way",
    "osm_version": "1",
    "osm_timestamp": "2026-03-11T09:15:19Z",
    "highway": "service",
    "oneway": "yes"
   }
  },
  {
   "type": "Feature",
   "geometry": {
    "type": "LineString",
    "coordinates": [
     [
      178762.6235428048,
      271014.9129133759
     ],
     [
      178756.7897808219,
      271013.6728732507
     ],
     [
      178729.7024715944,
      271007.9116353516
     ]
    ]
   },
   "properties": {
    "osm_id": "1487574322",
    "osm_type": "way",
    "osm_version": "1",
    "osm_timestamp": "2026-03-11T09:15:19Z",
    "highway": "service",
    "oneway": "yes"
   }
  },
  {
   "type": "Feature",
   "geometry": {
    "type": "LineString",
    "coordinates": [
     [
      178758.76163366006,
      271029.68831850245
     ],
     [
      178754.35214581343,
      271028.77778452256
     ],
     [
      178738.15664988453,
      271025.44294012996
     ]
    ]
   },
   "properties": {
    "osm_id": "1487574323",
    "osm_type": "way",
    "osm_version": "1",
    "osm_timestamp": "2026-03-11T09:15:19Z",
    "highway": "service",
    "oneway": "yes"
   }
  },
  {
   "type": "Feature",
   "geometry": {
    "type": "LineString",
    "coordinates": [
     [
      178759.81008577938,
      271025.38131819596
     ],
     [
      178735.68092485532,
      271020.31209939905
     ]
    ]
   },
   "properties": {
    "osm_id": "1487574324",
    "osm_type": "way",
    "osm_version": "1",
    "osm_timestamp": "2026-03-11T09:15:19Z",
    "highway": "service",
    "oneway": "yes"
   }
  },
  {
   "type": "Feature",
   "geometry": {
    "type": "LineString",
    "coordinates": [
     [
      178760.9761022687,
      271020.6191811071
     ],
     [
      178754.1290098009,
      271019.1818101505
     ],
     [
      178733.00346386782,
      271014.76015033224
     ]
    ]
   },
   "properties": {
    "osm_id": "1487574325",
    "osm_type": "way",
    "osm_version": "1",
    "osm_timestamp": "2026-03-11T09:15:19Z",
    "highway": "service",
    "oneway": "yes"
   }
  },
  {
   "type": "Feature",
   "geometry": {
    "type": "LineString",
    "coordinates": [
     [
      178779.541518845,
      270987.60390089045
     ],
     [
      178722.59191698537,
      270975.73283771664
     ]
    ]
   },
   "properties": {
    "osm_id": "1487574326",
    "osm_type": "way",
    "osm_version": "1",
    "osm_timestamp": "2026-03-11T09:15:19Z",
    "highway": "service",
    "oneway": "yes"
   }
  },
  {
   "type": "Feature",
   "geometry": {
    "type": "LineString",
    "coordinates": [
     [
      178778.53133651047,
      270992.6763101107
     ],
     [
      178721.71835445953,
      270980.68289782875
     ]
    ]
   },
   "properties": {
    "osm_id": "1487574327",
    "osm_type": "way",
    "osm_version": "1",
    "osm_timestamp": "2026-03-11T09:15:19Z",
    "highway": "service",
    "oneway": "yes"
   }
  },
  {
   "type": "Feature",
   "geometry": {
    "type": "LineString",
    "coordinates": [
     [
      178777.71944841824,
      270996.6943071524
     ],
     [
      178720.9526854167,
      270984.9448647363
     ]
    ]
   },
   "properties": {
    "osm_id": "1487574328",
    "osm_type": "way",
    "osm_version": "1",
    "osm_timestamp": "2026-03-11T09:15:19Z",
    "highway": "service",
    "oneway": "yes"
   }
  },
  {
   "type": "Feature",
   "geometry": {
    "type": "LineString",
    "coordinates": [
     [
      178776.85144107626,
      271000.1244417787
     ],
     [
      178720.38530376402,
      270988.1524181439
     ]
    ]
   },
   "properties": {
    "osm_id": "1487574329",
    "osm_type": "way",
    "osm_version": "1",
    "osm_timestamp": "2026-03-11T09:15:19Z",
    "highway": "service",
    "oneway": "yes"
   }
  },
  {
   "type": "Feature",
   "geometry": {
    "type": "LineString",
    "coordinates": [
     [
      178862.573131868,
      270981.0649190052
     ],
     [
      178834.8475427522,
      270987.2976934862
     ],
     [
      178831.16316984806,
      270988.2159821985
     ],
     [
      178829.04715727037,
      270988.64248102583
     ],
     [
      178827.176538894,
      270988.64682975755
     ],
     [
      178817.04361859092,
      270986.86203634395
     ],
     [
      178800.8948331508,
      270984.0151169414
     ],
     [
      178781.03977235264,
      270980.52230212244
     ],
     [
      178730.4480639915,
      270971.6096276648
     ],
     [
      178728.57632779112,
      270971.1369480698
     ],
     [
      178726.39405680133,
      270970.54295789014
     ],
     [
      178723.84600850646,
      270969.61699635466
     ],
     [
      178721.92729874785,
      270968.56752877776
     ],
     [
      178720.1083412865,
      270967.25156740675
     ],
     [
      178702.85941727136,
      270954.43369447195
     ]
    ]
   },
   "properties": {
    "osm_id": "1487574336",
    "osm_type": "way",
    "osm_version": "1",
    "osm_timestamp": "2026-03-11T09:15:19Z",
    "highway": "secondary_link",
    "oneway": "yes"
   }
  },
  {
   "type": "Feature",
   "geometry": {
    "type": "LineString",
    "coordinates": [
     [
      178781.03977235264,
      270980.52230212244
     ],
     [
      178779.541518845,
      270987.60390089045
     ]
    ]
   },
   "properties": {
    "osm_id": "1487574337",
    "osm_type": "way",
    "osm_version": "1",
    "osm_timestamp": "2026-03-11T09:15:19Z",
    "highway": "service",
    "oneway": "yes"
   }
  },
  {
   "type": "Feature",
   "geometry": {
    "type": "LineString",
    "coordinates": [
     [
      178800.8948331508,
      270984.0151169414
     ],
     [
      178783.87053594508,
      270969.63228443207
     ]
    ]
   },
   "properties": {
    "osm_id": "1487574338",
    "osm_type": "way",
    "osm_version": "1",
    "osm_timestamp": "2026-03-11T09:15:19Z",
    "highway": "secondary_link",
    "oneway": "yes"
   }
  },
  {
   "type": "Feature",
   "geometry": {
    "type": "LineString",
    "coordinates": [
     [
      178815.24360578763,
      270997.6054212269
     ],
     [
      178852.04994343975,
      271003.7659192485
     ],
     [
      178853.38401549068,
      271004.5505105398
     ],
     [
      178854.53667017826,
      271005.80148018134
     ],
     [
      178855.26076104346,
      271007.18657554546
     ],
     [
      178855.6288241878,
      271008.5059322925
     ],
     [
      178855.68736026768,
      271010.1366456498
     ],
     [
      178855.27276441315,
      271012.35645078676
     ],
     [
      178853.3777014942,
      271021.480293864
     ],
     [
      178849.7229151263,
      271039.0620145409
     ],
     [
      178849.11713691786,
      271041.47086570703
     ],
     [
      178848.15716233337,
      271044.60166343907
     ],
     [
      178837.06636117425,
      271078.2318029516
     ],
     [
      178836.16846408648,
      271080.58586293523
     ],
     [
      178834.6601549746,
      271083.351827585
     ],
     [
      178825.72101714055,
      271092.614087973
     ],
     [
      178823.09937700932,
      271095.3382664409
     ],
     [
      178821.58942313356,
      271097.3942074613
     ],
     [
      178819.96262714503,
      271100.215921286
     ],
     [
      178811.2457566913,
      271114.7918082707
     ]
    ]
   },
   "properties": {
    "osm_id": "1487574347",
    "osm_type": "way",
    "osm_version": "1",
    "osm_timestamp": "2026-03-11T09:15:19Z",
    "highway": "service"
   }
  },
  {
   "type": "Feature",
   "geometry": {
    "type": "LineString",
    "coordinates": [
     [
      178815.24360578763,
      270997.6054212269
     ],
     [
      178817.04361859092,
      270986.86203634395
     ]
    ]
   },
   "properties": {
    "osm_id": "1487574348",
    "osm_type": "way",
    "osm_version": "1",
    "osm_timestamp": "2026-03-11T09:15:19Z",
    "highway": "service"
   }
  },
  {
   "type": "Feature",
   "geometry": {
    "type": "LineString",
    "coordinates": [
     [
      178853.3777014942,
      271021.480293864
     ],
     [
      178813.73148908015,
      271014.427765677
     ],
     [
      178813.1106058837,
      271014.26279689744
     ],
     [
      178812.82636474606,
      271013.6754648711
     ],
     [
      178812.79689930304,
      271012.7769021601
     ],
     [
      178815.24360578763,
      270997.6054212269
     ]
    ]
   },
   "properties": {
    "osm_id": "1487574349",
    "osm_type": "way",
    "osm_version": "1",
    "osm_timestamp": "2026-03-11T09:15:19Z",
    "highway": "service"
   }
  },
  {
   "type": "Feature",
   "geometry": {
    "type": "LineString",
    "coordinates": [
     [
      178825.72101714055,
      271092.614087973
     ],
     [
      178820.0511562576,
      271083.35250959155
     ],
     [
      178811.05632928616,
      271068.67359967675
     ],
     [
      178810.56992241164,
      271067.4765562943
     ],
     [
      178810.44835613083,
      271066.21209874994
     ],
     [
      178814.1717848693,
      271042.87230442895
     ]
    ]
   },
   "properties": {
    "osm_id": "1487574350",
    "osm_type": "way",
    "osm_version": "1",
    "osm_timestamp": "2026-03-11T09:15:19Z",
    "highway": "service"
   }
  },
  {
   "type": "Feature",
   "geometry": {
    "type": "LineString",
    "coordinates": [
     [
      178780.36465321446,
      271062.82075103873
     ],
     [
      178793.57833686378,
      271055.312471736
     ],
     [
      178794.66084186055,
      271053.86770326726
     ],
     [
      178795.25915899567,
      271052.17998960195
     ],
     [
      178797.283850276,
      271039.97164034925
     ],
     [
      178814.1717848693,
      271042.87230442895
     ],
     [
      178834.19996689138,
      271046.32041154307
     ],
     [
      178835.1688832389,
      271047.0392835814
     ],
     [
      178835.53653522072,
      271048.18113314407
     ],
     [
      178829.5587224108,
      271075.24272061983
     ],
     [
      178828.777619203,
      271076.80882063275
     ],
     [
      178827.51276878372,
      271078.32057429134
     ],
     [
      178820.0511562576,
      271083.35250959155
     ]
    ]
   },
   "properties": {
    "osm_id": "1487574351",
    "osm_type": "way",
    "osm_version": "1",
    "osm_timestamp": "2026-03-11T09:15:19Z",
    "highway": "service"
   }
  },
  {
   "type": "Feature",
   "geometry": {
    "type": "LineString",
    "coordinates": [
     [
      178797.283850276,
      271039.97164034925
     ],
     [
      178793.35117183524,
      271036.1311050388
     ],
     [
      178792.74667947865,
      271035.16731609957
     ],
     [
      178792.44276689208,
      271033.9698487451
     ],
     [
      178792.30871419128,
      271031.26317279733
     ]
    ]
   },
   "properties": {
    "osm_id": "1487574352",
    "osm_type": "way",
    "osm_version": "1",
    "osm_timestamp": "2026-03-11T09:15:19Z",
    "highway": "service"
   }
  },
  {
   "type": "Feature",
   "geometry": {
    "type": "LineString",
    "coordinates": [
     [
      178775.67491262368,
      271043.45008760266
     ],
     [
      178775.69857048287,
      271053.6012382842
     ],
     [
      178775.9390498725,
      271054.9874545979
     ],
     [
      178776.54493886637,
      271056.55032676284
     ],
     [
      178780.36465321446,
      271062.82075103873
     ],
     [
      178788.60863396784,
      271076.3586756338
     ]
    ]
   },
   "properties": {
    "osm_id": "1487574353",
    "osm_type": "way",
    "osm_version": "1",
    "osm_timestamp": "2026-03-11T09:15:19Z",
    "highway": "service"
   }
  },
  {
   "type": "Feature",
   "geometry": {
    "type": "LineString",
    "coordinates": [
     [
      178804.5699432441,
      270947.7506768762
     ],
     [
      178808.65508175618,
      270946.5097128735
     ],
     [
      178809.59480290557,
      270946.4409610503
     ],
     [
      178810.56223465703,
      270946.5163696077
     ],
     [
      178814.42358490155,
      270947.139756498
     ],
     [
      178834.99916797198,
      270950.45346245257
     ],
     [
      178837.7388609723,
      270951.39010390785
     ],
     [
      178838.47888861346,
      270951.77668177255
     ],
     [
      178840.23300313242,
      270952.6823314716
     ],
     [
      178843.7330339075,
      270954.893042555
     ],
     [
      178846.3944391846,
      270957.4829060375
     ],
     [
      178867.94877190806,
      270981.4962123966
     ]
    ]
   },
   "properties": {
    "osm_id": "1487574356",
    "osm_type": "way",
    "osm_version": "1",
    "osm_timestamp": "2026-03-11T09:15:19Z",
    "highway": "service",
    "oneway": "yes"
   }
  },
  {
   "type": "Feature",
   "geometry": {
    "type": "LineString",
    "coordinates": [
     [
      178814.42358490155,
      270947.139756498
     ],
     [
      178816.0837744485,
      270939.0482141816
     ],
     [
      178817.00407549297,
      270934.5529177926
     ],
     [
      178817.78000265334,
      270930.75689265743
     ],
     [
      178818.37127154268,
      270929.9567342346
     ],
     [
      178819.06366408436,
      270929.47807280807
     ],
     [
      178819.92981923156,
      270929.16542050167
     ],
     [
      178820.9697369543,
      270929.0187773692
     ],
     [
      178823.74415803512,
      270929.18983327696
     ],
     [
      178825.55148089924,
      270929.42970374273
     ],
     [
      178831.4494458934,
      270930.7916751689
     ],
     [
      178832.31738053708,
      270931.2445205067
     ],
     [
      178832.80245083213,
      270931.86466894357
     ],
     [
      178833.11430031355,
      270932.5517852668
     ],
     [
      178834.63256282397,
      270937.984420403
     ],
     [
      178836.02199055933,
      270942.9513983195
     ],
     [
      178838.47888861346,
      270951.77668177255
     ]
    ]
   },
   "properties": {
    "osm_id": "1487574359",
    "osm_type": "way",
    "osm_version": "1",
    "osm_timestamp": "2026-03-11T09:15:19Z",
    "highway": "service",
    "oneway": "yes"
   }
  },
  {
   "type": "Feature",
   "geometry": {
    "type": "LineString",
    "coordinates": [
     [
      178817.00407549297,
      270934.5529177926
     ],
     [
      178834.63256282397,
      270937.984420403
     ]
    ]
   },
   "properties": {
    "osm_id": "1487574360",
    "osm_type": "way",
    "osm_version": "1",
    "osm_timestamp": "2026-03-11T09:15:19Z",
    "highway": "service",
    "oneway": "yes"
   }
  },
  {
   "type": "Feature",
   "geometry": {
    "type": "LineString",
    "coordinates": [
     [
      178816.0837744485,
      270939.0482141816
     ],
     [
      178836.02199055933,
      270942.9513983195
     ]
    ]
   },
   "properties": {
    "osm_id": "1487574361",
    "osm_type": "way",
    "osm_version": "1",
    "osm_timestamp": "2026-03-11T09:15:19Z",
    "highway": "service",
    "oneway": "yes"
   }
  },
  {
   "type": "Feature",
   "geometry": {
    "type": "LineString",
    "coordinates": [
     [
      178461.50182674927,
      270950.6079940337
     ],
     [
      178564.59980893877,
      270971.29953535437
     ],
     [
      178581.1695649195,
      270974.62209754885
     ]
    ]
   },
   "properties": {
    "osm_id": "1487574366",
    "osm_type": "way",
    "osm_version": "1",
    "osm_timestamp": "2026-03-11T09:15:19Z",
    "highway": "service"
   }
  },
  {
   "type": "Feature",
   "geometry": {
    "type": "LineString",
    "coordinates": [
     [
      178564.59980893877,
      270971.29953535437
     ],
     [
      178566.9079469475,
      270959.4565762307
     ],
     [
      178566.78647605996,
      270958.24759273935
     ],
     [
      178565.76223062468,
      270957.295900853
     ],
     [
      178543.2862859294,
      270953.0220829422
     ]
    ]
   },
   "properties": {
    "osm_id": "1487574367",
    "osm_type": "way",
    "osm_version": "1",
    "osm_timestamp": "2026-03-11T09:15:19Z",
    "highway": "service",
    "service": "parking_aisle"
   }
  },
  {
   "type": "Feature",
   "geometry": {
    "type": "LineString",
    "coordinates": [
     [
      178583.9889925191,
      270951.2510518757
     ],
     [
      178637.90963515916,
      270959.323039256
     ],
     [
      178640.38271776558,
      270959.4059923941
     ],
     [
      178642.85413525853,
      270958.77892043267
     ],
     [
      178644.5935500426,
      270957.2993111271
     ],
     [
      178652.2838622967,
      270944.7226318568
     ]
    ]
   },
   "properties": {
    "osm_id": "1487574369",
    "osm_type": "way",
    "osm_version": "1",
    "osm_timestamp": "2026-03-11T09:15:19Z",
    "highway": "service"
   }
  },
  {
   "type": "Feature",
   "geometry": {
    "type": "LineString",
    "coordinates": [
     [
      178556.44713609794,
      270880.45711611887
     ],
     [
      178554.60395103533,
      270892.1214741981
     ],
     [
      178554.24884939916,
      270896.32701723545
     ],
     [
      178554.08434777948,
      270903.9713176797
     ],
     [
      178553.73206457813,
      270924.87364586495
     ]
    ]
   },
   "properties": {
    "osm_id": "1487574371",
    "osm_type": "way",
    "osm_version": "1",
    "osm_timestamp": "2026-03-11T09:15:19Z",
    "highway": "service",
    "name": "영산로"
   }
  },
  {
   "type": "Feature",
   "geometry": {
    "type": "LineString",
    "coordinates": [
     [
      178620.44040963694,
      270852.7153626444
     ],
     [
      178612.34655869324,
      270860.55578580627
     ],
     [
      178610.96449431797,
      270862.66693182336
     ],
     [
      178610.0298728045,
      270864.9101577324
     ],
     [
      178609.70316734407,
      270865.67642569717
     ],
     [
      178608.32165158496,
      270868.02054931404
     ],
     [
      178605.85313053447,
      270869.8901753996
     ],
     [
      178583.10612485473,
      270878.4861819116
     ]
    ]
   },
   "properties": {
    "osm_id": "1487574375",
    "osm_type": "way",
    "osm_version": "1",
    "osm_timestamp": "2026-03-11T09:15:19Z",
    "highway": "service",
    "name": "영산로"
   }
  },
  {
   "type": "Feature",
   "geometry": {
    "type": "LineString",
    "coordinates": [
     [
      178610.0298728045,
      270864.9101577324
     ],
     [
      178616.82962125316,
      270869.442817422
     ],
     [
      178618.18143659155,
      270869.9943542666
     ],
     [
      178619.18566502727,
      270870.1916925034
     ],
     [
      178626.39362485474,
      270869.8086649115
     ]
    ]
   },
   "properties": {
    "osm_id": "1487574376",
    "osm_type": "way",
    "osm_version": "1",
    "osm_timestamp": "2026-03-11T09:15:19Z",
    "highway": "service"
   }
  },
  {
   "type": "Feature",
   "geometry": {
    "type": "LineString",
    "coordinates": [
     [
      178527.36506550296,
      274681.6912628312
     ],
     [
      178538.57544095413,
      274674.07632068027
     ],
     [
      178556.04603594527,
      274663.8505712683
     ],
     [
      178565.564236624,
      274658.0813021298
     ],
     [
      178572.32460298415,
      274654.82584560034
     ]
    ]
   },
   "properties": {
    "osm_id": "1490049089",
    "osm_type": "way",
    "osm_version": "1",
    "osm_timestamp": "2026-03-18T05:56:00Z",
    "highway": "unclassified"
   }
  },
  {
   "type": "Feature",
   "geometry": {
    "type": "LineString",
    "coordinates": [
     [
      177030.0708502663,
      273879.18306481245
     ],
     [
      177043.5132820713,
      273892.21819530573
     ],
     [
      177092.53673504392,
      273939.77783382783
     ],
     [
      177108.85467499134,
      273950.0766289908
     ],
     [
      177120.7413506562,
      273957.57974357205
     ]
    ]
   },
   "properties": {
    "osm_id": "1501322596",
    "osm_type": "way",
    "osm_version": "1",
    "osm_timestamp": "2026-04-20T09:01:41Z",
    "highway": "service"
   }
  },
  {
   "type": "Feature",
   "geometry": {
    "type": "LineString",
    "coordinates": [
     [
      175291.74871701185,
      274394.264027954
     ],
     [
      175300.96838661953,
      274386.69486552884
     ]
    ]
   },
   "properties": {
    "osm_id": "1540947971",
    "osm_type": "way",
    "osm_version": "1",
    "osm_timestamp": "2026-07-20T08:30:14Z",
    "highway": "unclassified",
    "surface": "asphalt"
   }
  },
  {
   "type": "Feature",
   "geometry": {
    "type": "LineString",
    "coordinates": [
     [
      175300.96838661953,
      274386.69486552884
     ],
     [
      175307.50171740228,
      274377.43557596
     ]
    ]
   },
   "properties": {
    "osm_id": "1540947972",
    "osm_type": "way",
    "osm_version": "1",
    "osm_timestamp": "2026-07-20T08:30:14Z",
    "bridge": "yes",
    "highway": "unclassified",
    "layer": "1",
    "surface": "asphalt"
   }
  },
  {
   "type": "Feature",
   "geometry": {
    "type": "LineString",
    "coordinates": [
     [
      175206.10108086083,
      274335.6972613586
     ],
     [
      175210.03934524333,
      274341.5443197217
     ],
     [
      175218.0702557165,
      274349.6434672349
     ],
     [
      175234.16148298135,
      274359.9062519222
     ],
     [
      175291.74871701185,
      274394.264027954
     ]
    ]
   },
   "properties": {
    "osm_id": "1540947973",
    "osm_type": "way",
    "osm_version": "1",
    "osm_timestamp": "2026-07-20T08:30:14Z",
    "highway": "tertiary",
    "name": "유곡로",
    "name:en": "Yugok-ro",
    "name:ko": "유곡로",
    "surface": "asphalt"
   }
  },
  {
   "type": "Feature",
   "geometry": {
    "type": "LineString",
    "coordinates": [
     [
      175191.8686119332,
      274314.66798439994
     ],
     [
      175206.10108086083,
      274335.6972613586
     ]
    ]
   },
   "properties": {
    "osm_id": "1540947974",
    "osm_type": "way",
    "osm_version": "1",
    "osm_timestamp": "2026-07-20T08:30:14Z",
    "bridge": "yes",
    "highway": "tertiary",
    "layer": "1",
    "name": "유곡로",
    "name:en": "Yugok-ro",
    "name:ko": "유곡로",
    "surface": "asphalt"
   }
  },
  {
   "type": "Feature",
   "geometry": {
    "type": "LineString",
    "coordinates": [
     [
      175441.3750253729,
      271102.4542976741
     ],
     [
      175424.6861151804,
      271102.6768264271
     ],
     [
      175358.48700708777,
      271103.53245869186
     ],
     [
      175335.1531207875,
      271103.00763114716
     ],
     [
      175303.36614015527,
      271101.2299448505
     ],
     [
      175196.18655688997,
      271095.2529840922
     ],
     [
      175178.733823179,
      271089.76450604
     ],
     [
      175196.34865799043,
      271084.4134622155
     ],
     [
      175372.00746722086,
      271092.41273238766
     ],
     [
      175441.08108419843,
      271091.5827295262
     ]
    ]
   },
   "properties": {
    "osm_id": "1553535867",
    "osm_type": "way",
    "osm_version": "1",
    "osm_timestamp": "2026-08-30T01:27:43Z",
    "highway": "secondary",
    "lanes": "3",
    "maxspeed": "70",
    "name": "영산로",
    "name:en": "Yeongsan-ro",
    "name:ko": "영산로",
    "oneway": "yes",
    "surface": "asphalt"
   }
  },
  {
   "type": "Feature",
   "geometry": {
    "type": "LineString",
    "coordinates": [
     [
      176214.1162529892,
      271125.47618537437
     ],
     [
      176216.23999264068,
      271121.0773201459
     ],
     [
      176216.31643536474,
      271115.4079646267
     ],
     [
      176214.20097049882,
      271109.0010199163
     ],
     [
      176210.10833375077,
      271103.71975859685
     ],
     [
      176202.45333977247,
      271097.0499333967
     ]
    ]
   },
   "properties": {
    "osm_id": "1553535868",
    "osm_type": "way",
    "osm_version": "1",
    "osm_timestamp": "2026-08-30T01:27:43Z",
    "highway": "secondary_link",
    "oneway": "yes"
   }
  },
  {
   "type": "Feature",
   "geometry": {
    "type": "LineString",
    "coordinates": [
     [
      176214.1162529892,
      271125.47618537437
     ],
     [
      176243.49702719718,
      271103.9432364738
     ],
     [
      176258.2028674572,
      271095.58420753514
     ]
    ]
   },
   "properties": {
    "osm_id": "1553535869",
    "osm_type": "way",
    "osm_version": "1",
    "osm_timestamp": "2026-08-30T01:27:43Z",
    "highway": "secondary_link",
    "oneway": "yes"
   }
  },
  {
   "type": "Feature",
   "geometry": {
    "type": "LineString",
    "coordinates": [
     [
      176132.71158168052,
      271048.3512314482
     ],
     [
      176201.93296005938,
      271055.0485083847
     ]
    ]
   },
   "properties": {
    "osm_id": "1553535870",
    "osm_type": "way",
    "osm_version": "1",
    "osm_timestamp": "2026-08-30T01:27:43Z",
    "highway": "secondary_link",
    "oneway": "no"
   }
  },
  {
   "type": "Feature",
   "geometry": {
    "type": "LineString",
    "coordinates": [
     [
      177330.75888491847,
      271048.984604866
     ],
     [
      177351.37319816364,
      271049.3881779237
     ],
     [
      177406.20406337414,
      271048.9524368676
     ],
     [
      177453.13201384907,
      271048.2370443443
     ],
     [
      177524.7968209167,
      271047.1390791614
     ],
     [
      177592.93171786217,
      271046.6272621243
     ]
    ]
   },
   "properties": {
    "osm_id": "1553535871",
    "osm_type": "way",
    "osm_version": "1",
    "osm_timestamp": "2026-08-30T01:27:43Z",
    "highway": "secondary",
    "maxspeed": "70",
    "name": "영산로",
    "name:en": "Yeongsan-ro",
    "name:ko": "영산로",
    "oneway": "no"
   }
  },
  {
   "type": "Feature",
   "geometry": {
    "type": "LineString",
    "coordinates": [
     [
      176760.34204555152,
      271057.52267101273
     ],
     [
      176747.4032003387,
      271064.81132641074
     ],
     [
      176742.1939280681,
      271068.8074581968
     ],
     [
      176730.90011926857,
      271080.6516660743
     ],
     [
      176719.5081347535,
      271071.92743118387
     ],
     [
      176711.49175728325,
      271066.533941757
     ],
     [
      176696.76155273145,
      271058.4173609985
     ]
    ]
   },
   "properties": {
    "osm_id": "1553535872",
    "osm_type": "way",
    "osm_version": "1",
    "osm_timestamp": "2026-08-30T01:27:43Z",
    "highway": "secondary_link",
    "oneway": "yes"
   }
  },
  {
   "type": "Feature",
   "geometry": {
    "type": "LineString",
    "coordinates": [
     [
      177705.01949634217,
      271589.3813409301
     ],
     [
      177691.46905974348,
      271607.7311082962
     ],
     [
      177666.8028626243,
      271628.8595244946
     ],
     [
      177654.8333623281,
      271640.7042498912
     ],
     [
      177643.11220951393,
      271649.6305981256
     ],
     [
      177627.4694015748,
      271659.2877221788
     ],
     [
      177599.84721468945,
      271673.001544266
     ],
     [
      177588.6193288656,
      271685.8208267577
     ],
     [
      177567.25251106088,
      271701.5939762667
     ],
     [
      177546.0048340181,
      271721.2498656142
     ],
     [
      177533.8427338784,
      271725.1850382978
     ],
     [
      177525.1390666415,
      271721.85605922126
     ],
     [
      177519.07495874746,
      271715.90233098686
     ],
     [
      177505.5530837336,
      271693.88038639235
     ]
    ]
   },
   "properties": {
    "osm_id": "1557568453",
    "osm_type": "way",
    "osm_version": "1",
    "osm_timestamp": "2026-09-09T08:48:05Z",
    "highway": "track",
    "tracktype": "grade1"
   }
  },
  {
   "type": "Feature",
   "geometry": {
    "type": "LineString",
    "coordinates": [
     [
      175114.0404900041,
      271160.8333156984
     ],
     [
      175134.2183693364,
      271158.5038761499
     ],
     [
      175156.96900355644,
      271156.0010487922
     ],
     [
      175232.47820736485,
      271156.2835188557
     ],
     [
      175249.6120945542,
      271158.66657606163
     ],
     [
      175261.49640896803,
      271163.39371679595
     ],
     [
      175269.23100707994,
      271172.25920189655
     ],
     [
      175271.33429738582,
      271180.66293079394
     ],
     [
      175283.8600891983,
      271240.2050441034
     ],
     [
      175290.8862332886,
      271260.3996998822
     ],
     [
      175302.95542002757,
      271289.6114025314
     ],
     [
      175310.45012289297,
      271300.91830880847
     ],
     [
      175330.19218909697,
      271316.3301887604
     ],
     [
      175345.26898992423,
      271324.0886141849
     ],
     [
      175350.29613607336,
      271327.24796026916
     ],
     [
      175367.31449626436,
      271421.98009547364
     ],
     [
      175376.1604335771,
      271433.649511618
     ],
     [
      175425.79839063185,
      271508.0687903038
     ],
     [
      175430.44340174133,
      271508.30032905267
     ],
     [
      175449.26137240426,
      271495.946046117
     ],
     [
      175483.8172524597,
      271469.2933028296
     ]
    ]
   },
   "properties": {
    "osm_id": "1557568457",
    "osm_type": "way",
    "osm_version": "1",
    "osm_timestamp": "2026-09-09T08:48:05Z",
    "highway": "track",
    "tracktype": "grade1"
   }
  },
  {
   "type": "Feature",
   "geometry": {
    "type": "LineString",
    "coordinates": [
     [
      175209.47107942466,
      271463.43500473123
     ],
     [
      175336.2893716384,
      271441.6676199258
     ],
     [
      175340.31715687574,
      271439.7152170668
     ],
     [
      175355.7069625231,
      271428.3463209408
     ]
    ]
   },
   "properties": {
    "osm_id": "1557568458",
    "osm_type": "way",
    "osm_version": "1",
    "osm_timestamp": "2026-09-09T08:48:05Z",
    "highway": "track",
    "tracktype": "grade1"
   }
  },
  {
   "type": "Feature",
   "geometry": {
    "type": "LineString",
    "coordinates": [
     [
      175179.70941419114,
      271417.5636800044
     ],
     [
      175206.62148502562,
      271459.0827214022
     ],
     [
      175209.47107942466,
      271463.43500473123
     ],
     [
      175219.8891238693,
      271479.3823732785
     ],
     [
      175238.07531209453,
      271506.569293992
     ],
     [
      175247.46168502924,
      271515.6188735147
     ],
     [
      175264.71387851806,
      271534.9314657477
     ],
     [
      175316.62224825725,
      271591.8039783118
     ],
     [
      175322.74338520254,
      271591.2992395111
     ],
     [
      175383.14578885632,
      271550.264504838
     ],
     [
      175440.91819908447,
      271511.6225352244
     ],
     [
      175485.200653612,
      271481.53763199365
     ],
     [
      175492.95263663685,
      271476.70185975806
     ],
     [
      175497.17644226784,
      271476.37985372305
     ],
     [
      175498.71592502698,
      271478.81644651946
     ],
     [
      175507.85703518786,
      271512.1078922189
     ],
     [
      175521.06588268283,
      271558.3354043121
     ]
    ]
   },
   "properties": {
    "osm_id": "1557568459",
    "osm_type": "way",
    "osm_version": "1",
    "osm_timestamp": "2026-09-09T08:48:05Z",
    "highway": "track",
    "tracktype": "grade1"
   }
  },
  {
   "type": "Feature",
   "geometry": {
    "type": "LineString",
    "coordinates": [
     [
      176377.4636225409,
      273028.7138431661
     ],
     [
      176370.1601060342,
      272984.5776155292
     ],
     [
      176365.31823083546,
      272957.4203265173
     ],
     [
      176351.3430830809,
      272898.268713943
     ],
     [
      176343.57298820285,
      272874.78015607316
     ],
     [
      176335.95439550272,
      272863.9608633442
     ],
     [
      176329.45988399253,
      272857.39885171666
     ]
    ]
   },
   "properties": {
    "osm_id": "1557568461",
    "osm_type": "way",
    "osm_version": "1",
    "osm_timestamp": "2026-09-09T08:48:05Z",
    "highway": "track",
    "tracktype": "grade1"
   }
  },
  {
   "type": "Feature",
   "geometry": {
    "type": "LineString",
    "coordinates": [
     [
      175104.23836733936,
      270739.50061804854
     ],
     [
      175160.74465778403,
      270743.7285637232
     ],
     [
      175214.0484512801,
      270748.1541762937
     ],
     [
      175227.48286792572,
      270748.88312886044
     ],
     [
      175237.37483872907,
      270752.29544411885
     ],
     [
      175243.75049834672,
      270757.93617556494
     ],
     [
      175259.48371133875,
      270781.90136440826
     ],
     [
      175274.6492738283,
      270801.8409115802
     ],
     [
      175287.04907392972,
      270814.776426944
     ],
     [
      175295.69365583346,
      270822.607698443
     ],
     [
      175306.2367642615,
      270830.6224325226
     ],
     [
      175332.9609323886,
      270846.1485188427
     ],
     [
      175348.95726273005,
      270856.2120633581
     ],
     [
      175359.74912441167,
      270865.13591369323
     ],
     [
      175369.0062118034,
      270870.0478115133
     ],
     [
      175384.15756503612,
      270884.87313294807
     ],
     [
      175392.8714777042,
      270894.7789322965
     ]
    ]
   },
   "properties": {
    "osm_id": "1557568490",
    "osm_type": "way",
    "osm_version": "1",
    "osm_timestamp": "2026-09-09T08:48:05Z",
    "highway": "unclassified",
    "surface": "concrete"
   }
  }
 ]
}
