{
 "type": "FeatureCollection",
 "crs": {
  "type": "name",
  "properties": {
   "name": "EPSG:5187"
  }
 },
 "wg_crs_wkt": "PROJCRS[\"KGD2002 / East Belt 2010\",BASEGEOGCRS[\"KGD2002\",DATUM[\"Korean Geodetic Datum 2002\",ELLIPSOID[\"GRS 1980\",6378137,298.257222101,LENGTHUNIT[\"metre\",1]]],PRIMEM[\"Greenwich\",0,ANGLEUNIT[\"degree\",0.0174532925199433]],ID[\"EPSG\",4737]],CONVERSION[\"Korea East Belt 2010\",METHOD[\"Transverse Mercator\",ID[\"EPSG\",9807]],PARAMETER[\"Latitude of natural origin\",38,ANGLEUNIT[\"degree\",0.0174532925199433],ID[\"EPSG\",8801]],PARAMETER[\"Longitude of natural origin\",129,ANGLEUNIT[\"degree\",0.0174532925199433],ID[\"EPSG\",8802]],PARAMETER[\"Scale factor at natural origin\",1,SCALEUNIT[\"unity\",1],ID[\"EPSG\",8805]],PARAMETER[\"False easting\",200000,LENGTHUNIT[\"metre\",1],ID[\"EPSG\",8806]],PARAMETER[\"False northing\",600000,LENGTHUNIT[\"metre\",1],ID[\"EPSG\",8807]]],CS[Cartesian,2],AXIS[\"northing (X)\",north,ORDER[1],LENGTHUNIT[\"metre\",1]],AXIS[\"easting (Y)\",east,ORDER[2],LENGTHUNIT[\"metre\",1]],USAGE[SCOPE[\"Cadastre, topographic mapping.\"],AREA[\"Republic of Korea (South Korea) - onshore between 128°E and 130°E.\"],BBOX[34.49,128,38.64,129.65]],ID[\"EPSG\",5187]]",
 "wg_layer_name": "roads",
 "wg_feature_kind": "road segment",
 "features": [
  {
   "type": "Feature",
   "geometry": {
    "type": "LineString",
    "coordinates": [
     [
      233114.07249493655,
      482929.83518418437
     ],
     [
      233153.1470413695,
      482814.5029682679
     ],
     [
      233183.99688639247,
      482716.0519845133
     ],
     [
      233185.61536583008,
      482707.64610712207
     ],
     [
      233186.26861036947,
      482697.77153623104
     ],
     [
      233186.67416909934,
      482687.45208189596
     ],
     [
      233186.3455912678,
      482678.0730794952
     ],
     [
      233184.21756383008,
      482668.698143252
     ],
     [
      233181.34318971026,
      482661.10705191805
     ],
     [
      233177.3909034598,
      482653.52284825814
     ],
     [
      233171.3068525979,
      482644.35441887606
     ],
     [
      233165.899731321,
      482637.48590116197
     ],
     [
      233162.37606738048,
      482631.91209716315
     ],
     [
      233101.73130455127,
      482581.19119412894
     ],
     [
      233019.83831227059,
      482512.49829979124
     ],
     [
      232960.80588785332,
      482465.9464064136
     ],
     [
      232910.44194581255,
      482428.25133794127
     ],
     [
      232893.4544753346,
      482416.56604241964
     ],
     [
      232878.36601398914,
      482406.7747731126
     ],
     [
      232862.32313498494,
      482397.2905787108
     ],
     [
      232840.61532728313,
      482385.287484277
     ],
     [
      232800.65280078287,
      482364.41330456757
     ],
     [
      232780.51314939064,
      482354.60270515253
     ],
     [
      232763.65543163536,
      482348.45601690613
     ],
     [
      232752.69202870352,
      482345.40620431065
     ],
     [
      232742.54501431485,
      482343.18079641054
     ],
     [
      232732.67098654184,
      482341.77769588685
     ],
     [
      232721.14785335297,
      482340.6457001048
     ],
     [
      232710.4400910728,
      482340.60445249005
     ],
     [
      232684.08518967233,
      482341.5905797952
     ],
     [
      232676.1300895291,
      482341.5599691891
     ],
     [
      232668.72257835107,
      482340.4438802726
     ],
     [
      232659.39509978777,
      482338.2217244749
     ],
     [
      232649.80250084243,
      482335.44366585254
     ],
     [
      232641.30557346833,
      482332.6809269929
     ],
     [
      232632.53670482035,
      482328.8184619183
     ],
     [
      232624.590504242,
      482324.14902106824
     ],
     [
      232595.01552492275,
      482307.6328020821
     ],
     [
      232587.342333784,
      482303.77458943543
     ],
     [
      232577.47764402087,
      482299.9190752929
     ],
     [
      232480.7359287051,
      482261.5605201918
     ],
     [
      232469.6106083769,
      482256.5350348157
     ],
     [
      232461.11104139365,
      482252.0966889316
     ],
     [
      232453.56699496138,
      482247.0516197254
     ],
     [
      232445.71186133777,
      482239.48615160794
     ],
     [
      232438.80100410857,
      482231.9242974795
     ],
     [
      232414.94282913374,
      482204.21060213255
     ],
     [
      232410.7241843983,
      482198.4901961151
     ],
     [
      232407.7285470229,
      482194.4391396553
     ],
     [
      232400.1904292849,
      482187.8182439515
     ],
     [
      232392.32799786617,
      482182.13943735615
     ],
     [
      232385.0909051711,
      482178.33856291184
     ],
     [
      232376.5928905165,
      482175.7980453889
     ],
     [
      232365.2542981423,
      482172.9248732637
     ],
     [
      232355.47876844672,
      482171.3228280123
     ],
     [
      232346.65048153524,
      482171.28920135484
     ],
     [
      232337.19501075818,
      482172.19651498774
     ],
     [
      232328.36076887493,
      482173.72768445907
     ],
     [
      232317.4577409544,
      482175.78368887206
     ],
     [
      232305.1509411446,
      482179.1883079939
     ],
     [
      232291.89508769425,
      482183.8433958712
     ],
     [
      232279.8965206235,
      482188.19254230324
     ],
     [
      232267.25947977867,
      482194.11517751793
     ],
     [
      232217.66002147202,
      482219.0413673536
     ],
     [
      232205.80587408989,
      482225.26670564234
     ],
     [
      232193.80619067367,
      482229.93780688284
     ],
     [
      232157.82096107406,
      482242.6750090022
     ],
     [
      232127.53959983806,
      482245.3792673666
     ],
     [
      232102.30096347496,
      482250.311168316
     ],
     [
      232082.4920211353,
      482256.440026764
     ],
     [
      232078.0970920632,
      482257.24466856883
     ],
     [
      232066.5676068844,
      482257.7449258435
     ],
     [
      232060.24847226334,
      482258.54231208994
     ],
     [
      232054.4765059373,
      482260.7068059484
     ],
     [
      232037.15547578724,
      482268.56532939745
     ],
     [
      232032.48025468324,
      482270.4676264013
     ],
     [
      232027.26886594621,
      482270.4479728261
     ],
     [
      232019.3157952663,
      482269.8630923655
     ],
     [
      232013.8172472028,
      482270.3972578669
     ],
     [
      232006.39830102748,
      482272.2781295822
     ],
     [
      231996.49936903798,
      482277.43463338166
     ],
     [
      231987.1610004425,
      482280.4069798281
     ],
     [
      231979.7430720151,
      482282.02152970375
     ],
     [
      231969.30730701453,
      482283.0698324867
     ],
     [
      231959.4279544693,
      482283.03265078587
     ],
     [
      231948.17771902078,
      482282.7239748352
     ],
     [
      231939.12615543662,
      482280.5036507771
     ],
     [
      231929.80564630713,
      482276.3623942825
     ],
     [
      231924.05733648533,
      482272.2456724992
     ],
     [
      231919.14162751375,
      482267.03339492844
     ],
     [
      231916.68975089912,
      482260.46534126054
     ],
     [
      231914.52706682953,
      482252.7996862967
     ],
     [
      231907.3612230906,
      482182.5676625626
     ],
     [
      231906.83353837382,
      482176.00684182736
     ],
     [
      231907.68153631542,
      482170.81622661377
     ],
     [
      231909.3432909683,
      482164.80742670665
     ],
     [
      231913.20917862433,
      482160.1830439413
     ],
     [
      231921.1829625934,
      482155.2855562926
     ],
     [
      231925.04681703073,
      482151.2049666181
     ],
     [
      231927.24960863424,
      482148.2057252938
     ],
     [
      231928.36178915785,
      482143.837347288
     ],
     [
      231928.66978349438,
      482135.3708341785
     ],
     [
      231926.76815797394,
      482129.3486431234
     ],
     [
      231922.41186842267,
      482122.2296357871
     ],
     [
      231916.9358763161,
      482116.7378092219
     ],
     [
      231901.07487749486,
      482101.09682070604
     ],
     [
      231894.79022285406,
      482095.0581763468
     ],
     [
      231890.4188132901,
      482089.58161327685
     ],
     [
      231887.147274549,
      482083.0104931928
     ],
     [
      231885.5217727588,
      482076.98934891645
     ],
     [
      231884.72988934373,
      482069.60629717726
     ],
     [
      231884.75655179005,
      482062.5037649104
     ],
     [
      231885.87692829655,
      482055.94913379394
     ],
     [
      231888.92360300035,
      482048.8579394858
     ],
     [
      231892.50553975572,
      482043.9439371905
     ],
     [
      231897.46314554827,
      482040.4112374605
     ],
     [
      231906.2541926784,
      482038.5354235016
     ],
     [
      231913.78391880548,
      482038.0421121974
     ],
     [
      231925.31268975226,
      482037.80799072486
     ],
     [
      231935.19641638923,
      482036.75755561085
     ],
     [
      231944.80915443983,
      482034.3299777353
     ],
     [
      231953.6053540113,
      482031.0891948055
     ],
     [
      231961.85440477627,
      482026.47022694023
     ],
     [
      231969.00870711936,
      482021.58079781826
     ],
     [
      231974.52387294068,
      482016.67410621175
     ],
     [
      231981.19113295033,
      482008.6421584863
     ],
     [
      231988.1169167624,
      481998.2029532213
     ],
     [
      231994.31216612356,
      481987.7720996916
     ],
     [
      232002.6974516342,
      481973.0213352147
     ],
     [
      232008.51936791543,
      481964.7420708956
     ],
     [
      232014.69701472716,
      481958.9944640916
     ],
     [
      232022.6906618637,
      481953.61993741663
     ],
     [
      232031.03932774637,
      481948.60188859404
     ],
     [
      232067.67968109736,
      481932.5150625986
     ],
     [
      232077.3481000657,
      481927.1802034893
     ],
     [
      232084.93293808986,
      481921.56003809813
     ],
     [
      232091.26521922983,
      481914.99182870996
     ],
     [
      232096.65440012672,
      481908.0982222337
     ],
     [
      232100.78446153985,
      481899.63506193267
     ],
     [
      232103.02939819015,
      481890.23255828174
     ],
     [
      232104.63946836998,
      481881.44913606805
     ],
     [
      232105.30343361976,
      481870.7755015616
     ],
     [
      232105.97987456634,
      481859.158596099
     ],
     [
      232111.05603738374,
      481786.6088643804
     ],
     [
      232111.40402551866,
      481779.3965699877
     ],
     [
      232110.48043551733,
      481771.54689074843
     ],
     [
      232107.26044771026,
      481763.13363852946
     ],
     [
      232101.89343314644,
      481752.3484292406
     ],
     [
      232094.8651763556,
      481740.3028886464
     ],
     [
      232086.99317246323,
      481729.91884615883
     ],
     [
      232078.70350127318,
      481721.6085338569
     ],
     [
      232069.99780172715,
      481714.93914249644
     ],
     [
      232060.03119413526,
      481709.51905945374
     ],
     [
      232047.14196865453,
      481706.5738823365
     ],
     [
      232034.25699798006,
      481704.86060327163
     ],
     [
      232010.94804820776,
      481705.6050744449
     ],
     [
      231998.88687788128,
      481705.14901153604
     ],
     [
      231990.15814814158,
      481702.2084966248
     ],
     [
      231980.20351797852,
      481695.95621377823
     ],
     [
      231974.47754069688,
      481690.5411000448
     ],
     [
      231969.05802414627,
      481686.5476694118
     ],
     [
      231961.47224416237,
      481682.91232077894
     ],
     [
      231951.70509428586,
      481678.91364240996
     ],
     [
      231943.74650014396,
      481674.91067823453
     ],
     [
      231934.72071683255,
      481668.0293646631
     ],
     [
      231883.48810355825,
      481614.82246146456
     ],
     [
      231877.0005400981,
      481605.7755582911
     ],
     [
      231870.52586876595,
      481595.66331463796
     ],
     [
      231865.84815060135,
      481586.26807933196
     ],
     [
      231863.4290844771,
      481580.3882403819
     ],
     [
      231863.08949489225,
      481573.5395904295
     ],
     [
      231864.57010718444,
      481565.96530946967
     ],
     [
      231867.14437661145,
      481556.59727894684
     ],
     [
      231868.25968002793,
      481549.03272626194
     ],
     [
      231868.29077870536,
      481540.7427459778
     ],
     [
      231868.31650688738,
      481533.8843687936
     ],
     [
      231868.33948736807,
      481527.7584397172
     ],
     [
      231868.71887509467,
      481521.6227498577
     ],
     [
      231871.28366908085,
      481514.7849960921
     ],
     [
      231874.92381000408,
      481508.6615404871
     ],
     [
      231880.38138335804,
      481502.5560044397
     ],
     [
      231889.46774519767,
      481495.731634486
     ],
     [
      231956.60568508675,
      481460.8703112935
     ],
     [
      231964.95750554142,
      481455.13084803394
     ],
     [
      231969.67785663423,
      481450.82044727344
     ],
     [
      231973.69090467194,
      481445.0646660583
     ],
     [
      231975.1559188604,
      481439.2992960393
     ],
     [
      231974.81369704806,
      481433.17199279263
     ],
     [
      231973.0200749055,
      481429.1922106609
     ],
     [
      231969.04983953913,
      481425.9366962409
     ],
     [
      231962.53370218907,
      481424.46945711254
     ],
     [
      231899.88899396046,
      481420.5051212222
     ],
     [
      231887.94169330562,
      481420.4602683948
     ],
     [
      231878.87828197886,
      481421.1476139229
     ],
     [
      231871.27057614434,
      481423.28315090033
     ],
     [
      231863.6552969185,
      481425.0635349923
     ],
     [
      231857.85675351828,
      481424.6755594585
     ],
     [
      231853.16482351377,
      481421.41739338543
     ],
     [
      231850.64732385485,
      481415.6370717274
     ],
     [
      231851.4008915089,
      481409.5027850759
     ],
     [
      231852.86582827615,
      481403.73739478993
     ],
     [
      231856.8739457252,
      481396.9050493326
     ],
     [
      231862.7050149593,
      481388.62572405604
     ],
     [
      231864.54065473087,
      481381.4190055238
     ],
     [
      231864.19972384706,
      481374.9254838817
     ],
     [
      231862.0488306392,
      481368.7914031134
     ],
     [
      231856.9956677569,
      481364.44429136545
     ],
     [
      231849.0374881734,
      481362.61660163396
     ],
     [
      231818.28639673238,
      481363.85531319794
     ],
     [
      231811.77018678718,
      481362.3881903322
     ],
     [
      231807.43594820975,
      481358.7651606848
     ],
     [
      231805.9999339705,
      481354.4316229231
     ],
     [
      231806.74807285581,
      481349.74003332
     ],
     [
      231815.48623630297,
      481336.00032071467
     ],
     [
      231818.40745646012,
      481329.15278971574
     ],
     [
      231820.24169902355,
      481322.3122863271
     ],
     [
      231819.90831055937,
      481316.17392685614
     ],
     [
      231815.59566243624,
      481306.78009273077
     ],
     [
      231812.35644311906,
      481300.99708133936
     ],
     [
      231810.5707776618,
      481294.8643824689
     ],
     [
      231810.605889603,
      481285.4868316008
     ],
     [
      231812.44690823345,
      481276.83740297804
     ],
     [
      231817.1883240339,
      481269.28642550437
     ],
     [
      231856.48187478917,
      481221.09144167963
     ],
     [
      231859.75896591926,
      481216.77556913334
     ],
     [
      231861.58381752615,
      481212.45425158844
     ],
     [
      231861.24637495025,
      481207.40346517775
     ],
     [
      231859.44236791195,
      481203.7898994856
     ],
     [
      231855.11427240522,
      481200.8882301772
     ],
     [
      231841.96345052106,
      481196.2000324655
     ],
     [
      231824.9550142871,
      481191.4419152327
     ],
     [
      231814.81384077136,
      481189.6060829623
     ],
     [
      231803.94914421352,
      481190.64189682127
     ],
     [
      231794.8760267068,
      481193.8596069823
     ],
     [
      231776.74227708977,
      481201.72672515793
     ],
     [
      231769.84852951515,
      481203.49879541143
     ],
     [
      231763.69071381213,
      481203.8420003357
     ],
     [
      231757.9049487145,
      481202.3776513997
     ],
     [
      231753.56927759983,
      481199.10977693414
     ],
     [
      231749.60830596933,
      481193.3240938111
     ],
     [
      231735.90512548637,
      481176.6816166737
     ],
     [
      231731.21218383027,
      481171.2594373593
     ],
     [
      231724.70525939326,
      481167.262109239
     ],
     [
      231716.7482344796,
      481165.0683215817
     ],
     [
      231695.75976291278,
      481159.58534573176
     ],
     [
      231680.60323805147,
      481155.13407003466
     ],
     [
      231674.78720773943,
      481152.2158477791
     ],
     [
      231670.22781532208,
      481146.80529862375
     ],
     [
      231668.5817947718,
      481141.41670854494
     ],
     [
      231662.85650670936,
      481116.5361992685
     ],
     [
      231659.1426317536,
      481106.578691657
     ],
     [
      231653.35744516834,
      481095.3705104875
     ],
     [
      231645.07410647473,
      481087.4712839397
     ],
     [
      231633.0293711227,
      481079.9686810229
     ],
     [
      231623.47743443074,
      481075.37191018794
     ],
     [
      231610.5824749981,
      481073.6703467764
     ],
     [
      231599.7631140728,
      481074.4624389513
     ],
     [
      231588.9422286801,
      481075.6651593803
     ],
     [
      231577.68873654355,
      481080.59516071086
     ],
     [
      231566.42606308687,
      481087.9999615464
     ],
     [
      231554.7504359748,
      481096.24667951814
     ],
     [
      231546.36703896217,
      481103.273776099
     ],
     [
      231533.00875135927,
      481113.58957276074
     ],
     [
      231523.83095636606,
      481121.01326544886
     ],
     [
      231514.65505278888,
      481125.5293403359
     ],
     [
      231505.9159943873,
      481127.5722261772
     ],
     [
      231498.84181027653,
      481127.54599665385
     ],
     [
      231488.0379120294,
      481124.18769483775
     ],
     [
      231480.13695898213,
      481121.26188021
     ],
     [
      231472.24030598428,
      481119.57904717105
     ],
     [
      231463.50002769593,
      481119.5466757211
     ],
     [
      231451.4288425007,
      481121.56618080946
     ],
     [
      231437.768682583,
      481124.4121614478
     ],
     [
      231418.60030360654,
      481132.63134392526
     ],
     [
      231407.3408750657,
      481139.21512585995
     ],
     [
      231392.7520579228,
      481147.45129632315
     ],
     [
      231378.16202405465,
      481153.6121909234
     ],
     [
      231351.90741119266,
      481165.1125115274
     ],
     [
      231314.89892600456,
      481181.45631935634
     ],
     [
      231294.48960027946,
      481188.0065301945
     ],
     [
      231272.4038128405,
      481194.9612390087
     ],
     [
      231250.748737411,
      481201.096349042
     ],
     [
      231232.84480810305,
      481204.75938686216
     ],
     [
      231212.85453050275,
      481208.83651508985
     ],
     [
      231189.54414017417,
      481212.0580653993
     ],
     [
      231165.0123176056,
      481215.5082535989
     ],
     [
      231137.95108502102,
      481218.7161871717
     ],
     [
      231118.38873712948,
      481220.30918949697
     ],
     [
      231101.70662757274,
      481221.23581195984
     ],
     [
      231085.47511063825,
      481220.7657881752
     ],
     [
      231071.3359934703,
      481218.2281517206
     ],
     [
      231060.1222126004,
      481214.8688951114
     ],
     [
      231048.48527060787,
      481210.27624702017
     ],
     [
      231034.78457184313,
      481202.3467250754
     ],
     [
      231019.00652539468,
      481192.3565411979
     ],
     [
      231006.97787958756,
      481182.77959201374
     ],
     [
      230994.9537410732,
      481171.9597190791
     ],
     [
      230950.57934838408,
      481131.6126913208
     ],
     [
      230945.44218576036,
      481125.70102881244
     ],
     [
      230941.36436400787,
      481120.0373796735
     ],
     [
      230937.92485393982,
      481112.8001644043
     ],
     [
      230934.80060744486,
      481104.6207826218
     ],
     [
      230933.56627682186,
      481096.14864122303
     ],
     [
      230932.96343359855,
      481087.97844069195
     ],
     [
      230932.1881806608,
      481041.50898984884
     ],
     [
      230932.2179164254,
      481033.3410930673
     ],
     [
      230933.50365161075,
      481027.6969770538
     ],
     [
      230935.73268088116,
      481022.3670350302
     ],
     [
      230940.16353140326,
      481016.73437188915
     ],
     [
      230952.82307639264,
      481004.8503105686
     ],
     [
      230955.99084897875,
      481001.08858810394
     ],
     [
      230958.84014013206,
      480996.70422774676
     ],
     [
      230960.12589824977,
      480991.0601159289
     ],
     [
      230959.82690461288,
      480985.0883926
     ],
     [
      230957.6467904222,
      480979.4316524231
     ]
    ]
   },
   "properties": {
    "osm_id": "39210979",
    "osm_type": "way",
    "osm_version": "5",
    "osm_timestamp": "2025-12-04T09:45:12Z",
    "highway": "unclassified",
    "name": "왕피천로"
   }
  },
  {
   "type": "Feature",
   "geometry": {
    "type": "LineString",
    "coordinates": [
     [
      228212.75337106202,
      482228.6429413582
     ],
     [
      228204.09081510795,
      482240.4333476353
     ]
    ]
   },
   "properties": {
    "osm_id": "1195992934",
    "osm_type": "way",
    "osm_version": "1",
    "osm_timestamp": "2023-08-08T06:06:25Z",
    "bridge": "yes",
    "highway": "track",
    "layer": "1",
    "source": "maxar"
   }
  },
  {
   "type": "Feature",
   "geometry": {
    "type": "LineString",
    "coordinates": [
     [
      228237.97611577244,
      482209.02813488455
     ],
     [
      228234.3524231671,
      482219.12620082573
     ],
     [
      228227.64603367582,
      482223.975851739
     ],
     [
      228212.75337106202,
      482228.6429413582
     ]
    ]
   },
   "properties": {
    "osm_id": "1195992935",
    "osm_type": "way",
    "osm_version": "1",
    "osm_timestamp": "2023-08-08T06:06:25Z",
    "highway": "track",
    "source": "maxar"
   }
  },
  {
   "type": "Feature",
   "geometry": {
    "type": "LineString",
    "coordinates": [
     [
      228237.97611577244,
      482209.02813488455
     ],
     [
      228243.03515566667,
      482161.10238039953
     ],
     [
      228254.89203427118,
      482115.6962520318
     ],
     [
      228255.04003781677,
      482071.20559556736
     ],
     [
      228270.66580526985,
      482041.75959396927
     ],
     [
      228276.9267716211,
      482028.92916397145
     ],
     [
      228278.90134125593,
      482008.47136485385
     ],
     [
      228276.57401783866,
      481990.38527479366
     ],
     [
      228269.93113961586,
      481976.09137225535
     ],
     [
      228241.85871898645,
      481938.87579644076
     ],
     [
      228235.22839447545,
      481920.77541461383
     ],
     [
      228231.4382100787,
      481911.2408922047
     ],
     [
      228210.96701770782,
      481886.72439504403
     ],
     [
      228199.13255268094,
      481852.90335672814
     ],
     [
      228185.40631320002,
      481811.929069479
     ],
     [
      228172.6862629536,
      481757.6407725634
     ],
     [
      228169.948586652,
      481718.1345872338
     ],
     [
      228167.1288593013,
      481703.3651501575
     ],
     [
      228156.23934283093,
      481671.9222494048
     ],
     [
      228134.3938690218,
      481629.023428035
     ],
     [
      228120.74829570786,
      481566.16465762275
     ],
     [
      228118.54232539964,
      481508.5819376875
     ],
     [
      228109.19487191146,
      481447.15794643713
     ],
     [
      228093.09239489946,
      481402.3805329011
     ],
     [
      228084.03329045314,
      481393.78307679103
     ],
     [
      228078.35184779283,
      481379.48142480076
     ],
     [
      228064.9999734747,
      481370.40369521745
     ],
     [
      228039.30444759483,
      481335.5827292787
     ],
     [
      228031.68541457332,
      481327.9333970737
     ],
     [
      228023.61502496793,
      481311.260070713
     ],
     [
      228007.5008930691,
      481269.80103895953
     ],
     [
      227984.21605126106,
      481227.85231225303
     ],
     [
      227966.1792673501,
      481191.14799027797
     ],
     [
      227953.37702368043,
      481161.1196092413
     ],
     [
      227950.15851965878,
      481121.14585230546
     ],
     [
      227964.0901332128,
      481100.41661838436
     ],
     [
      227947.89860341867,
      481082.2739342443
     ],
     [
      227932.26885309038,
      481036.8658450971
     ],
     [
      227942.91163209974,
      481000.25592004956
     ],
     [
      227960.18039066123,
      480980.802805964
     ],
     [
      227963.55442941785,
      480970.814796593
     ],
     [
      227967.44404631594,
      480950.3632655265
     ],
     [
      227963.2231572277,
      480927.9873182328
     ],
     [
      227964.67486460687,
      480922.75393723743
     ],
     [
      227969.47554715982,
      480915.15665195027
     ],
     [
      227980.02928217157,
      480905.68058936007
     ],
     [
      227984.8362746743,
      480896.174513006
     ],
     [
      227982.0017918131,
      480885.6999587499
     ],
     [
      227962.995711277,
      480850.90129772155
     ],
     [
      227956.35924281518,
      480834.2216739272
     ],
     [
      227953.30750462058,
      480819.3516903194
     ],
     [
      227960.7671718909,
      480802.48539463786
     ],
     [
      227961.2741599679,
      480794.62982642086
     ],
     [
      227956.27604422157,
      480786.3899173566
     ],
     [
      227945.53772882387,
      480784.22381863446
     ],
     [
      227933.56971366983,
      480787.5138042118
     ],
     [
      227912.01750611636,
      480800.76033054973
     ],
     [
      227887.40177708876,
      480802.71040282375
     ],
     [
      227868.9741146986,
      480808.7093376799
     ],
     [
      227849.6074534616,
      480813.05166386603
     ],
     [
      227841.10777760867,
      480815.64288879535
     ],
     [
      227836.7957037919,
      480820.97789631365
     ],
     [
      227840.22774549888,
      480828.61332268047
     ],
     [
      227856.91363952923,
      480842.93976868835
     ],
     [
      227865.71397333412,
      480854.62130538793
     ],
     [
      227867.61083898437,
      480860.3428889709
     ],
     [
      227865.1980441599,
      480867.94806117367
     ],
     [
      227861.83860713083,
      480870.7891773116
     ],
     [
      227855.62534959835,
      480871.72321623936
     ],
     [
      227836.5481545668,
      480858.465423068
     ],
     [
      227816.73951306965,
      480850.8873478754
     ],
     [
      227793.78115911526,
      480855.5731723976
     ],
     [
      227787.0961318412,
      480853.6424883247
     ],
     [
      227778.07145022857,
      480836.9662950234
     ],
     [
      227772.60520554328,
      480827.42652306054
     ],
     [
      227745.60567036242,
      480825.4405965635
     ],
     [
      227714.82339875176,
      480811.30143580196
     ],
     [
      227679.6933801591,
      480810.70972133614
     ],
     [
      227663.9275540768,
      480809.23786147614
     ],
     [
      227659.14258486996,
      480812.07441615383
     ],
     [
      227657.67869425451,
      480821.1032509294
     ],
     [
      227665.74057156255,
      480838.0203301772
     ],
     [
      227671.65549593884,
      480857.56060175644
     ],
     [
      227671.13791975842,
      480871.48664190096
     ],
     [
      227666.3355969332,
      480874.18996251584
     ],
     [
      227644.59989142185,
      480872.8318748593
     ],
     [
      227624.50837661655,
      480875.4854899542
     ],
     [
      227614.34227186744,
      480880.9458505488
     ],
     [
      227613.95262761353,
      480891.1767457819
     ],
     [
      227616.6744394417,
      480900.8184728595
     ],
     [
      227625.11630498257,
      480913.21995020745
     ],
     [
      227624.13972821727,
      480917.62259771634
     ],
     [
      227574.28437166096,
      480927.33769159886
     ],
     [
      227567.95419399597,
      480925.885536178
     ],
     [
      227553.89101813667,
      480915.96288770175
     ],
     [
      227547.67471246078,
      480915.1103973828
     ],
     [
      227537.51990054242,
      480914.3672220686
     ],
     [
      227499.74271272882,
      480922.4572371704
     ],
     [
      227481.5515228546,
      480929.8893885179
     ],
     [
      227479.261846856,
      480935.35319288046
     ],
     [
      227482.59112109244,
      480941.78958013706
     ],
     [
      227497.71700345405,
      480956.4765011886
     ],
     [
      227498.41476700976,
      480961.1176351474
     ],
     [
      227495.90076243025,
      480964.31676033966
     ],
     [
      227491.3510359572,
      480966.08878240525
     ],
     [
      227484.6671781119,
      480963.8032103132
     ],
     [
      227462.50751329708,
      480944.8209270196
     ],
     [
      227447.34994752656,
      480937.15886705247
     ],
     [
      227438.04112600416,
      480933.79946536594
     ],
     [
      227432.79592331828,
      480930.20904143783
     ],
     [
      227430.1848564263,
      480924.8403803374
     ],
     [
      227431.7693912771,
      480916.9993600203
     ],
     [
      227441.12665426396,
      480905.3658000802
     ],
     [
      227446.75593363738,
      480900.3899776458
     ],
     [
      227449.05560014502,
      480891.8299145439
     ],
     [
      227445.7377872255,
      480881.83118869027
     ],
     [
      227447.78653279727,
      480876.47757539165
     ],
     [
      227451.2616549718,
      480873.6366705433
     ],
     [
      227459.8762247875,
      480871.27848185925
     ],
     [
      227470.1314939795,
      480876.79393708013
     ],
     [
      227477.7549545957,
      480883.35518340475
     ],
     [
      227487.28704034447,
      480892.07558167184
     ],
     [
      227492.31139811449,
      480892.3248903359
     ],
     [
      227510.85015906146,
      480884.89388697955
     ],
     [
      227527.83138029592,
      480882.45188230666
     ],
     [
      227538.83957650495,
      480878.31478468596
     ],
     [
      227555.92039491705,
      480878.1371075815
     ],
     [
      227563.58355062985,
      480875.18775561167
     ],
     [
      227565.98527181256,
      480870.9118006807
     ],
     [
      227558.6336907841,
      480851.96622524393
     ],
     [
      227555.80215939673,
      480840.41534291423
     ],
     [
      227552.00798333087,
      480831.72456950555
     ],
     [
      227532.01200726253,
      480807.62194903265
     ],
     [
      227524.1406556125,
      480803.3127027284
     ],
     [
      227504.80229270764,
      480798.9663381591
     ],
     [
      227499.43150555447,
      480795.6196191192
     ],
     [
      227496.8227365396,
      480789.54068776336
     ],
     [
      227498.03476084984,
      480783.95132577047
     ],
     [
      227511.11570040797,
      480767.1028370052
     ],
     [
      227517.2220061711,
      480763.43814429804
     ],
     [
      227535.85883614008,
      480764.3308513587
     ],
     [
      227541.72192533157,
      480761.4866241814
     ],
     [
      227544.61674559512,
      480753.5277970541
     ],
     [
      227542.79481822744,
      480724.61215944315
     ],
     [
      227539.4855978707,
      480714.72440483526
     ],
     [
      227535.07859279294,
      480710.9035828812
     ],
     [
      227518.47505798037,
      480709.4181827384
     ],
     [
      227490.5031971432,
      480710.4041285607
     ],
     [
      227480.59143263008,
      480708.8183784189
     ],
     [
      227475.34068933674,
      480706.90367807256
     ],
     [
      227473.80345159819,
      480702.8480164618
     ],
     [
      227475.01507769848,
      480697.3807262905
     ]
    ]
   },
   "properties": {
    "osm_id": "1195992969",
    "osm_type": "way",
    "osm_version": "1",
    "osm_timestamp": "2023-08-08T06:06:25Z",
    "highway": "track",
    "source": "maxar"
   }
  },
  {
   "type": "Feature",
   "geometry": {
    "type": "LineString",
    "coordinates": [
     [
      228204.09081510795,
      482240.4333476353
     ],
     [
      228194.94808673975,
      482249.2812466354
     ],
     [
      228184.1382900872,
      482266.5468678709
     ],
     [
      228186.16498479026,
      482302.77687656623
     ],
     [
      228196.124832724,
      482326.84781508415
     ],
     [
      228214.8336867689,
      482374.73045872204
     ],
     [
      228223.82831409713,
      482402.37172592356
     ],
     [
      228235.45429547154,
      482428.96745923714
     ],
     [
      228233.9721013366,
      482440.71512570616
     ],
     [
      228226.29493519248,
      482450.9107009703
     ],
     [
      228209.57357784684,
      482451.0881960417
     ],
     [
      228198.07932972608,
      482457.2426087535
     ],
     [
      228179.86772967427,
      482474.3061001098
     ],
     [
      228173.8421899299,
      482488.81315827224
     ],
     [
      228164.98779516167,
      482491.391776792
     ],
     [
      228141.59466716807,
      482486.07605447527
     ],
     [
      228121.51996618407,
      482487.4411757576
     ],
     [
      228112.90687657095,
      482489.7875932175
     ],
     [
      228107.16794883518,
      482493.0979440672
     ],
     [
      228103.3248704374,
      482496.89177866135
     ],
     [
      228102.35121282423,
      482503.08114145306
     ],
     [
      228106.1523244047,
      482509.2752075753
     ],
     [
      228120.47698926355,
      482514.56080011476
     ],
     [
      228130.9885177486,
      482514.59561284154
     ],
     [
      228152.5052294996,
      482510.8603605052
     ],
     [
      228169.19252732102,
      482520.9148341926
     ],
     [
      228179.9437559995,
      482521.19465478754
     ],
     [
      228188.32033021114,
      482517.6378575062
     ],
     [
      228201.25525039592,
      482509.5128032386
     ],
     [
      228213.46100838538,
      482503.68259557965
     ],
     [
      228225.4122487571,
      482502.06873242935
     ],
     [
      228236.590575268,
      482515.90048704564
     ],
     [
      228248.49041806292,
      482529.7346569758
     ],
     [
      228254.21609503884,
      482533.0941495928
     ],
     [
      228264.2491586341,
      482535.02526364895
     ],
     [
      228285.49209608661,
      482541.27747936966
     ],
     [
      228295.03043083384,
      482544.63860163937
     ],
     [
      228300.74180405904,
      482552.28183890565
     ],
     [
      228316.88060320716,
      482585.16300596594
     ],
     [
      228319.23460370448,
      482595.1699970692
     ],
     [
      228314.3964622235,
      482614.18663694145
     ],
     [
      228308.59946463775,
      482632.24567038805
     ],
     [
      228288.01096171958,
      482646.2158139423
     ],
     [
      228267.43164078836,
      482652.09572192223
     ],
     [
      228234.19377537112,
      482663.41590941243
     ],
     [
      228223.18875173837,
      482667.1858815574
     ],
     [
      228209.06698780082,
      482673.3204488379
     ],
     [
      228199.96454737338,
      482680.9033256679
     ],
     [
      228175.2835640426,
      482704.13793438993
     ],
     [
      228168.54379514905,
      482716.48965173616
     ],
     [
      228164.21391339795,
      482727.41774718306
     ],
     [
      228165.12501834094,
      482737.4088131854
     ],
     [
      228170.37964940091,
      482740.4115585334
     ],
     [
      228187.58764078014,
      482741.05684597953
     ],
     [
      228190.42730973492,
      482747.01470788324
     ],
     [
      228225.7848542162,
      482746.421898074
     ],
     [
      228237.7152009758,
      482750.9894754911
     ],
     [
      228247.72427284467,
      482760.0563967818
     ],
     [
      228263.45624255345,
      482770.58509382466
     ],
     [
      228282.9979744517,
      482787.29690174747
     ],
     [
      228301.55377013114,
      482811.15247207286
     ],
     [
      228302.96095508215,
      482819.24748017895
     ],
     [
      228285.1783991097,
      482849.4076195566
     ],
     [
      228278.4595759994,
      482860.8049091692
     ],
     [
      228277.9444849335,
      482871.0353935014
     ],
     [
      228282.67624636285,
      482883.8913425357
     ],
     [
      228296.03495912312,
      482890.1284372135
     ],
     [
      228307.73806256242,
      482890.64465055
     ],
     [
      228332.60045516596,
      482887.74225409486
     ],
     [
      228369.64675673345,
      482882.76094194164
     ],
     [
      228378.7077818919,
      482887.5521894508
     ],
     [
      228382.5084803343,
      482893.7574827854
     ],
     [
      228382.9720233083,
      482898.9861111803
     ],
     [
      228375.26879109698,
      482917.0498327902
     ],
     [
      228364.4703945286,
      482931.041415088
     ],
     [
      228362.06246317315,
      482937.22596251406
     ],
     [
      228365.85362323446,
      482946.2833601405
     ],
     [
      228375.84466688937,
      482957.9694669252
     ],
     [
      228394.160136207,
      482981.58029619115
     ],
     [
      228392.92751802338,
      482993.23999785964
     ],
     [
      228373.52304586908,
      483010.29909216805
     ],
     [
      228330.66337162108,
      483038.4776530822
     ],
     [
      228309.1495022482,
      483041.73524807853
     ],
     [
      228299.57586223495,
      483046.4643053125
     ],
     [
      228294.29982822988,
      483052.6282158048
     ],
     [
      228287.10410114186,
      483062.83644333534
     ],
     [
      228285.1573059249,
      483072.340801591
     ],
     [
      228289.9158216115,
      483077.12872336723
     ],
     [
      228331.90692542092,
      483095.5912587689
     ],
     [
      228350.67142266492,
      483128.7254421568
     ],
     [
      228351.58466371233,
      483129.99364481686
     ],
     [
      228354.00531142254,
      483133.31998093816
     ],
     [
      228361.39092465045,
      483138.2720869849
     ],
     [
      228384.5448092649,
      483142.63322412357
     ],
     [
      228429.57564942093,
      483146.95666939043
     ],
     [
      228441.36887295742,
      483155.03099937376
     ],
     [
      228451.501542375,
      483164.2206630735
     ],
     [
      228459.2351845028,
      483171.6155457798
     ],
     [
      228465.7795179799,
      483180.38258025737
     ],
     [
      228466.6893347739,
      483193.29241637647
     ],
     [
      228463.08465231524,
      483200.41624155326
     ],
     [
      228456.47014539735,
      483212.59059445135
     ],
     [
      228458.83320955173,
      483219.7899141486
     ],
     [
      228464.30511373375,
      483226.9441672725
     ],
     [
      228475.73547234284,
      483239.58964052435
     ],
     [
      228478.57049886545,
      483249.4762262716
     ],
     [
      228481.15385337154,
      483262.6913208097
     ],
     [
      228485.1716809889,
      483275.7891528008
     ],
     [
      228489.9092643724,
      483286.7475190978
     ],
     [
      228501.08861375685,
      483302.4884839536
     ],
     [
      228504.89305769638,
      483307.4952843204
     ],
     [
      228511.43813205615,
      483313.34362755046
     ],
     [
      228522.77518043263,
      483316.58898274286
     ],
     [
      228528.86269569845,
      483318.10764444794
     ],
     [
      228535.5662399344,
      483313.9018949376
     ],
     [
      228535.9462447787,
      483309.4973292183
     ],
     [
      228533.93098344473,
      483304.85165854223
     ],
     [
      228518.08358087507,
      483291.9582117936
     ],
     [
      228508.44051393337,
      483280.273094664
     ],
     [
      228504.420491419,
      483270.4934980136
     ],
     [
      228502.42755664364,
      483259.1892063657
     ],
     [
      228502.7135800713,
      483245.62860643165
     ],
     [
      228504.5518631342,
      483231.3629562491
     ],
     [
      228510.65323118534,
      483228.7754500186
     ],
     [
      228532.83375912864,
      483239.0710709641
     ],
     [
      228547.0434572823,
      483241.0165665244
     ],
     [
      228555.17290093482,
      483239.26824937284
     ],
     [
      228562.7132110608,
      483235.2429008146
     ],
     [
      228567.14782144455,
      483230.33037945
     ],
     [
      228571.21731101905,
      483225.3944360373
     ],
     [
      228577.2194360327,
      483220.5426840938
     ],
     [
      228588.82749988112,
      483214.75539637124
     ],
     [
      228600.0503413289,
      483214.9152691561
     ],
     [
      228608.64701964633,
      483217.26367992064
     ],
     [
      228617.93783922232,
      483225.08567449957
     ],
     [
      228631.74862294662,
      483237.0291218491
     ],
     [
      228653.59201212678,
      483244.23872311733
     ],
     [
      228677.5771287726,
      483250.26814567833
     ],
     [
      228704.5359299058,
      483261.96758894593
     ],
     [
      228724.10861578496,
      483266.30645306496
     ],
     [
      228743.58100707605,
      483268.69180261914
     ],
     [
      228765.90635115045,
      483270.3100134673
     ],
     [
      228789.35363578817,
      483261.533408041
     ],
     [
      228793.41035700153,
      483263.02317784174
     ],
     [
      228796.269622738,
      483265.6519660441
     ],
     [
      228804.60710092707,
      483273.48203205725
     ],
     [
      228816.9778247172,
      483287.08557587897
     ],
     [
      228829.14744328288,
      483291.6992015194
     ],
     [
      228844.4260216132,
      483296.223525834
     ],
     [
      228864.71593188826,
      483299.1557261088
     ],
     [
      228875.69537072547,
      483302.75546881725
     ],
     [
      228889.5128382558,
      483315.2098650515
     ],
     [
      228911.89424722473,
      483339.5570406455
     ],
     [
      228919.27871605178,
      483344.69829771435
     ],
     [
      228931.7997962033,
      483350.6894023374
     ],
     [
      228944.4488133143,
      483355.7265469789
     ],
     [
      228963.17453771937,
      483362.8042468236
     ],
     [
      228968.90630010382,
      483364.13334816624
     ],
     [
      228976.9094253515,
      483362.8511133551
     ],
     [
      228986.95472497641,
      483360.86559600785
     ],
     [
      228992.7141123641,
      483354.1044769384
     ],
     [
      229004.04075752667,
      483326.4318389122
     ],
     [
      229011.02386456708,
      483308.2552282738
     ],
     [
      229013.09332313456,
      483296.96469180053
     ],
     [
      229012.04599162514,
      483290.6575360089
     ],
     [
      228996.12494885616,
      483265.62189551484
     ],
     [
      228973.8451446966,
      483248.0556304271
     ],
     [
      228915.8160554534,
      483239.412342093
     ],
     [
      228911.52678203318,
      483235.5911745475
     ],
     [
      228901.08817915802,
      483214.39204680006
     ],
     [
      228896.19563538017,
      483212.4665651488
     ],
     [
      228889.63496054942,
      483211.25677006284
     ],
     [
      228877.32742002193,
      483210.5046395269
     ],
     [
      228872.0866505892,
      483206.2030489937
     ],
     [
      228872.34333884993,
      483201.44294705277
     ],
     [
      228878.58128575873,
      483192.78564821323
     ],
     [
      228888.04537729872,
      483183.65102477
     ],
     [
      228891.65283704613,
      483178.43621527153
     ],
     [
      228889.9976958598,
      483172.7151941213
     ],
     [
      228855.17617570484,
      483154.9956040847
     ],
     [
      228848.0356220329,
      483148.7898420464
     ],
     [
      228841.3772917039,
      483139.60040469724
     ],
     [
      228831.60456233044,
      483132.0761709089
     ],
     [
      228824.20488154227,
      483128.7216948353
     ],
     [
      228795.55690174503,
      483123.86351548426
     ],
     [
      228787.9344210778,
      483115.2812325918
     ],
     [
      228783.9138110302,
      483105.7456543053
     ],
     [
      228758.61403798292,
      483095.9049237279
     ],
     [
      228744.17134525412,
      483094.31341845926
     ],
     [
      228737.97083326135,
      483089.2984020412
     ],
     [
      228735.6053758253,
      483082.8647470658
     ],
     [
      228740.4063867746,
      483077.6539140031
     ],
     [
      228751.6298218586,
      483077.6919112072
     ],
     [
      228773.46988135326,
      483083.348107339
     ],
     [
      228799.87327784815,
      483082.96041610366
     ],
     [
      228831.53815983905,
      483080.8039188443
     ],
     [
      228897.68312055367,
      483092.09332644846
     ],
     [
      228973.16336864163,
      483098.0659405851
     ],
     [
      228995.3891678931,
      483095.0455124938
     ],
     [
      229021.7092997384,
      483082.5282842384
     ],
     [
      229038.21333622184,
      483077.8237362414
     ],
     [
      229057.55544947973,
      483081.94061997277
     ],
     [
      229098.3562695018,
      483096.35217503645
     ],
     [
      229117.1863309466,
      483109.5010862093
     ],
     [
      229126.70158482206,
      483121.9078191654
     ],
     [
      229157.22611526964,
      483137.9490919753
     ],
     [
      229174.42054626206,
      483142.29192398314
     ],
     [
      229184.45030467882,
      483142.3263926572
     ],
     [
      229215.68238113538,
      483126.1310655147
     ],
     [
      229223.5911414499,
      483121.28632781946
     ],
     [
      229233.9878834113,
      483118.2258187137
     ],
     [
      229240.45231906694,
      483116.3503467265
     ],
     [
      229247.25352112562,
      483117.56124099734
     ],
     [
      229252.61897804943,
      483119.2444015426
     ],
     [
      229277.4996117275,
      483144.54446642066
     ],
     [
      229304.77699046873,
      483169.61982364976
     ],
     [
      229314.43233672943,
      483174.89133833995
     ],
     [
      229326.22944429037,
      483181.5907861049
     ],
     [
      229340.32242987354,
      483183.78135942505
     ],
     [
      229357.52177610557,
      483184.07386635453
     ],
     [
      229377.09470657952,
      483188.3032589973
     ],
     [
      229405.50768007265,
      483193.9949309245
     ],
     [
      229430.82043032467,
      483199.79802778555
     ],
     [
      229438.69275082505,
      483202.91052176553
     ],
     [
      229446.69576720917,
      483209.4305165198
     ],
     [
      229447.51522766874,
      483206.8697551168
     ],
     [
      229449.46683885285,
      483196.3446639445
     ],
     [
      229452.14875311908,
      483180.71709548193
     ],
     [
      229454.80051022928,
      483155.8116210201
     ],
     [
      229453.4436035415,
      483133.5557254404
     ],
     [
      229452.22291694966,
      483123.3858611112
     ],
     [
      229441.20564723475,
      483097.3010008418
     ],
     [
      229431.0070728437,
      483076.56815706415
     ],
     [
      229421.50747499889,
      483059.7552888778
     ],
     [
      229411.45508787307,
      483030.22238436283
     ],
     [
      229403.96733730877,
      483018.8988430983
     ],
     [
      229392.18793017804,
      483004.46415280306
     ],
     [
      229375.62990964396,
      482991.20041575725
     ],
     [
      229364.78898663342,
      482983.54979543353
     ],
     [
      229356.33854188942,
      482974.9641365907
     ],
     [
      229332.77119882515,
      482948.4698191442
     ],
     [
      229323.61466758282,
      482937.97292558744
     ],
     [
      229313.73220715864,
      482926.16399057937
     ],
     [
      229295.86816023674,
      482911.83051171683
     ],
     [
      229283.56147873244,
      482910.71157061186
     ]
    ]
   },
   "properties": {
    "osm_id": "1195992970",
    "osm_type": "way",
    "osm_version": "2",
    "osm_timestamp": "2024-08-21T00:07:02Z",
    "highway": "track",
    "source": "maxar"
   }
  },
  {
   "type": "Feature",
   "geometry": {
    "type": "LineString",
    "coordinates": [
     [
      231071.3359934703,
      481218.2281517206
     ],
     [
      231098.03609655017,
      481199.2708522697
     ],
     [
      231107.22538814187,
      481191.0144076758
     ],
     [
      231118.91105467422,
      481179.8705804092
     ],
     [
      231122.68016409082,
      481174.91255506326
     ],
     [
      231127.68009581894,
      481172.0343363571
     ],
     [
      231135.17298748405,
      481172.0617916177
     ],
     [
      231142.647857676,
      481174.5751031416
     ],
     [
      231153.435139562,
      481182.4830180586
     ],
     [
      231159.66701779817,
      481186.2347449602
     ],
     [
      231167.56973357013,
      481186.2637319652
     ],
     [
      231174.6514409968,
      481184.2255157863
     ],
     [
      231202.58556160945,
      481168.990846419
     ],
     [
      231216.33488652133,
      481163.6589007211
     ],
     [
      231232.56975555318,
      481160.82202972047
     ],
     [
      231276.29559868659,
      481151.86045722244
     ],
     [
      231285.04650803152,
      481148.9961394727
     ],
     [
      231293.79464516244,
      481144.46714454616
     ],
     [
      231299.63824159576,
      481139.93855577055
     ],
     [
      231303.40011888326,
      481134.55886509916
     ],
     [
      231305.51696936332,
      481125.8770563458
     ],
     [
      231304.7756434042,
      481099.77220724383
     ],
     [
      231307.31742890028,
      481089.4161913138
     ],
     [
      231313.2391956095,
      481061.2716993715
     ],
     [
      231316.23203518064,
      481039.74182582344
     ],
     [
      231318.79062333092,
      481024.8357623531
     ],
     [
      231332.26207413877,
      480981.3819059082
     ],
     [
      231333.1304144513,
      480970.6091081129
     ],
     [
      231332.75109689348,
      480962.3287229016
     ],
     [
      231328.63915348172,
      480949.0516456595
     ],
     [
      231327.82606578496,
      480942.4232392915
     ],
     [
      231329.93693025186,
      480935.3838961477
     ],
     [
      231335.78375800882,
      480930.02300619305
     ],
     [
      231344.1070274403,
      480929.63198815484
     ],
     [
      231350.3346861845,
      480932.1408791455
     ],
     [
      231355.30273087343,
      480937.963379588
     ],
     [
      231359.03079893254,
      480944.1919265695
     ],
     [
      231364.00800663515,
      480947.52855063893
     ],
     [
      231371.08389690175,
      480947.132954846
     ],
     [
      231377.34642732595,
      480942.6059658292
     ],
     [
      231383.19662654243,
      480933.9268673205
     ],
     [
      231413.82579324383,
      480864.845038417
     ],
     [
      231422.62916534714,
      480847.8868019319
     ],
     [
      231431.84209910533,
      480833.4271027704
     ],
     [
      231438.52535688868,
      480825.9940817142
     ],
     [
      231444.7760631943,
      480822.28833807126
     ],
     [
      231451.4378576993,
      480820.65941594366
     ],
     [
      231458.5215004062,
      480818.1997230757
     ],
     [
      231466.8663389095,
      480812.01583350234
     ],
     [
      231476.46317830426,
      480804.593632145
     ],
     [
      231485.21915991761,
      480800.47548101086
     ],
     [
      231496.04190116376,
      480798.86201248557
     ],
     [
      231506.87512022743,
      480796.82687877293
     ],
     [
      231518.54032247502,
      480791.48768954043
     ],
     [
      231527.31013221064,
      480783.65185755485
     ],
     [
      231536.08613616935,
      480774.1513820619
     ],
     [
      231564.52597850244,
      480733.64999512665
     ],
     [
      231572.0454012728,
      480726.64190205897
     ],
     [
      231592.05580740876,
      480715.1079373354
     ],
     [
      231613.33950537434,
      480699.02864346147
     ],
     [
      231631.70198271822,
      480685.0138232065
     ],
     [
      231645.88812023593,
      480675.1229810304
     ],
     [
      231672.98874892187,
      480659.4761202256
     ],
     [
      231684.2598172784,
      480649.9961945632
     ],
     [
      231691.78255847126,
      480642.14478337136
     ],
     [
      231700.96871388805,
      480632.6571043043
     ],
     [
      231747.3179855271,
      480590.14785952587
     ],
     [
      231752.32929677636,
      480584.37351251056
     ],
     [
      231754.43748854287,
      480578.1666018552
     ],
     [
      231752.80073611354,
      480570.28102226136
     ],
     [
      231749.0603897566,
      480567.37051184056
     ],
     [
      231741.578980354,
      480566.5102259352
     ],
     [
      231730.75121141045,
      480569.3774213571
     ],
     [
      231679.03986222,
      480599.42609057843
     ],
     [
      231661.11595095607,
      480608.0599932713
     ],
     [
      231625.6858256135,
      480623.254170634
     ],
     [
      231616.52592300615,
      480625.70600039535
     ],
     [
      231607.7835671162,
      480626.0951957685
     ],
     [
      231599.46155395886,
      480626.064245478
     ],
     [
      231589.0542516317,
      480628.5114662603
     ],
     [
      231575.7152144041,
      480633.43372041907
     ],
     [
      231563.64636230425,
      480634.6318408713
     ],
     [
      231554.49881205754,
      480633.7655306192
     ],
     [
      231546.6005127839,
      480630.007333115
     ],
     [
      231540.80530166064,
      480623.7710339815
     ],
     [
      231517.58720850688,
      480599.23636011884
     ],
     [
      231513.0362841407,
      480593.83703318785
     ],
     [
      231505.9708721477,
      480591.3249202435
     ],
     [
      231497.2254432444,
      480592.5354578812
     ],
     [
      231487.65446066248,
      480592.91060798964
     ],
     [
      231481.00321139453,
      480591.6430077963
     ],
     [
      231476.43874578964,
      480587.48660788307
     ],
     [
      231475.6362068228,
      480580.4365116443
     ],
     [
      231479.41068995182,
      480571.74979247345
     ],
     [
      231499.98445526863,
      480521.2754054595
     ],
     [
      231500.84965731853,
      480513.8208697186
     ],
     [
      231498.78922906442,
      480507.1878268344
     ],
     [
      231492.97577549564,
      480503.4374093006
     ],
     [
      231484.23764723697,
      480505.05860786344
     ],
     [
      231465.05892327876,
      480513.277654212
     ],
     [
      231455.0611013415,
      480518.2124700132
     ],
     [
      231405.4111634509,
      480552.4210144348
     ],
     [
      231397.49256254258,
      480556.53124449734
     ],
     [
      231390.41634581846,
      480556.92682019185
     ],
     [
      231382.9379679775,
      480555.23452438717
     ],
     [
      231379.2020796,
      480551.0812376214
     ],
     [
      231379.22351168143,
      480545.27715137287
     ],
     [
      231382.99608331066,
      480539.4980152113
     ],
     [
      231394.27037081643,
      480526.68837112124
     ],
     [
      231398.87624172747,
      480519.6582656721
     ],
     [
      231405.17432875457,
      480505.5983919176
     ],
     [
      231411.45130201647,
      480494.8455982331
     ],
     [
      231431.08277749558,
      480475.0308733086
     ],
     [
      231438.6115112942,
      480465.53678424447
     ],
     [
      231442.81858423076,
      480453.1227797415
     ],
     [
      231464.23027132673,
      480400.16550110787
     ],
     [
      231467.6148751624,
      480386.0948878145
     ],
     [
      231468.48651947416,
      480374.4897863271
     ],
     [
      231468.52333908912,
      480364.5462681171
     ],
     [
      231466.05453277775,
      480357.4900056669
     ],
     [
      231459.40921682265,
      480354.5688702881
     ],
     [
      231451.0808192298,
      480356.19162082055
     ],
     [
      231439.80958807818,
      480365.6829500443
     ],
     [
      231424.7500784858,
      480387.5898529606
     ],
     [
      231417.64463140225,
      480395.85365960794
     ],
     [
      231408.0489460336,
      480402.8542137393
     ],
     [
      231394.29364060692,
      480409.4398893397
     ],
     [
      231380.9497875444,
      480415.60538890684
     ],
     [
      231368.88372912264,
      480415.9714616351
     ],
     [
      231357.66008841788,
      480412.6117896574
     ],
     [
      231348.1102800117,
      480407.1941108373
     ],
     [
      231343.15259777955,
      480398.4751277496
     ],
     [
      231339.03121832456,
      480387.6839380249
     ],
     [
      231340.31991750858,
      480376.5020805546
     ],
     [
      231346.59534579003,
      480366.17095268273
     ],
     [
      231372.4884527943,
      480342.2286058518
     ],
     [
      231384.5790830997,
      480335.2372251806
     ],
     [
      231400.4287159645,
      480326.1733580747
     ],
     [
      231420.00260922775,
      480319.62029960053
     ],
     [
      231426.2656648943,
      480315.0822500873
     ],
     [
      231432.1160537888,
      480308.8891026295
     ],
     [
      231435.46566186709,
      480301.86546943494
     ],
     [
      231443.91983504326,
      480266.2616224617
     ],
     [
      231448.9538759773,
      480256.7472160987
     ],
     [
      231457.7290573206,
      480245.1824638705
     ],
     [
      231490.73310557834,
      480211.7337654304
     ],
     [
      231500.74786799992,
      480204.73485707265
     ],
     [
      231515.3353109892,
      480197.3311980988
     ],
     [
      231527.4232189283,
      480191.1612479311
     ],
     [
      231537.0192817567,
      480184.14973095595
     ],
     [
      231567.0977545943,
      480154.0198190968
     ],
     [
      231575.0199449004,
      480149.06632342376
     ],
     [
      231584.60067012056,
      480146.20538984914
     ],
     [
      231603.34767261986,
      480141.7138725753
     ],
     [
      231612.5080909663,
      480139.26202701166
     ],
     [
      231617.9368417421,
      480133.89977520506
     ],
     [
      231620.045042105,
      480127.69283536973
     ],
     [
      231620.49192417593,
      480117.7508453359
     ],
     [
      231617.6132805448,
      480110.6930161902
     ],
     [
      231596.48984312094,
      480083.26941814076
     ],
     [
      231595.26854935422,
      480076.2177587491
     ],
     [
      231598.21005928444,
      480068.7709554321
     ],
     [
      231602.8012425239,
      480063.40558032587
     ],
     [
      231609.0614886137,
      480059.6999908057
     ],
     [
      231663.62175698826,
      480047.88413208193
     ],
     [
      231671.54253107976,
      480043.3524376868
     ],
     [
      231675.7238825333,
      480037.9855743888
     ],
     [
      231676.58500380896,
      480029.2880882446
     ],
     [
      231674.1085345318,
      480024.3070330283
     ],
     [
      231657.1525743196,
      479995.2341460296
     ],
     [
      231654.71464555565,
      479979.89897001826
     ],
     [
      231656.00534416453,
      479968.306550417
     ],
     [
      231662.31665649623,
      479950.9175724449
     ],
     [
      231666.9480907196,
      479934.7763945896
     ],
     [
      231666.99592861536,
      479921.9363905288
     ],
     [
      231664.54414476102,
      479910.318932722
     ],
     [
      231657.51829892522,
      479897.041960526
     ],
     [
      231651.730388999,
      479888.73033131205
     ],
     [
      231645.49466590112,
      479885.81058091077
     ],
     [
      231638.41791881245,
      479886.194855773
     ],
     [
      231630.50474022242,
      479888.6513166788
     ],
     [
      231607.98844621758,
      479900.16478000546
     ],
     [
      231601.32895462392,
      479900.97235453775
     ],
     [
      231594.26298908086,
      479898.46017443785
     ],
     [
      231590.9488130536,
      479893.47603153787
     ],
     [
      231589.73363072047,
      479884.77082252223
     ],
     [
      231588.52921028656,
      479873.16912228195
     ],
     [
      231586.06344777968,
      479865.28050538193
     ],
     [
      231581.09182989132,
      479860.29020771803
     ],
     [
      231571.5249578133,
      479856.9364187203
     ],
     [
      231561.53553660194,
      479859.38523210667
     ],
     [
      231544.02775771136,
      479865.9567372554
     ],
     [
      231530.26073690737,
      479875.438685248
     ],
     [
      231513.98644598998,
      479888.21850964316
     ],
     [
      231506.44634718297,
      479900.6201167327
     ],
     [
      231495.97214377573,
      479920.89031075395
     ],
     [
      231490.1230071868,
      479926.6617012272
     ],
     [
      231481.3692116025,
      479929.94752255606
     ],
     [
      231471.37711474195,
      479930.7428557286
     ],
     [
      231465.5645206663,
      479929.0566623355
     ],
     [
      231461.4184953797,
      479924.90182748483
     ],
     [
      231460.6008013226,
      479919.51635761134
     ],
     [
      231463.9534128008,
      479914.13522662036
     ],
     [
      231472.71642241027,
      479908.3635095501
     ],
     [
      231478.55512793525,
      479903.0026879959
     ],
     [
      231482.74871489758,
      479894.3175283205
     ],
     [
      231483.6170409045,
      479886.03067246766
     ],
     [
      231480.74001983966,
      479876.076368983
     ],
     [
      231475.37102925903,
      479865.28050185624
     ],
     [
      231467.089685162,
      479854.0632368174
     ],
     [
      231457.96453375346,
      479844.50753024366
     ],
     [
      231452.9913096711,
      479839.9279219357
     ],
     [
      231451.7621802483,
      479834.95155060355
     ],
     [
      231453.8553000284,
      479830.39809215104
     ],
     [
      231458.44318918796,
      479828.33977863233
     ],
     [
      231468.4307622163,
      479828.7984660232
     ],
     [
      231500.86740491109,
      479833.47981930897
     ],
     [
      231512.10562413617,
      479833.0997587973
     ],
     [
      231521.6912915153,
      479828.9958146997
     ],
     [
      231528.7926963825,
      479821.97503716126
     ],
     [
      231537.57272699228,
      479811.65334316605
     ],
     [
      231544.69413418323,
      479799.2502102576
     ],
     [
      231549.70119302606,
      479794.70758959785
     ],
     [
      231559.30080778,
      479786.86377390934
     ],
     [
      231576.41760827004,
      479772.84420945647
     ],
     [
      231585.61656335305,
      479762.52412099123
     ],
     [
      231590.2248937647,
      479752.5865018708
     ],
     [
      231593.20037154786,
      479736.02851560235
     ],
     [
      231594.91293033864,
      479723.60532301944
     ],
     [
      231593.28200029832,
      479714.06623420387
     ],
     [
      231587.48804159384,
      479704.9333918856
     ],
     [
      231581.27496726063,
      479698.27381021634
     ],
     [
      231567.15191355412,
      479690.7636160243
     ],
     [
      231546.789564629,
      479683.6409070081
     ],
     [
      231538.89803184028,
      479677.8185621711
     ],
     [
      231532.26912534455,
      479670.3362358188
     ],
     [
      231529.3859512034,
      479662.03547130106
     ],
     [
      231522.44269195298,
      479626.3746293519
     ],
     [
      231516.25559509994,
      479612.67917770566
     ],
     [
      231507.54910067274,
      479603.1138779031
     ],
     [
      231500.5058891917,
      479594.3870870296
     ],
     [
      231495.1306141348,
      479585.24476489285
     ],
     [
      231490.17259058187,
      479576.5257090774
     ],
     [
      231481.88329351405,
      479567.38369925146
     ],
     [
      231469.0366708874,
      479551.9989513819
     ],
     [
      231463.66897485356,
      479540.7924848807
     ],
     [
      231460.79488837032,
      479530.00586960453
     ],
     [
      231460.4036606692,
      479522.54669044894
     ],
     [
      231462.94452029627,
      479512.61245272716
     ],
     [
      231470.9270196964,
      479491.5117631519
     ],
     [
      231473.04784242294,
      479479.5006825247
     ],
     [
      231475.19290871118,
      479463.3502079038
     ],
     [
      231478.5549104273,
      479455.4832090378
     ],
     [
      231483.99933716643,
      479445.98144733673
     ],
     [
      231505.30626232526,
      479422.02252213506
     ],
     [
      231509.92354760424,
      479412.09599471424
     ],
     [
      231510.79224576752,
      479401.3232382347
     ],
     [
      231508.75275338636,
      479391.37203846325
     ],
     [
      231505.44449491872,
      479384.72328534373
     ],
     [
      231496.7282013225,
      479380.1408838878
     ],
     [
      231487.5719024976,
      479378.8640097776
     ],
     [
      231479.6705860049,
      479378.0024116996
     ],
     [
      231471.7753895279,
      479375.48726965545
     ],
     [
      231462.6405629593,
      479368.40634643455
     ],
     [
      231455.16878736994,
      479364.64983217674
     ],
     [
      231446.43438071615,
      479362.5422278317
     ],
     [
      231439.79135366177,
      479358.7887928756
     ],
     [
      231433.56743723192,
      479352.55100317753
     ],
     [
      231430.6748231485,
      479346.7472507998
     ],
     [
      231430.69476378147,
      479341.35378843773
     ],
     [
      231432.80609282106,
      479334.3144848132
     ],
     [
      231437.4079907812,
      479328.5384440112
     ],
     [
      231439.08698250455,
      479322.7404980336
     ],
     [
      231437.0366753053,
      479315.6858062473
     ],
     [
      231432.4929541705,
      479305.72536717943
     ],
     [
      231430.8571601084,
      479297.42925503897
     ],
     [
      231430.49929842213,
      479283.34481113043
     ],
     [
      231427.19704851625,
      479275.0425391843
     ],
     [
      231421.3980538165,
      479267.14165930654
     ],
     [
      231413.93379807632,
      479261.32101823355
     ],
     [
      231411.03810450275,
      479256.33850029495
     ],
     [
      231410.6407078052,
      479250.53287786857
     ],
     [
      231414.40191721293,
      479245.5749568493
     ],
     [
      231418.5804553926,
      479241.0291987055
     ],
     [
      231419.8510376042,
      479234.8191214074
     ],
     [
      231417.79761638492,
      479228.59675973374
     ],
     [
      231412.41283108114,
      479221.9403722437
     ],
     [
      231380.06123622195,
      479191.1576550904
     ],
     [
      231374.26668566812,
      479182.0249691849
     ],
     [
      231370.97325193093,
      479173.7227538568
     ],
     [
      231370.23342889387,
      479147.1962653309
     ],
     [
      231371.92742203444,
      479139.7447899566
     ],
     [
      231374.0265049457,
      479136.0236728631
     ],
     [
      231379.4389417833,
      479135.21131244116
     ],
     [
      231387.33438882578,
      479137.7263661776
     ],
     [
      231395.21909421292,
      479143.14901306847
     ],
     [
      231410.99591045218,
      479154.3938776535
     ],
     [
      231416.80725496457,
      479158.97654936166
     ],
     [
      231423.87237148147,
      479161.89918803703
     ],
     [
      231431.35964371162,
      479161.51624663547
     ],
     [
      231438.037800037,
      479158.2226941496
     ],
     [
      231459.72579644778,
      479144.63042078906
     ],
     [
      231463.07714544798,
      479139.6710047135
     ],
     [
      231464.76539028983,
      479131.3871902216
     ],
     [
      231464.79607084426,
      479123.09724144224
     ],
     [
      231461.9555537356,
      479103.19945852185
     ],
     [
      231463.2534975816,
      479092.01767215773
     ],
     [
      231464.12984369235,
      479079.1696548585
     ],
     [
      231465.41736226142,
      479068.3984494329
     ],
     [
      231465.85921310986,
      479062.1853129939
     ],
     [
      231469.61745597102,
      479058.05974115676
     ],
     [
      231475.45340451284,
      479056.00605461316
     ],
     [
      231481.68240614905,
      479058.51502600464
     ],
     [
      231489.15106323175,
      479065.5897918926
     ],
     [
      231520.21855590964,
      479103.82588353765
     ],
     [
      231530.58590410513,
      479115.0509167467
     ],
     [
      231551.74886333875,
      479132.541891254
     ],
     [
      231557.56816672007,
      479132.56348966766
     ],
     [
      231560.91652925295,
      479128.42533839244
     ],
     [
      231564.27564861925,
      479121.3907002361
     ],
     [
      231571.02187511377,
      479097.38899313525
     ],
     [
      231572.72685151143,
      479087.0299714003
     ],
     [
      231574.0191226945,
      479075.01584401506
     ],
     [
      231574.07142264492,
      479060.93291973363
     ],
     [
      231575.77945939885,
      479049.7526726595
     ],
     [
      231579.562411278,
      479038.9907516154
     ],
     [
      231585.46152000467,
      479019.9466313834
     ],
     [
      231589.64331095442,
      479014.5797311317
     ],
     [
      231595.88926045087,
      479012.5276501471
     ],
     [
      231606.30592232457,
      479010.4910770694
     ],
     [
      231614.64800447985,
      479005.5502745076
     ],
     [
      231622.5743382857,
      478999.7755981768
     ],
     [
      231629.23911944148,
      478997.7361971388
     ],
     [
      231634.63932397004,
      479000.2421972021
     ],
     [
      231638.784194809,
      479004.80772150785
     ],
     [
      231641.25169751805,
      479012.28572886146
     ],
     [
      231640.38899602674,
      479021.39381880994
     ],
     [
      231636.16707946427,
      479037.5365170578
     ],
     [
      231635.30591345087,
      479046.2339945857
     ],
     [
      231636.5180840478,
      479055.77152268006
     ],
     [
      231639.39054762686,
      479066.97990090674
     ],
     [
      231655.51080776873,
      479096.0384821859
     ],
     [
      231658.81290762394,
      479104.34084156173
     ],
     [
      231659.61235201452,
      479112.22326358024
     ],
     [
      231665.7378827147,
      479142.4876094669
     ],
     [
      231667.79075557756,
      479151.2070372369
     ],
     [
      231670.6863362596,
      479156.18964257964
     ],
     [
      231676.08489766927,
      479159.106283624
     ],
     [
      231683.16382318537,
      479158.3003255848
     ],
     [
      231690.66654247645,
      479153.77818638063
     ],
     [
      231696.5272225348,
      479145.08825253847
     ],
     [
      231699.9003101392,
      479134.33595210174
     ],
     [
      231700.77237612044,
      479122.73089357786
     ],
     [
      231700.02394924543,
      479101.17615485156
     ],
     [
      231701.33030228692,
      479085.4332330175
     ],
     [
      231702.63045255127,
      479071.35496006825
     ],
     [
      231703.89820394502,
      479065.96615180495
     ],
     [
      231708.48346081455,
      479064.74029668537
     ],
     [
      231711.79668580624,
      479067.6602802825
     ],
     [
      231764.82938308665,
      479132.5030036096
     ],
     [
      231768.1236489491,
      479142.86957090674
     ],
     [
      231769.3279006264,
      479154.4823823134
     ],
     [
      231777.10085186086,
      479189.735888991
     ],
     [
      231778.3221328221,
      479196.78756516636
     ],
     [
      231780.80343563654,
      479200.5257055934
     ],
     [
      231784.55832008563,
      479199.70740691957
     ],
     [
      231788.73861558636,
      479194.751216232
     ],
     [
      231791.26332211986,
      479186.8812094687
     ],
     [
      231795.05420882528,
      479174.0552163396
     ],
     [
      231809.3143706873,
      479145.0988762254
     ],
     [
      231815.6021414107,
      479131.86051809695
     ],
     [
      231821.94224999985,
      479107.0251468081
     ],
     [
      231825.28337754097,
      479102.4764522477
     ],
     [
      231830.70786806694,
      479100.84318549547
     ],
     [
      231835.6890998368,
      479103.3477463361
     ],
     [
      231839.41026779354,
      479109.16583703633
     ],
     [
      231851.3583157647,
      479143.1809957028
     ],
     [
      231858.8005896016,
      479154.8171936102
     ],
     [
      231877.84796392205,
      479180.1694114812
     ],
     [
      231881.5857627366,
      479183.9122930655
     ],
     [
      231886.57783605126,
      479183.5092980028
     ],
     [
      231890.7519551077,
      479180.2178058716
     ],
     [
      231897.8837650459,
      479165.3180008219
     ],
     [
      231902.06568460082,
      479159.9512522252
     ],
     [
      231907.49057184884,
      479155.8321256677
     ],
     [
      231912.07272839348,
      479155.42760698416
     ],
     [
      231916.63814134055,
      479157.10941698466
     ],
     [
      231934.85501867748,
      479182.869265883
     ],
     [
      231938.1755309702,
      479186.18888822
     ],
     [
      231943.99745627012,
      479187.875433635
     ],
     [
      231949.8276504378,
      479184.98971427116
     ],
     [
      231966.93540999002,
      479173.8674255676
     ],
     [
      231971.1189552148,
      479168.0789995919
     ],
     [
      231973.64066674327,
      479161.05246815516
     ],
     [
      231972.8461927583,
      479151.92707637703
     ],
     [
      231963.4744978282,
      479098.85538240825
     ],
     [
      231964.34534132166,
      479087.672060107
     ],
     [
      231967.28287401117,
      479081.4572311984
     ],
     [
      231973.12356285125,
      479078.17204560287
     ],
     [
      231980.1994555862,
      479078.1986586083
     ],
     [
      231996.84029509441,
      479079.9148436544
     ],
     [
      232003.07848651864,
      479079.9383231045
     ],
     [
      232007.674685185,
      479075.81614063575
     ],
     [
      232011.8629855726,
      479068.7847975092
     ],
     [
      232013.15433427016,
      479057.1813463918
     ],
     [
      232014.41756288335,
      479053.04661841295
     ],
     [
      232017.734961421,
      479057.19859527773
     ],
     [
      232020.19279564876,
      479067.1514929493
     ],
     [
      232020.98100032713,
      479077.93043913826
     ],
     [
      232018.05079236117,
      479084.5558965991
     ],
     [
      232010.1169404076,
      479089.90846171195
     ],
     [
      232002.61549623884,
      479094.03080441017
     ],
     [
      231995.52558382894,
      479097.7329854513
     ],
     [
      231991.7535119332,
      479103.1012307017
     ],
     [
      231989.22859542054,
      479110.97117832047
     ],
     [
      231990.03514149567,
      479119.2531827142
     ],
     [
      231992.93054561657,
      479124.23589873896
     ],
     [
      232005.35958443128,
      479139.20924014685
     ],
     [
      232008.65713643213,
      479146.257669399
     ],
     [
      232008.62901720218,
      479153.7263932839
     ],
     [
      232004.37993354484,
      479176.91592921165
     ],
     [
      232000.1792435044,
      479187.25437905965
     ],
     [
      231982.63347874835,
      479205.83268580644
     ],
     [
      231975.10608333687,
      479214.5161570414
     ],
     [
      231963.79383501015,
      479234.3609047866
     ],
     [
      231957.53085238635,
      479240.96275604045
     ],
     [
      231950.4394967409,
      479245.0866856184
     ],
     [
      231939.19584705023,
      479246.69801174104
     ],
     [
      231930.8740232584,
      479246.2561325186
     ],
     [
      231925.47564501074,
      479243.3282306972
     ],
     [
      231916.3130087646,
      479243.71554452117
     ],
     [
      231910.4657875991,
      479251.15132712363
     ],
     [
      231902.52437079768,
      479258.57925482653
     ],
     [
      231896.27386155602,
      479261.87404847314
     ],
     [
      231886.69203526396,
      479264.73463416763
     ],
     [
      231870.44906974156,
      479266.32730124844
     ],
     [
      231862.949429561,
      479270.02805573714
     ],
     [
      231848.75135919667,
      479282.41550506087
     ],
     [
      231844.98059878612,
      479289.85911154177
     ],
     [
      231845.78766629257,
      479295.6551944725
     ],
     [
      231850.76833520582,
      479300.6567725601
     ],
     [
      231868.62995083112,
      479309.4243985216
     ],
     [
      231876.11557770218,
      479309.45246287266
     ],
     [
      231881.5357382324,
      479306.565159822
     ],
     [
      231895.31027283342,
      479295.4302289336
     ],
     [
      231903.6507077175,
      479290.9003219621
     ],
     [
      231911.98177857097,
      479288.86739665264
     ],
     [
      231951.11878562925,
      479284.8638130532
     ],
     [
      231965.2795736939,
      479282.4311347509
     ],
     [
      231977.36597581612,
      479277.0941468156
     ],
     [
      232037.87701453766,
      479234.22914328106
     ],
     [
      232045.375216081,
      479230.9391559936
     ],
     [
      232057.02996742734,
      479231.3937140771
     ],
     [
      232067.00574318544,
      479235.16020252276
     ],
     [
      232117.6526562744,
      479267.67933405185
     ],
     [
      232124.30330306164,
      479269.3580371448
     ],
     [
      232135.55010667953,
      479266.9146312028
     ],
     [
      232146.78906967028,
      479266.546502627
     ],
     [
      232156.35847556533,
      479266.99331235193
     ],
     [
      232165.1132183294,
      479263.7081832166
     ],
     [
      232173.467900124,
      479255.46082372265
     ],
     [
      232180.15307584888,
      479248.0172935688
     ],
     [
      232184.7492716741,
      479243.8952058077
     ],
     [
      232192.6616584648,
      479241.8498716551
     ],
     [
      232210.96855310543,
      479243.5838868402
     ],
     [
      232222.20759329968,
      479243.2047600892
     ],
     [
      232232.2036903685,
      479241.5890776551
     ],
     [
      232246.36779268272,
      479238.3245421543
     ],
     [
      232257.60416235757,
      479236.30297458277
     ],
     [
      232271.33632073828,
      479238.8410016714
     ],
     [
      232285.46949021248,
      479241.38057390763
     ],
     [
      232297.12421785606,
      479241.83546131867
     ],
     [
      232334.63612558032,
      479227.0625791438
     ],
     [
      232346.7102604694,
      479225.0332175415
     ],
     [
      232357.9382665226,
      479227.56185714353
     ],
     [
      232372.49601536436,
      479230.93552671495
     ],
     [
      232381.23879916518,
      479228.4829101396
     ],
     [
      232437.9698712189,
      479195.9606039455
     ],
     [
      232447.13473160757,
      479192.67732846166
     ],
     [
      232455.03769941948,
      479193.1292115293
     ],
     [
      232464.1814358062,
      479197.71422974794
     ],
     [
      232476.6554549041,
      479200.6695013569
     ],
     [
      232487.47572313237,
      479200.2891248558
     ],
     [
      232498.29119881446,
      479201.16279778857
     ],
     [
      232513.27313260917,
      479200.8094612858
     ],
     [
      232525.77888915196,
      479195.463754747
     ],
     [
      232557.8931591657,
      479177.7746718367
     ],
     [
      232567.87992071235,
      479178.6341616334
     ],
     [
      232579.5220076745,
      479182.4076362399
     ],
     [
      232587.42021506897,
      479184.10258035734
     ],
     [
      232595.75317759725,
      479181.64861252636
     ],
     [
      232616.6078724463,
      479169.7096519939
     ],
     [
      232624.5108968782,
      479170.15059483424
     ],
     [
      232638.22775691893,
      479174.35382923746
     ],
     [
      232646.97481690475,
      479173.14445746935
     ],
     [
      232657.81103090142,
      479168.6248699451
     ],
     [
      232676.16261462957,
      479158.7517328597
     ],
     [
      232690.77042275082,
      479146.7889456131
     ],
     [
      232705.38876322712,
      479134.4156042457
     ],
     [
      232714.9965576814,
      479124.9195380807
     ],
     [
      232725.01843779447,
      479116.6680329107
     ],
     [
      232734.1834973552,
      479113.3850659273
     ],
     [
      232799.97787764436,
      479104.5273287612
     ],
     [
      232826.2040586853,
      479102.55325508944
     ],
     [
      232852.42382036493,
      479102.24391131295
     ],
     [
      232874.46745249056,
      479105.6362713588
     ],
     [
      232884.0369671255,
      479106.0949967294
     ],
     [
      232891.12726732084,
      479102.39355403313
     ],
     [
      232908.6552926086,
      479091.2747727175
     ],
     [
      232916.5920632492,
      479083.01542075933
     ],
     [
      232936.65790655138,
      479058.64461960626
     ],
     [
      232948.77347129927,
      479048.3261933996
     ],
     [
      232965.0499456209,
      479035.9597205417
     ],
     [
      232980.8988758229,
      479028.1417290082
     ],
     [
      232996.7292328871,
      479022.8207057575
     ],
     [
      233004.6686026483,
      479016.2261193908
     ],
     [
      233013.84836005277,
      479009.21463926526
     ],
     [
      233022.1848535127,
      479005.9287635638
     ],
     [
      233050.4854533422,
      479006.87106614513
     ],
     [
      233064.2281831089,
      479004.43858587294
     ],
     [
      233086.72870447146,
      478995.8143232288
     ],
     [
      233119.6584143446,
      478984.3453039558
     ],
     [
      233131.31099377028,
      478983.1477466274
     ],
     [
      233141.71190034095,
      478985.2635767815
     ],
     [
      233155.85415967178,
      478987.804628552
     ],
     [
      233168.33475225096,
      478989.09626458865
     ],
     [
      233175.82716443838,
      478987.4608224356
     ],
     [
      233210.39520889032,
      478980.9703734496
     ],
     [
      233239.57005835234,
      478970.30838994135
     ],
     [
      233267.90966756898,
      478961.3079121916
     ],
     [
      233291.66056687437,
      478954.35375599493
     ],
     [
      233312.0589943858,
      478952.35835809325
     ],
     [
      233350.78264003672,
      478947.5383368507
     ],
     [
      233364.5174129836,
      478947.1816033205
     ],
     [
      233376.16274384077,
      478950.12384319253
     ],
     [
      233390.28873962455,
      478956.8047120962
     ],
     [
      233423.0993448136,
      478973.51378984586
     ],
     [
      233472.92699743755,
      479002.7195474799
     ],
     [
      233500.7581271403,
      479016.50169458357
     ],
     [
      233519.86956472462,
      479024.4564824334
     ],
     [
      233544.38716691767,
      479033.25388133933
     ],
     [
      233575.5690887308,
      479042.4882869345
     ],
     [
      233600.5135923888,
      479049.22333754005
     ],
     [
      233627.54766052187,
      479052.6373753665
     ]
    ]
   },
   "properties": {
    "osm_id": "1238511101",
    "osm_type": "way",
    "osm_version": "1",
    "osm_timestamp": "2024-01-10T07:40:24Z",
    "highway": "track"
   }
  },
  {
   "type": "Feature",
   "geometry": {
    "type": "LineString",
    "coordinates": [
     [
      230945.44218576036,
      481125.70102881244
     ],
     [
      230942.2722002708,
      481130.0842260893
     ],
     [
      230940.3662008085,
      481134.7938646412
     ],
     [
      230940.3468021694,
      481140.12075466814
     ],
     [
      230948.42347236947,
      481173.12183914054
     ],
     [
      230949.96499947703,
      481182.8602562727
     ],
     [
      230951.7771569475,
      481203.90835456987
     ],
     [
      230954.5849897132,
      481213.3295491888
     ],
     [
      230956.75446288867,
      481224.3354095386
     ]
    ]
   },
   "properties": {
    "osm_id": "1238511103",
    "osm_type": "way",
    "osm_version": "1",
    "osm_timestamp": "2024-01-10T07:40:24Z",
    "highway": "service"
   }
  },
  {
   "type": "Feature",
   "geometry": {
    "type": "LineString",
    "coordinates": [
     [
      230941.36436400787,
      481120.0373796735
     ],
     [
      230903.20222289086,
      481123.0391757113
     ],
     [
      230894.67787096673,
      481124.8837086798
     ],
     [
      230877.6254641572,
      481132.0464086969
     ],
     [
      230870.04892542315,
      481132.9621928692
     ],
     [
      230856.1767688919,
      481132.9118015996
     ],
     [
      230851.44237692872,
      481133.83792472706
     ],
     [
      230847.65107242353,
      481137.586324231
     ],
     [
      230843.5287144884,
      481144.1745689904
     ],
     [
      230841.92554218674,
      481151.38234106323
     ],
     [
      230838.96372713047,
      481184.34325451625
     ]
    ]
   },
   "properties": {
    "osm_id": "1238511104",
    "osm_type": "way",
    "osm_version": "1",
    "osm_timestamp": "2024-01-10T07:40:24Z",
    "highway": "service"
   }
  },
  {
   "type": "Feature",
   "geometry": {
    "type": "LineString",
    "coordinates": [
     [
      230924.396288826,
      480915.52023525117
     ],
     [
      230920.41859429344,
      480906.7939623068
     ],
     [
      230909.94753324054,
      480885.2815628041
     ],
     [
      230907.45003759838,
      480878.6803668651
     ],
     [
      230905.58170390764,
      480873.02477568353
     ],
     [
      230904.97082292836,
      480867.051921388
     ],
     [
      230906.57413952352,
      480859.8330659544
     ],
     [
      230919.04564664615,
      480811.52519575524
     ],
     [
      230926.99856534204,
      480778.27174970927
     ],
     [
      230932.12956379543,
      480754.11935615225
     ],
     [
      230937.90236998175,
      480727.45009609597
     ],
     [
      230952.42939131655,
      480657.97511105705
     ],
     [
      230952.60503520016,
      480651.3392504632
     ],
     [
      230950.55013415596,
      480645.5276024147
     ],
     [
      230946.40421404972,
      480641.3730136476
     ],
     [
      230940.16731471362,
      480638.86438952084
     ],
     [
      230849.59940910485,
      480620.56773326045
     ],
     [
      230842.04022997848,
      480619.03099000774
     ],
     [
      230832.90157675737,
      480615.6906748624
     ],
     [
      230823.35018043683,
      480610.68419885705
     ],
     [
      230808.81075158372,
      480602.7520181228
     ],
     [
      230793.04784861192,
      480588.2011262449
     ],
     [
      230783.50693096448,
      480580.2871040502
     ],
     [
      230762.7452678102,
      480568.2040754549
     ],
     [
      230753.6215500593,
      480560.71331511403
     ],
     [
      230741.600697766,
      480548.6508788398
     ],
     [
      230734.97270833066,
      480543.3776344898
     ],
     [
      230728.09928224754,
      480541.9100608328
     ],
     [
      230703.1036756332,
      480542.54107292707
     ],
     [
      230693.73774563867,
      480528.08007111785
     ],
     [
      230687.60686395701,
      480520.84434552887
     ],
     [
      230678.9391718315,
      480512.87810757954
     ],
     [
      230672.08023383957,
      480504.91840691393
     ],
     [
      230665.9571260591,
      480495.5186506533
     ],
     [
      230650.89236277808,
      480470.09468523634
     ],
     [
      230632.14064666117,
      480476.2418513502
     ],
     [
      230620.4814949277,
      480482.4146117675
     ],
     [
      230610.3045699932,
      480490.2019107888
     ],
     [
      230597.9564899973,
      480499.6460771001
     ],
     [
      230592.50696303102,
      480503.5994766655
     ],
     [
      230584.89745596258,
      480506.1023889893
     ],
     [
      230576.56642161543,
      480506.07240913983
     ],
     [
      230569.67208477925,
      480505.44832329353
     ],
     [
      230555.56268097716,
      480504.1879173656
     ],
     [
      230547.2342379173,
      480503.43661738175
     ],
     [
      230541.80938617472,
      480500.53168590023
     ],
     [
      230526.27840213862,
      480488.21279254917
     ],
     [
      230520.28265953952,
      480482.9974781594
     ],
     [
      230515.70874370233,
      480481.3274775752
     ],
     [
      230509.87846984403,
      480482.13888003025
     ],
     [
      230504.87687437225,
      480485.42807448684
     ],
     [
      230497.76794939768,
      480494.9355847485
     ],
     [
      230493.59051531926,
      480499.4817970272
     ],
     [
      230487.75583676432,
      480501.525056534
     ],
     [
      230482.34881743405,
      480501.09504061117
     ],
     [
      230477.777889228,
      480498.59273474937
     ],
     [
      230473.21288784055,
      480494.4368777872
     ],
     [
      230445.95379844162,
      480460.2910700086
     ],
     [
      230438.48993605236,
      480451.9853615725
     ],
     [
      230428.5267750632,
      480444.90256821865
     ],
     [
      230414.81385777149,
      480439.8816572932
     ],
     [
      230398.59862532694,
      480436.9271089484
     ],
     [
      230382.78885030915,
      480435.2058987766
     ],
     [
      230368.22796192084,
      480435.5755701568
     ],
     [
      230351.16186254285,
      480436.33584014286
     ],
     [
      230333.98686270398,
      480437.6506464033
     ],
     [
      230327.82471941967,
      480439.0713690557
     ],
     [
      230321.65869776544,
      480441.5796681794
     ],
     [
      230315.4836931615,
      480446.60714368493
     ],
     [
      230297.3177046222,
      480460.96951892786
     ],
     [
      230291.1491367783,
      480464.1991889153
     ],
     [
      230283.53465142075,
      480465.6147667995
     ],
     [
      230242.9612055772,
      480466.91299379134
     ],
     [
      230229.1961937247,
      480466.4977903877
     ],
     [
      230216.51949233256,
      480465.7313488504
     ],
     [
      230205.29772152158,
      480464.2487395528
     ],
     [
      230189.00479775155,
      480460.58405505476
     ],
     [
      230168.7366627008,
      480454.7412153051
     ],
     [
      230160.2456991344,
      480452.0586990203
     ],
     [
      230153.30792126546,
      480451.101863173
     ],
     [
      230146.3646303881,
      480451.69870723994
     ],
     [
      230134.05955075746,
      480454.1742686056
     ],
     [
      230125.53690758673,
      480455.39810480876
     ],
     [
      230117.9699051288,
      480455.99276102055
     ],
     [
      230102.83803974837,
      480454.0636159396
     ],
     [
      230093.0646367779,
      480453.70716488373
     ],
     [
      230083.59971322573,
      480454.30622892804
     ],
     [
      230075.72639230132,
      480453.3350468797
     ],
     [
      230066.9096852328,
      480449.5305923375
     ],
     [
      230058.09293108503,
      480445.7372446881
     ],
     [
      230049.27287289535,
      480442.8761107607
     ],
     [
      230039.1797451943,
      480442.21895039367
     ],
     [
      230013.31774032052,
      480443.3816260192
     ],
     [
      230007.3156106739,
      480444.92522155715
     ],
     [
      229992.4734515538,
      480451.78676255385
     ],
     [
      229987.41474245416,
      480456.1636434953
     ],
     [
      229978.8533660475,
      480468.37432265386
     ],
     [
      229975.68806557122,
      480471.50383748894
     ],
     [
      229972.22085125087,
      480471.8134446787
     ],
     [
      229968.75809872657,
      480470.8579185744
     ],
     [
      229965.29418326475,
      480467.70502325124
     ],
     [
      229962.7903123569,
      480462.66888644855
     ],
     [
      229960.2997018008,
      480453.8706394384
     ],
     [
      229957.4817349979,
      480449.4659722242
     ],
     [
      229950.2564806242,
      480441.5832554194
     ],
     [
      229944.59605716862,
      480434.6604703901
     ],
     [
      229935.46695554483,
      480420.8670236069
     ],
     [
      229929.18610797072,
      480412.9987500652
     ],
     [
      229919.13837811357,
      480401.9654410431
     ],
     [
      229902.9384624343,
      480384.4626676987
     ],
     [
      229893.19366495035,
      480375.9496588928
     ],
     [
      229883.4422139494,
      480369.3232655335
     ],
     [
      229872.4232945986,
      480363.3139054922
     ],
     [
      229861.71846415417,
      480359.2033886839
     ],
     [
      229851.00703567575,
      480356.9683917633
     ],
     [
      229842.1813226642,
      480355.6722456884
     ],
     [
      229837.12915423032,
      480355.65450652735
     ],
     [
      229832.1940280011,
      480355.29314920225
     ],
     [
      229827.78893558722,
      480353.7017984543
     ],
     [
      229824.95864579134,
      480350.24044719123
     ],
     [
      229822.4535272288,
      480345.5261858024
     ],
     [
      229817.78715104508,
      480326.9764748665
     ],
     [
      229812.80336187658,
      480310.00154220144
     ],
     [
      229805.60093431617,
      480295.53803369467
     ],
     [
      229798.38311200734,
      480285.45811105584
     ],
     [
      229790.522673033,
      480278.21698042797
     ],
     [
      229782.42588241852,
      480272.3067656291
     ],
     [
      229761.45929795428,
      480259.6040150346
     ],
     [
      229752.77408205578,
      480256.3219481085
     ],
     [
      229742.28127956708,
      480252.6784343365
     ],
     [
      229734.31657321187,
      480252.2954348738
     ],
     [
      229724.53289071773,
      480252.26121048897
     ],
     [
      229716.5618970749,
      480253.6760499319
     ],
     [
      229708.9410396865,
      480256.889965031
     ],
     [
      229701.68423663455,
      480260.47138676175
     ],
     [
      229693.69181246398,
      480268.0232582212
     ],
     [
      229688.2287248781,
      480275.9391022001
     ],
     [
      229685.32275576238,
      480278.81438034994
     ],
     [
      229680.6053403102,
      480279.885488753
     ],
     [
      229670.8216899601,
      480279.8513260047
     ],
     [
      229662.48792176414,
      480280.5435921117
     ],
     [
      229608.8248924056,
      480294.41738001816
     ],
     [
      229600.13221522165,
      480295.82981388806
     ],
     [
      229592.88805097018,
      480295.80458594725
     ],
     [
      229584.56056390813,
      480294.6991060498
     ],
     [
      229577.7351997189,
      480292.1117564601
     ],
     [
      229571.5893786787,
      480288.84981092915
     ],
     [
      229554.96452511888,
      480277.97162229894
     ],
     [
      229548.45463074843,
      480274.34220018034
     ],
     [
      229542.66913717633,
      480272.513145164
     ],
     [
      229534.34289388606,
      480271.0414916496
     ],
     [
      229519.49544054002,
      480269.1920632148
     ],
     [
      229511.16795703932,
      480268.07555782516
     ],
     [
      229501.39180634072,
      480265.8775450001
     ],
     [
      229461.95465032812,
      480252.75631153805
     ],
     [
      229450.7424747293,
      480248.3893081465
     ],
     [
      229442.06335857545,
      480243.30973752873
     ],
     [
      229436.28263345495,
      480237.51885727583
     ],
     [
      229431.3161358315,
      480230.7541943158
     ],
     [
      229429.16445977023,
      480224.25453034934
     ],
     [
      229428.83178882202,
      480217.39493810764
     ],
     [
      229428.1387438565,
      480209.10248196014
     ],
     [
      229425.9870596765,
      480202.6028190601
     ],
     [
      229423.83164529593,
      480197.17963042477
     ],
     [
      229399.3313156379,
      480157.4202129837
     ],
     [
      229395.37075185677,
      480150.9143016834
     ],
     [
      229392.501032523,
      480143.3245805847
     ],
     [
      229391.79032264857,
      480137.5512677735
     ],
     [
      229392.17933607948,
      480130.7052717833
     ],
     [
      229394.74383904383,
      480123.4894745863
     ],
     [
      229398.74683443783,
      480117.7324653899
     ],
     [
      229419.8554024103,
      480089.6725898937
     ],
     [
      229425.6835029953,
      480079.23864063335
     ],
     [
      229429.333880025,
      480072.3928408761
     ],
     [
      229431.5342861736,
      480064.8317625278
     ],
     [
      229430.33697700422,
      480052.90858242335
     ],
     [
      229428.18338223966,
      480039.22863972705
     ],
     [
      229424.58703548316,
      479968.68969416886
     ],
     [
      229424.0648425423,
      479959.9428235968
     ],
     [
      229425.7455299494,
      479950.6486895889
     ]
    ]
   },
   "properties": {
    "osm_id": "1238511105",
    "osm_type": "way",
    "osm_version": "2",
    "osm_timestamp": "2024-01-10T08:42:08Z",
    "highway": "unclassified",
    "name": "왕피천로"
   }
  },
  {
   "type": "Feature",
   "geometry": {
    "type": "LineString",
    "coordinates": [
     [
      230920.41859429344,
      480906.7939623068
     ],
     [
      230898.73493112138,
      480918.21243488666
     ],
     [
      230885.47218508951,
      480924.4455874383
     ],
     [
      230853.26007641497,
      480937.512781837
     ],
     [
      230842.84209204456,
      480940.61564481235
     ],
     [
      230822.64103245406,
      480946.19113573973
     ],
     [
      230812.53378408682,
      480949.60590215464
     ],
     [
      230801.16343298278,
      480954.90273269813
     ],
     [
      230787.8951068018,
      480962.71190820495
     ],
     [
      230762.60026124705,
      480979.8885129922
     ],
     [
      230756.28198901453,
      480982.68448854226
     ],
     [
      230747.7652751317,
      480984.8510343041
     ],
     [
      230738.29976513045,
      480985.76010133076
     ],
     [
      230726.00438570156,
      480985.71562943613
     ],
     [
      230713.07982773392,
      480984.725585531
     ],
     [
      230672.12028796805,
      480975.1666686237
     ],
     [
      230665.1819100429,
      480974.50904851203
     ],
     [
      230658.87495903514,
      480974.17554946576
     ],
     [
      230652.56012052915,
      480976.0282988077
     ],
     [
      230645.9186751869,
      480981.97497341834
     ],
     [
      230614.91915342418,
      481009.80755178217
     ],
     [
      230601.94034129952,
      481023.8883319303
     ],
     [
      230594.33320867934,
      481033.2829931572
     ],
     [
      230579.12327295917,
      481055.8345154149
     ],
     [
      230577.53045429653,
      481060.2235230991
     ],
     [
      230576.24835541152,
      481064.92438848503
     ],
     [
      230577.4999409475,
      481068.7021544525
     ],
     [
      230581.27421917298,
      481069.65905382985
     ],
     [
      230586.955311428,
      481068.10361198266
     ],
     [
      230607.49477813885,
      481057.50146663724
     ],
     [
      230615.3899481212,
      481054.7110630643
     ],
     [
      230622.64466041082,
      481054.104630799
     ],
     [
      230628.629646631,
      481054.7587799758
     ],
     [
      230631.77349041417,
      481057.588962312
     ],
     [
      230633.33576867598,
      481061.6785960463
     ],
     [
      230632.37322468852,
      481066.70244247
     ],
     [
      230628.5673978446,
      481072.02677811764
     ],
     [
      230621.92268383954,
      481078.90567733755
     ],
     [
      230604.84099913912,
      481094.23681995156
     ],
     [
      230590.60396520954,
      481106.42645456677
     ],
     [
      230533.0515715184,
      481152.3753073085
     ],
     [
      230524.201943957,
      481157.9923040685
     ],
     [
      230514.09279799834,
      481162.0399923424
     ],
     [
      230506.515116649,
      481165.77494465874
     ],
     [
      230499.88069377837,
      481169.8351268375
     ],
     [
      230490.39737742537,
      481175.77172078943
     ],
     [
      230483.44561297545,
      481178.88746135554
     ],
     [
      230474.29659368345,
      481181.0520105844
     ],
     [
      230467.35387338992,
      481181.64858942386
     ],
     [
      230461.04368794087,
      481182.2585395501
     ],
     [
      230453.15982508613,
      481184.4276474981
     ],
     [
      230419.37013661966,
      481198.1233972673
     ],
     [
      230411.15553687746,
      481200.60209903866
     ],
     [
      230404.53242657412,
      481201.5217100907
     ],
     [
      230397.60423642956,
      481200.5536038763
     ],
     [
      230392.248597204,
      481198.33707388595
     ],
     [
      230388.16258562324,
      481194.8710336948
     ],
     [
      230384.70138508722,
      481191.08539299
     ],
     [
      230381.57653897567,
      481185.42542354536
     ],
     [
      230374.39269854044,
      481166.24488651304
     ],
     [
      230371.87699869132,
      481162.15189247346
     ],
     [
      230367.17066705768,
      481157.740330002
     ],
     [
      230329.06165612297,
      481143.4766722651
     ],
     [
      230321.19129931284,
      481139.36458083044
     ],
     [
      230313.95798626431,
      481134.00071528467
     ],
     [
      230307.05324575715,
      481126.44065846235
     ],
     [
      230297.30974345084,
      481115.41906024795
     ],
     [
      230288.82572501493,
      481108.48596337513
     ],
     [
      230278.12654286387,
      481103.109774203
     ],
     [
      230263.9515063043,
      481098.0319561278
     ],
     [
      230257.0143071554,
      481097.06393360347
     ],
     [
      230247.56346022422,
      481096.40880458604
     ],
     [
      230232.4205228374,
      481097.91970166424
     ],
     [
      230209.08299399767,
      481098.7800074287
     ],
     [
      230202.1390833094,
      481099.69863605977
     ],
     [
      230194.8788825043,
      481101.870200456
     ],
     [
      230186.36018901324,
      481104.66987567215
     ],
     [
      230181.306256969,
      481105.27339940704
     ],
     [
      230175.6342135368,
      481104.30993761576
     ],
     [
      230170.59920128575,
      481102.09468757454
     ],
     [
      230164.3045825989,
      481098.3101753423
     ],
     [
      230146.38969032036,
      481082.54317127774
     ],
     [
      230138.22514725957,
      481073.41399120155
     ],
     [
      230130.37580743092,
      481063.33152427204
     ],
     [
      230115.6069777452,
      481047.2650054353
     ],
     [
      230109.00269856793,
      481042.84686167655
     ],
     [
      230100.5039869502,
      481039.9979023144
     ],
     [
      230090.4138126717,
      481038.7081081229
     ],
     [
      230082.2114079768,
      481040.2438562064
     ],
     [
      230073.68158186745,
      481043.6650829803
     ],
     [
      230025.0375456854,
      481067.98593718925
     ],
     [
      230016.51220116895,
      481070.153182994
     ],
     [
      230007.36985214285,
      481070.4316285243
     ],
     [
      230000.75664054035,
      481068.5327430231
     ],
     [
      229994.14011872944,
      481065.04686257563
     ],
     [
      229986.907634757,
      481059.3725426388
     ],
     [
      229973.38935143274,
      481049.9027929616
     ],
     [
      229965.83053626737,
      481045.80323067534
     ],
     [
      229959.21623991913,
      481044.20401518006
     ],
     [
      229957.6691301761,
      481035.71982536535
     ],
     [
      229956.42829879178,
      481028.8126062745
     ],
     [
      229952.989011235,
      481021.265061217
     ],
     [
      229943.5645840458,
      481010.55573988677
     ],
     [
      229934.44316984166,
      481004.8748091554
     ],
     [
      229916.18369766476,
      480995.69918932475
     ],
     [
      229907.69042288142,
      480991.2745529679
     ],
     [
      229903.9215005466,
      480986.2339755229
     ]
    ]
   },
   "properties": {
    "osm_id": "1238511106",
    "osm_type": "way",
    "osm_version": "3",
    "osm_timestamp": "2024-02-22T20:14:52Z",
    "highway": "residential",
    "name": "원심길"
   }
  },
  {
   "type": "Feature",
   "geometry": {
    "type": "LineString",
    "coordinates": [
     [
      230920.41859429344,
      480906.7939623068
     ],
     [
      230950.96851233544,
      480892.69996560784
     ],
     [
      230968.06700865936,
      480882.818609369
     ],
     [
      231003.94098796006,
      480857.67967020324
     ],
     [
      231033.15197736706,
      480834.5807406412
     ],
     [
      231058.7467284777,
      480811.19124613155
     ],
     [
      231070.02753597952,
      480798.8029165913
     ],
     [
      231082.5724476952,
      480781.8580174933
     ],
     [
      231093.87321072113,
      480761.601430618
     ],
     [
      231104.36645753728,
      480738.0236517048
     ],
     [
      231109.00382774495,
      480722.29280706873
     ],
     [
      231113.22849963274,
      480704.90687744797
     ],
     [
      231115.9915506835,
      480690.057000901
     ],
     [
      231116.44673250002,
      480680.1150125518
     ],
     [
      231106.75739398153,
      480598.45500888705
     ],
     [
      231104.31110660042,
      480585.1841503503
     ],
     [
      231101.02266929796,
      480573.1642651402
     ],
     [
      231095.24528756493,
      480561.95651284227
     ],
     [
      231080.74994144472,
      480542.0161786481
     ],
     [
      231048.89218822008,
      480491.7597437209
     ],
     [
      231037.70784212492,
      480477.635747547
     ],
     [
      231025.27302623322,
      480464.32844043063
     ],
     [
      231010.34933302793,
      480449.3584939563
     ],
     [
      230965.8273591507,
      480406.9134413224
     ],
     [
      230935.52141044656,
      480382.876162958
     ],
     [
      230896.84865467603,
      480348.95370784873
     ],
     [
      230851.32370147476,
      480317.40368508315
     ],
     [
      230744.51791373696,
      480264.4240720158
     ],
     [
      230720.65549940526,
      480252.0746940011
     ],
     [
      230695.71375401394,
      480237.55741134123
     ],
     [
      230676.8039410986,
      480230.57519478723
     ],
     [
      230604.45148319402,
      480202.90274018777
     ],
     [
      230589.98503451628,
      480196.72466520814
     ],
     [
      230581.30897619884,
      480193.4417823779
     ],
     [
      230573.709767736,
      480190.5290101117
     ],
     [
      230565.73352811218,
      480190.8665481671
     ],
     [
      230561.37985458973,
      480194.8128110844
     ],
     [
      230549.74446022382,
      480206.67893314536
     ]
    ]
   },
   "properties": {
    "osm_id": "1238511107",
    "osm_type": "way",
    "osm_version": "4",
    "osm_timestamp": "2024-02-22T20:14:52Z",
    "highway": "service"
   }
  },
  {
   "type": "Feature",
   "geometry": {
    "type": "LineString",
    "coordinates": [
     [
      231033.15197736706,
      480834.5807406412
     ],
     [
      230919.04564664615,
      480811.52519575524
     ],
     [
      230895.52285472106,
      480806.73415547534
     ],
     [
      230885.55733812015,
      480802.9690566213
     ],
     [
      230868.12129078692,
      480790.4761306412
     ],
     [
      230830.73760426728,
      480772.52839526604
     ]
    ]
   },
   "properties": {
    "osm_id": "1238511108",
    "osm_type": "way",
    "osm_version": "3",
    "osm_timestamp": "2024-02-22T20:14:52Z",
    "highway": "track"
   }
  },
  {
   "type": "Feature",
   "geometry": {
    "type": "LineString",
    "coordinates": [
     [
      230957.6467904222,
      480979.4316524231
     ],
     [
      230924.396288826,
      480915.52023525117
     ]
    ]
   },
   "properties": {
    "osm_id": "1238511109",
    "osm_type": "way",
    "osm_version": "2",
    "osm_timestamp": "2024-09-13T15:26:21Z",
    "bridge": "yes",
    "bridge:name": "구고교",
    "highway": "unclassified",
    "layer": "1"
   }
  },
  {
   "type": "Feature",
   "geometry": {
    "type": "LineString",
    "coordinates": [
     [
      231093.87321072113,
      480761.601430618
     ],
     [
      230937.90236998175,
      480727.45009609597
     ]
    ]
   },
   "properties": {
    "osm_id": "1238519287",
    "osm_type": "way",
    "osm_version": "3",
    "osm_timestamp": "2024-02-22T20:14:52Z",
    "highway": "track"
   }
  },
  {
   "type": "Feature",
   "geometry": {
    "type": "LineString",
    "coordinates": [
     [
      230940.16731471362,
      480638.86438952084
     ],
     [
      231039.94500923797,
      480662.8444463245
     ],
     [
      231116.44673250002,
      480680.1150125518
     ]
    ]
   },
   "properties": {
    "osm_id": "1238519288",
    "osm_type": "way",
    "osm_version": "3",
    "osm_timestamp": "2024-02-22T20:14:52Z",
    "highway": "track"
   }
  },
  {
   "type": "Feature",
   "geometry": {
    "type": "LineString",
    "coordinates": [
     [
      231039.94500923797,
      480662.8444463245
     ],
     [
      231048.41080757772,
      480623.5113792387
     ],
     [
      231049.28014539287,
      480614.81385894923
     ],
     [
      231046.8066583295,
      480606.525842481
     ],
     [
      231039.36457917068,
      480594.8903288248
     ],
     [
      231024.8540068805,
      480579.1006211696
     ],
     [
      231016.55617395032,
      480572.43383039004
     ],
     [
      231004.933308092,
      480566.1766330544
     ],
     [
      230993.72482511224,
      480558.6780067164
     ],
     [
      230970.06337044132,
      480542.8550246437
     ],
     [
      230952.2200701853,
      480529.5281141518
     ],
     [
      230920.91755223065,
      480505.22090185084
     ],
     [
      230872.19362795367,
      480464.1593753193
     ]
    ]
   },
   "properties": {
    "osm_id": "1238519289",
    "osm_type": "way",
    "osm_version": "3",
    "osm_timestamp": "2024-02-22T20:14:52Z",
    "highway": "track"
   }
  },
  {
   "type": "Feature",
   "geometry": {
    "type": "LineString",
    "coordinates": [
     [
      231039.36457917068,
      480594.8903288248
     ],
     [
      231080.74994144472,
      480542.0161786481
     ]
    ]
   },
   "properties": {
    "osm_id": "1238519290",
    "osm_type": "way",
    "osm_version": "3",
    "osm_timestamp": "2024-02-22T20:14:52Z",
    "highway": "track"
   }
  },
  {
   "type": "Feature",
   "geometry": {
    "type": "LineString",
    "coordinates": [
     [
      230849.59940910485,
      480620.56773326045
     ],
     [
      230857.2018792818,
      480548.8368044725
     ],
     [
      230856.26899880558,
      480540.7320058623
     ],
     [
      230852.95875269535,
      480532.1635650266
     ],
     [
      230847.72249807906,
      480526.42917672923
     ],
     [
      230834.85308631978,
      480514.962810529
     ]
    ]
   },
   "properties": {
    "osm_id": "1238519291",
    "osm_type": "way",
    "osm_version": "1",
    "osm_timestamp": "2024-01-10T08:42:08Z",
    "highway": "service"
   }
  },
  {
   "type": "Feature",
   "geometry": {
    "type": "LineString",
    "coordinates": [
     [
      230703.1036756332,
      480542.54107292707
     ],
     [
      230676.6296775213,
      480550.3804053546
     ],
     [
      230659.95728414212,
      480553.2056693438
     ]
    ]
   },
   "properties": {
    "osm_id": "1238519292",
    "osm_type": "way",
    "osm_version": "1",
    "osm_timestamp": "2024-01-10T08:42:08Z",
    "highway": "service"
   }
  },
  {
   "type": "Feature",
   "geometry": {
    "type": "LineString",
    "coordinates": [
     [
      230678.9391718315,
      480512.87810757954
     ],
     [
      230670.58863757827,
      480518.2526037603
     ],
     [
      230660.3904873129,
      480531.9216116598
     ],
     [
      230659.95728414212,
      480553.2056693438
     ],
     [
      230661.02221941092,
      480559.335508968
     ],
     [
      230664.6175915124,
      480565.48557736666
     ],
     [
      230672.20994352057,
      480570.196258586
     ],
     [
      230687.0370820954,
      480577.4633730326
     ]
    ]
   },
   "properties": {
    "osm_id": "1238519293",
    "osm_type": "way",
    "osm_version": "1",
    "osm_timestamp": "2024-01-10T08:42:08Z",
    "highway": "service"
   }
  },
  {
   "type": "Feature",
   "geometry": {
    "type": "LineString",
    "coordinates": [
     [
      230703.1036756332,
      480542.54107292707
     ],
     [
      230706.32962605765,
      480552.2855185669
     ],
     [
      230709.2045704614,
      480558.066774761
     ],
     [
      230713.89737389018,
      480561.33539653406
     ]
    ]
   },
   "properties": {
    "osm_id": "1238519294",
    "osm_type": "way",
    "osm_version": "1",
    "osm_timestamp": "2024-01-10T08:42:08Z",
    "highway": "service"
   }
  },
  {
   "type": "Feature",
   "geometry": {
    "type": "LineString",
    "coordinates": [
     [
      230734.97270833066,
      480543.3776344898
     ],
     [
      230740.791488017,
      480538.34917264455
     ],
     [
      230746.96539647467,
      480533.6771299653
     ],
     [
      230754.2158705302,
      480531.9055193218
     ],
     [
      230813.29496309336,
      480523.4632313448
     ],
     [
      230825.98199996786,
      480521.3451680736
     ],
     [
      230834.85308631978,
      480514.962810529
     ],
     [
      230838.33646715316,
      480510.2033868408
     ],
     [
      230845.6131641001,
      480501.2183641988
     ],
     [
      230872.19362795367,
      480464.1593753193
     ],
     [
      230935.52141044656,
      480382.876162958
     ]
    ]
   },
   "properties": {
    "osm_id": "1238519295",
    "osm_type": "way",
    "osm_version": "3",
    "osm_timestamp": "2024-02-22T20:14:52Z",
    "highway": "service"
   }
  },
  {
   "type": "Feature",
   "geometry": {
    "type": "LineString",
    "coordinates": [
     [
      230838.33646715316,
      480510.2033868408
     ],
     [
      230830.0606765819,
      480487.57819235814
     ],
     [
      230825.37728185178,
      480479.26003182924
     ],
     [
      230818.8837719099,
      480471.3015375233
     ],
     [
      230811.65411523465,
      480467.3133994748
     ],
     [
      230804.41532019223,
      480465.84444003797
     ],
     [
      230786.3099670135,
      480463.24852690357
     ],
     [
      230775.09350941866,
      480460.3224667836
     ],
     [
      230750.4943004447,
      480452.29847721016
     ],
     [
      230742.52484152213,
      480450.82692689076
     ],
     [
      230733.10148330714,
      480452.2355593187
     ],
     [
      230650.89236277808,
      480470.09468523634
     ]
    ]
   },
   "properties": {
    "osm_id": "1238519296",
    "osm_type": "way",
    "osm_version": "1",
    "osm_timestamp": "2024-01-10T08:42:08Z",
    "highway": "service"
   }
  },
  {
   "type": "Feature",
   "geometry": {
    "type": "LineString",
    "coordinates": [
     [
      230851.32370147476,
      480317.40368508315
     ],
     [
      230779.4802485118,
      480412.7952898927
     ]
    ]
   },
   "properties": {
    "osm_id": "1238519297",
    "osm_type": "way",
    "osm_version": "3",
    "osm_timestamp": "2024-02-22T20:14:52Z",
    "highway": "track"
   }
  },
  {
   "type": "Feature",
   "geometry": {
    "type": "LineString",
    "coordinates": [
     [
      230650.89236277808,
      480470.09468523634
     ],
     [
      230649.90468479507,
      480457.3619239533
     ],
     [
      230647.04267228628,
      480447.97394482954
     ],
     [
      230642.37054833784,
      480438.9456678932
     ],
     [
      230635.52583804485,
      480427.0130307532
     ],
     [
      230633.38425242715,
      480417.982784227
     ],
     [
      230632.3283985894,
      480409.32267990126
     ],
     [
      230634.16187190457,
      480402.48193499434
     ],
     [
      230637.44904945782,
      480395.28020317823
     ],
     [
      230642.5500565993,
      480389.16150096746
     ],
     [
      230658.5298320959,
      480375.87955689314
     ],
     [
      230666.16140274348,
      480369.76999832445
     ],
     [
      230674.90476180596,
      480356.8171057033
     ],
     [
      230676.37555922547,
      480349.25370276987
     ],
     [
      230676.41073068645,
      480339.509945654
     ],
     [
      230673.1818765017,
      480333.0060679368
     ],
     [
      230657.65619273682,
      480316.71393938136
     ],
     [
      230652.60827225933,
      480310.5697359999
     ],
     [
      230647.56818845373,
      480302.25039192045
     ],
     [
      230637.4632266285,
      480292.4811723105
     ],
     [
      230595.52609791036,
      480268.88040787826
     ],
     [
      230578.1783069871,
      480256.1997570375
     ]
    ]
   },
   "properties": {
    "osm_id": "1238519298",
    "osm_type": "way",
    "osm_version": "3",
    "osm_timestamp": "2024-02-22T20:14:52Z",
    "highway": "service"
   }
  },
  {
   "type": "Feature",
   "geometry": {
    "type": "LineString",
    "coordinates": [
     [
      230676.8039410986,
      480230.57519478723
     ],
     [
      230646.95309670232,
      480272.6724928161
     ],
     [
      230637.4632266285,
      480292.4811723105
     ],
     [
      230608.77152683734,
      480312.20958485804
     ],
     [
      230603.69499486833,
      480314.0002465738
     ],
     [
      230597.89432530658,
      480313.97936004854
     ],
     [
      230590.6553641817,
      480312.51058410003
     ],
     [
      230566.78508317383,
      480302.3256838222
     ],
     [
      230548.68709224946,
      480297.5662342283
     ],
     [
      230523.71278776904,
      480292.07186340145
     ],
     [
      230521.50887276165,
      480300.3540158969
     ],
     [
      230520.75213676624,
      480310.0951799294
     ],
     [
      230521.42983856384,
      480322.3606997508
     ],
     [
      230524.3062635522,
      480327.78676456056
     ],
     [
      230528.6377075817,
      480332.4856012432
     ],
     [
      230538.3940666658,
      480340.1004623071
     ],
     [
      230543.07022507486,
      480348.0522054113
     ],
     [
      230547.03486267995,
      480355.63516578695
     ],
     [
      230547.7358581916,
      480361.4085500336
     ],
     [
      230545.8661077322,
      480378.3592931214
     ],
     [
      230545.84668196828,
      480383.7638600671
     ],
     [
      230547.26941155392,
      480389.53983871994
     ],
     [
      230551.59817791005,
      480394.97113428864
     ],
     [
      230572.1731564797,
      480417.04100093007
     ],
     [
      230582.14934487172,
      480427.9083660679
     ],
     [
      230602.1195453382,
      480449.62100132444
     ],
     [
      230607.16090299323,
      480457.5740973151
     ],
     [
      230620.4814949277,
      480482.4146117675
     ]
    ]
   },
   "properties": {
    "osm_id": "1238519299",
    "osm_type": "way",
    "osm_version": "3",
    "osm_timestamp": "2024-02-22T20:14:52Z",
    "highway": "service"
   }
  },
  {
   "type": "Feature",
   "geometry": {
    "type": "LineString",
    "coordinates": [
     [
      230610.3045699932,
      480490.2019107888
     ],
     [
      230630.51468579168,
      480512.03755721945
     ],
     [
      230637.36606668695,
      480519.6309687787
     ],
     [
      230646.06368632492,
      480519.30720011116
     ],
     [
      230656.93931512738,
      480517.90371094254
     ],
     [
      230670.58863757827,
      480518.2526037603
     ]
    ]
   },
   "properties": {
    "osm_id": "1238519301",
    "osm_type": "way",
    "osm_version": "1",
    "osm_timestamp": "2024-01-10T08:42:08Z",
    "highway": "service"
   }
  },
  {
   "type": "Feature",
   "geometry": {
    "type": "LineString",
    "coordinates": [
     [
      230582.14934487172,
      480427.9083660679
     ],
     [
      230572.49076920684,
      480430.30403585534
     ],
     [
      230566.68499002233,
      480431.7258677819
     ],
     [
      230562.69172014442,
      480434.59693823673
     ],
     [
      230560.86864751417,
      480438.5634008046
     ],
     [
      230558.51556213835,
      480488.3286542817
     ],
     [
      230561.02143897,
      480495.18501985865
     ],
     [
      230569.67208477925,
      480505.44832329353
     ]
    ]
   },
   "properties": {
    "osm_id": "1238519302",
    "osm_type": "way",
    "osm_version": "3",
    "osm_timestamp": "2024-02-22T20:14:52Z",
    "highway": "service"
   }
  },
  {
   "type": "Feature",
   "geometry": {
    "type": "LineString",
    "coordinates": [
     [
      230526.27840213862,
      480488.21279254917
     ],
     [
      230515.31986986587,
      480512.69961362565
     ],
     [
      230506.8982070907,
      480537.91691413644
     ],
     [
      230504.30574825854,
      480552.6899027276
     ],
     [
      230500.64939211728,
      480563.497152229
     ],
     [
      230487.5027073081,
      480591.9491761494
     ],
     [
      230484.9424975561,
      480600.230062516
     ],
     [
      230483.83603806986,
      480605.64182928513
     ],
     [
      230483.8127488649,
      480612.1339703371
     ],
     [
      230482.33584295068,
      480618.97602725803
     ],
     [
      230478.30646775666,
      480631.9460237651
     ],
     [
      230477.55629353397,
      480639.8782746155
     ],
     [
      230478.60463673956,
      480648.18320427975
     ],
     [
      230481.10001280005,
      480660.4552465873
     ],
     [
      230482.5342350603,
      480665.5098997382
     ],
     [
      230481.06120022573,
      480671.2754825982
     ],
     [
      230477.42820755744,
      480675.590601811
     ],
     [
      230454.21458875827,
      480683.80854498653
     ],
     [
      230435.70036841588,
      480693.47500075167
     ],
     [
      230424.8326020344,
      480695.24502706114
     ],
     [
      230414.68542538356,
      480694.84247358
     ],
     [
      230400.20936157432,
      480691.5501088763
     ],
     [
      230394.7807310164,
      480689.7217447491
     ],
     [
      230388.62002933025,
      480690.7872970751
     ],
     [
      230378.4559678882,
      480697.598309478
     ],
     [
      230372.65040448794,
      480699.0202731813
     ],
     [
      230367.5844652207,
      480697.92567890696
     ],
     [
      230363.25316161776,
      480693.2158234104
     ],
     [
      230359.28712372875,
      480688.51837300963
     ],
     [
      230353.86878956872,
      480683.8046388659
     ],
     [
      230348.0837042807,
      480681.98612927843
     ],
     [
      230340.83602159494,
      480683.03673643403
     ],
     [
      230332.12309531675,
      480687.70000844705
     ],
     [
      230307.78408155343,
      480706.72360880603
     ],
     [
      230299.7928334579,
      480713.90869271377
     ],
     [
      230240.51663325497,
      480778.26464584196
     ],
     [
      230230.71175839868,
      480784.3557536991
     ],
     [
      230210.39947889527,
      480793.66117011197
     ],
     [
      230203.13904990384,
      480798.3297375816
     ],
     [
      230195.86206823896,
      480805.1512293512
     ],
     [
      230182.0475417119,
      480821.3382585879
     ],
     [
      230175.12565405527,
      480831.0464623979
     ],
     [
      230154.3484067102,
      480868.48333358986
     ],
     [
      230147.0727163928,
      480877.4800442008
     ],
     [
      230108.86805625245,
      480924.9542284374
     ],
     [
      230101.96928119354,
      480930.7006517496
     ],
     [
      230077.29552416384,
      480941.4336497606
     ],
     [
      230066.7667140944,
      480948.24374103354
     ],
     [
      230058.40549405216,
      480956.87045780895
     ],
     [
      230049.67773681544,
      480965.85101669934
     ],
     [
      230014.7642367231,
      481005.04718964273
     ],
     [
      230006.04548451438,
      481014.0278248857
     ],
     [
      229996.96269299116,
      481020.13284825534
     ],
     [
      229965.83053626737,
      481045.80323067534
     ]
    ]
   },
   "properties": {
    "osm_id": "1238519303",
    "osm_type": "way",
    "osm_version": "3",
    "osm_timestamp": "2024-02-22T20:14:52Z",
    "highway": "service"
   }
  },
  {
   "type": "Feature",
   "geometry": {
    "type": "LineString",
    "coordinates": [
     [
      230515.31986986587,
      480512.69961362565
     ],
     [
      230545.33877215852,
      480525.0705511854
     ],
     [
      230550.39441984534,
      480529.05064636294
     ],
     [
      230550.74286050614,
      480533.746276623
     ],
     [
      230548.19422115583,
      480538.78662228835
     ],
     [
      230544.19209726487,
      480541.6576695149
     ],
     [
      230537.3056775235,
      480543.79699511395
     ],
     [
      230529.69640316712,
      480543.76965452556
     ],
     [
      230506.8982070907,
      480537.91691413644
     ]
    ]
   },
   "properties": {
    "osm_id": "1238519304",
    "osm_type": "way",
    "osm_version": "1",
    "osm_timestamp": "2024-01-10T08:42:08Z",
    "highway": "service"
   }
  },
  {
   "type": "Feature",
   "geometry": {
    "type": "LineString",
    "coordinates": [
     [
      229425.7455299494,
      479950.6486895889
     ],
     [
      229435.58924429066,
      479933.4478986368
     ],
     [
      229444.78656744957,
      479920.2178904543
     ],
     [
      229451.4630107989,
      479914.4479729093
     ],
     [
      229458.55257907225,
      479910.3219660372
     ],
     [
      229464.80910089542,
      479907.44712800876
     ],
     [
      229472.29561135572,
      479907.0624654916
     ],
     [
      229484.76388347594,
      479911.65580396063
     ],
     [
      229493.49676530855,
      479914.1720084201
     ],
     [
      229504.31302552499,
      479914.6312635786
     ],
     [
      229515.1393813315,
      479912.182945092
     ],
     [
      229525.14135523306,
      479908.4888235391
     ],
     [
      229557.66686757636,
      479890.3681902065
     ],
     [
      229568.5177850614,
      479880.8729243784
     ],
     [
      229581.8853955197,
      479865.17166518135
     ],
     [
      229593.5782830409,
      479854.44750616205
     ],
     [
      229689.87501520565,
      479804.6434807147
     ],
     [
      229702.7751673351,
      479805.50978693273
     ],
     [
      229712.35419133163,
      479803.0573594879
     ],
     [
      229717.36912995423,
      479798.5247946171
     ],
     [
      229720.72045864843,
      479790.657076735
     ],
     [
      229720.34384833183,
      479781.13385082234
     ],
     [
      229714.2566397066,
      479735.5228247879
     ],
     [
      229714.73481292176,
      479718.5448699158
     ],
     [
      229721.02033014875,
      479704.89436166285
     ],
     [
      229746.5369494068,
      479668.09454880754
     ],
     [
      229755.72630074178,
      479657.36185082153
     ],
     [
      229759.9211505401,
      479647.8435306506
     ],
     [
      229762.88007353793,
      479635.0026446553
     ],
     [
      229761.2528621731,
      479623.81037103967
     ],
     [
      229760.4545892811,
      479615.1069058582
     ],
     [
      229760.49666728132,
      479603.08814265276
     ],
     [
      229763.4425110746,
      479593.98716815637
     ],
     [
      229767.6257800704,
      479587.7870519849
     ],
     [
      229771.80178687983,
      479583.6621997914
     ]
    ]
   },
   "properties": {
    "osm_id": "1238519307",
    "osm_type": "way",
    "osm_version": "1",
    "osm_timestamp": "2024-01-10T08:42:08Z",
    "highway": "track",
    "name": "왕피천로"
   }
  }
 ]
}
